Running: gcovr -r /home/felipe/zephyrproject/zephyr-course/app/modules/ring_buf --gcov-ignore-parse-errors=negative_hits.warn_once_per_file --gcov-executable gcov -e tests/* --gcov-object-directory /home/felipe/zephyrproject/zephyr-course/twister-out --gcov-ignore-parse-errors=suspicious_hits.warn_once_per_file -e .*generated.* -e .*/tests/.* -e .*/samples/.* --exclude-branches-by-pattern (^\s*LOG_(?:HEXDUMP_)?(?:DBG|INF|WRN|ERR)\(.*)|(^\s*__ASSERT(?:_EVAL|_NO_MSG|_POST_ACTION)?\(.*) -v --merge-mode-functions=separate --json -o /home/felipe/zephyrproject/zephyr-course/twister-out/coverage.json /home/felipe/zephyrproject/zephyr-course/twister-out
(DEBUG) gcovr version 8.6
(DEBUG) File system is case sensitive.
(DEBUG) Filters for --filter: (1)
(DEBUG)  - DirectoryPrefixFilter(/home/felipe/zephyrproject/zephyr\-course/app/modules/ring_buf/)
(DEBUG) Filters for --exclude: (4)
(DEBUG)  - RelativeFilter(tests/* root=/home/felipe/zephyrproject/zephyr-course)
(DEBUG)  - RelativeFilter(.*generated.* root=/home/felipe/zephyrproject/zephyr-course)
(DEBUG)  - RelativeFilter(.*/tests/.* root=/home/felipe/zephyrproject/zephyr-course)
(DEBUG)  - RelativeFilter(.*/samples/.* root=/home/felipe/zephyrproject/zephyr-course)
(DEBUG) Filters for --include: (0)
(DEBUG) Filters for --gcov-filter: (1)
(DEBUG)  - AlwaysMatchFilter()
(DEBUG) Filters for --gcov-exclude: (0)
(DEBUG) Filters for --exclude-directory: (0)
(DEBUG) Filters for --trace-include: (0)
(DEBUG) Filters for --trace-exclude: (0)
(DEBUG) Patterns for --exclude-function: (0)
(DEBUG) Patterns for --exclude-lines-by-pattern: (0)
(DEBUG) Patterns for --exclude-branches-by-pattern: (1)
(DEBUG)  - re.compile('(^\\s*LOG_(?:HEXDUMP_)?(?:DBG|INF|WRN|ERR)\\(.*)|(^\\s*__ASSERT(?:_EVAL|_NO_MSG|_POST_ACTION)?\\(.*)')
(INFO) Reading coverage data...
(DEBUG) Scanning directory twister-out for gcda/gcno files...
(DEBUG) Found 188 files (and will process 106)
(DEBUG) Using 1 workers.
(DEBUG) Pool started with 1 threads
(DEBUG) Check if /home/felipe/zephyrproject/zephyr-course/twister-out/native_sim_native/host_gnu/zephyr-course/tests/ring_buf/homework.unit.ring_buf/CMakeFiles/app.dir/home/felipe/zephyrproject/zephyr-course/app/modules/ring_buf/src/ring_buf.c.gcda is included (trace)...
(DEBUG)   No filter matched.
(DEBUG) --> File is excluded.
(DEBUG) GCOV capabilities: Unsupported JSON format detected.
(DEBUG) GCOV capabilities: Demangled names available.
(DEBUG) GCOV capabilities: Hashing of filenames available.
(DEBUG) Check if /home/felipe/zephyrproject/zephyr-course/twister-out/native_sim_native/host_gnu/zephyr-course/tests/ring_buf/homework.unit.ring_buf/CMakeFiles/app.dir/home/felipe/zephyrproject/zephyr-course/app/modules/ring_buf/src/ring_buf.c.gcda is included (trace)...
(DEBUG) --> File is excluded.
(DEBUG) Check if ring_buf.c##7e92921be96f2c79a0365712591afdb8.gcov is included (gcov file)...
(DEBUG)   Filter AlwaysMatchFilter() matched.
(DEBUG) --> File is included.
(DEBUG) Check if log_msg.h##8e71b5010d1ef358ceb2fe0042f1ff82.gcov is included (gcov file)...
(DEBUG)   Filter AlwaysMatchFilter() matched.
(DEBUG) --> File is included.
(DEBUG) Check if /home/felipe/zephyrproject/zephyr-course/twister-out/log_msg.h##8e71b5010d1ef358ceb2fe0042f1ff82.gcov is included (trace)...
(DEBUG)   No filter matched.
(DEBUG) --> File is excluded.
(DEBUG) Finding source file corresponding to a gcov data file
  gcov_fname   /home/felipe/zephyrproject/zephyr-course/twister-out/log_msg.h##8e71b5010d1ef358ceb2fe0042f1ff82.gcov
  current_dir  /home/felipe/zephyrproject/zephyr-course/twister-out
  root         /home/felipe/zephyrproject/zephyr-course/app/modules/ring_buf
  starting_dir /home/felipe/zephyrproject/zephyr-course
  obj_dir      /home/felipe/zephyrproject/zephyr-course/twister-out
  gcda_fname   native_sim_native/host_gnu/zephyr-course/tests/ring_buf/homework.unit.ring_buf/CMakeFiles/app.dir/home/felipe/zephyrproject/zephyr-course/app/modules/ring_buf/src/ring_buf.c.gcda
  --> fname    /home/felipe/zephyrproject/zephyr/include/zephyr/logging/log_msg.h
(DEBUG) Check if /home/felipe/zephyrproject/zephyr/include/zephyr/logging/log_msg.h is included (source file)...
(DEBUG)   No filter matched.
(DEBUG) --> File is excluded.
(DEBUG) Check if /home/felipe/zephyrproject/zephyr-course/twister-out/ring_buf.c##7e92921be96f2c79a0365712591afdb8.gcov is included (trace)...
(DEBUG)   No filter matched.
(DEBUG) --> File is excluded.
(DEBUG) Finding source file corresponding to a gcov data file
  gcov_fname   /home/felipe/zephyrproject/zephyr-course/twister-out/ring_buf.c##7e92921be96f2c79a0365712591afdb8.gcov
  current_dir  /home/felipe/zephyrproject/zephyr-course/twister-out
  root         /home/felipe/zephyrproject/zephyr-course/app/modules/ring_buf
  starting_dir /home/felipe/zephyrproject/zephyr-course
  obj_dir      /home/felipe/zephyrproject/zephyr-course/twister-out
  gcda_fname   native_sim_native/host_gnu/zephyr-course/tests/ring_buf/homework.unit.ring_buf/CMakeFiles/app.dir/home/felipe/zephyrproject/zephyr-course/app/modules/ring_buf/src/ring_buf.c.gcda
  --> fname    /home/felipe/zephyrproject/zephyr-course/app/modules/ring_buf/src/ring_buf.c
(DEBUG) Check if /home/felipe/zephyrproject/zephyr-course/app/modules/ring_buf/src/ring_buf.c is included (source file)...
(DEBUG)   Filter DirectoryPrefixFilter(/home/felipe/zephyrproject/zephyr\-course/app/modules/ring_buf/) matched for path /home/felipe/zephyrproject/zephyr-course/app/modules/ring_buf/src/ring_buf.c.
(DEBUG) Check for exclusion...
(DEBUG)   No filter matched.
(DEBUG) --> File is included.
(DEBUG) Check if /home/felipe/zephyrproject/zephyr-course/twister-out/native_sim_native/host_gnu/zephyr-course/tests/ring_buf/homework.unit.ring_buf/CMakeFiles/app.dir/src/test_ring_buf.c.gcda is included (trace)...
(DEBUG)   No filter matched.
(DEBUG) --> File is excluded.
(DEBUG) Check if /home/felipe/zephyrproject/zephyr-course/twister-out/native_sim_native/host_gnu/zephyr-course/tests/ring_buf/homework.unit.ring_buf/CMakeFiles/app.dir/src/test_ring_buf.c.gcda is included (trace)...
(DEBUG) --> File is excluded.
(DEBUG) Check if test_ring_buf.c##52938c3597c1e6c7d5572aafc41d4f75.gcov is included (gcov file)...
(DEBUG)   Filter AlwaysMatchFilter() matched.
(DEBUG) --> File is included.
(DEBUG) Check if ztest_assert.h##f9eab3cd2c932e23acfa155a9f96fda0.gcov is included (gcov file)...
(DEBUG)   Filter AlwaysMatchFilter() matched.
(DEBUG) --> File is included.
(DEBUG) Check if /home/felipe/zephyrproject/zephyr-course/twister-out/ztest_assert.h##f9eab3cd2c932e23acfa155a9f96fda0.gcov is included (trace)...
(DEBUG)   No filter matched.
(DEBUG) --> File is excluded.
(DEBUG) Finding source file corresponding to a gcov data file
  gcov_fname   /home/felipe/zephyrproject/zephyr-course/twister-out/ztest_assert.h##f9eab3cd2c932e23acfa155a9f96fda0.gcov
  current_dir  /home/felipe/zephyrproject/zephyr-course/twister-out
  root         /home/felipe/zephyrproject/zephyr-course/app/modules/ring_buf
  starting_dir /home/felipe/zephyrproject/zephyr-course
  obj_dir      /home/felipe/zephyrproject/zephyr-course/twister-out
  gcda_fname   native_sim_native/host_gnu/zephyr-course/tests/ring_buf/homework.unit.ring_buf/CMakeFiles/app.dir/src/test_ring_buf.c.gcda
  --> fname    /home/felipe/zephyrproject/zephyr/subsys/testsuite/ztest/include/zephyr/ztest_assert.h
(DEBUG) Check if /home/felipe/zephyrproject/zephyr/subsys/testsuite/ztest/include/zephyr/ztest_assert.h is included (source file)...
(DEBUG)   No filter matched.
(DEBUG) --> File is excluded.
(DEBUG) Check if /home/felipe/zephyrproject/zephyr-course/twister-out/test_ring_buf.c##52938c3597c1e6c7d5572aafc41d4f75.gcov is included (trace)...
(DEBUG)   No filter matched.
(DEBUG) --> File is excluded.
(DEBUG) Finding source file corresponding to a gcov data file
  gcov_fname   /home/felipe/zephyrproject/zephyr-course/twister-out/test_ring_buf.c##52938c3597c1e6c7d5572aafc41d4f75.gcov
  current_dir  /home/felipe/zephyrproject/zephyr-course/twister-out
  root         /home/felipe/zephyrproject/zephyr-course/app/modules/ring_buf
  starting_dir /home/felipe/zephyrproject/zephyr-course
  obj_dir      /home/felipe/zephyrproject/zephyr-course/twister-out
  gcda_fname   native_sim_native/host_gnu/zephyr-course/tests/ring_buf/homework.unit.ring_buf/CMakeFiles/app.dir/src/test_ring_buf.c.gcda
  --> fname    /home/felipe/zephyrproject/zephyr-course/tests/ring_buf/src/test_ring_buf.c
(DEBUG) Check if /home/felipe/zephyrproject/zephyr-course/tests/ring_buf/src/test_ring_buf.c is included (source file)...
(DEBUG)   No filter matched.
(DEBUG) --> File is excluded.
(DEBUG) Check if /home/felipe/zephyrproject/zephyr-course/twister-out/native_sim_native/host_gnu/zephyr-course/tests/ring_buf/homework.unit.ring_buf/zephyr/CMakeFiles/offsets.dir/arch/posix/core/offsets/offsets.c.gcda is included (trace)...
(DEBUG)   No filter matched.
(DEBUG) --> File is excluded.
(DEBUG) Check if /home/felipe/zephyrproject/zephyr-course/twister-out/native_sim_native/host_gnu/zephyr-course/tests/ring_buf/homework.unit.ring_buf/zephyr/CMakeFiles/offsets.dir/arch/posix/core/offsets/offsets.c.gcda is included (trace)...
(DEBUG) --> File is excluded.
(DEBUG) Check if kernel_offsets.h##cb720198d5c70a1ddca140efdaf6c50b.gcov is included (gcov file)...
(DEBUG)   Filter AlwaysMatchFilter() matched.
(DEBUG) --> File is included.
(DEBUG) Check if offsets.c##ae76d6b20dc9621efbba8e59a3f2951a.gcov is included (gcov file)...
(DEBUG)   Filter AlwaysMatchFilter() matched.
(DEBUG) --> File is included.
(DEBUG) Check if /home/felipe/zephyrproject/zephyr-course/twister-out/offsets.c##ae76d6b20dc9621efbba8e59a3f2951a.gcov is included (trace)...
(DEBUG)   No filter matched.
(DEBUG) --> File is excluded.
(DEBUG) Finding source file corresponding to a gcov data file
  gcov_fname   /home/felipe/zephyrproject/zephyr-course/twister-out/offsets.c##ae76d6b20dc9621efbba8e59a3f2951a.gcov
  current_dir  /home/felipe/zephyrproject/zephyr-course/twister-out
  root         /home/felipe/zephyrproject/zephyr-course/app/modules/ring_buf
  starting_dir /home/felipe/zephyrproject/zephyr-course
  obj_dir      /home/felipe/zephyrproject/zephyr-course/twister-out
  gcda_fname   native_sim_native/host_gnu/zephyr-course/tests/ring_buf/homework.unit.ring_buf/zephyr/CMakeFiles/offsets.dir/arch/posix/core/offsets/offsets.c.gcda
  --> fname    /home/felipe/zephyrproject/zephyr/arch/posix/core/offsets/offsets.c
(DEBUG) Check if /home/felipe/zephyrproject/zephyr/arch/posix/core/offsets/offsets.c is included (source file)...
(DEBUG)   No filter matched.
(DEBUG) --> File is excluded.
(DEBUG) Check if /home/felipe/zephyrproject/zephyr-course/twister-out/kernel_offsets.h##cb720198d5c70a1ddca140efdaf6c50b.gcov is included (trace)...
(DEBUG)   No filter matched.
(DEBUG) --> File is excluded.
(DEBUG) Finding source file corresponding to a gcov data file
  gcov_fname   /home/felipe/zephyrproject/zephyr-course/twister-out/kernel_offsets.h##cb720198d5c70a1ddca140efdaf6c50b.gcov
  current_dir  /home/felipe/zephyrproject/zephyr-course/twister-out
  root         /home/felipe/zephyrproject/zephyr-course/app/modules/ring_buf
  starting_dir /home/felipe/zephyrproject/zephyr-course
  obj_dir      /home/felipe/zephyrproject/zephyr-course/twister-out
  gcda_fname   native_sim_native/host_gnu/zephyr-course/tests/ring_buf/homework.unit.ring_buf/zephyr/CMakeFiles/offsets.dir/arch/posix/core/offsets/offsets.c.gcda
  --> fname    /home/felipe/zephyrproject/zephyr/kernel/include/kernel_offsets.h
(DEBUG) Check if /home/felipe/zephyrproject/zephyr/kernel/include/kernel_offsets.h is included (source file)...
(DEBUG)   No filter matched.
(DEBUG) --> File is excluded.
(DEBUG) Check if /home/felipe/zephyrproject/zephyr-course/twister-out/native_sim_native/host_gnu/zephyr-course/tests/ring_buf/homework.unit.ring_buf/zephyr/CMakeFiles/zephyr.dir/lib/heap/heap.c.gcda is included (trace)...
(DEBUG)   No filter matched.
(DEBUG) --> File is excluded.
(DEBUG) Check if /home/felipe/zephyrproject/zephyr-course/twister-out/native_sim_native/host_gnu/zephyr-course/tests/ring_buf/homework.unit.ring_buf/zephyr/CMakeFiles/zephyr.dir/lib/heap/heap.c.gcda is included (trace)...
(DEBUG) --> File is excluded.
(DEBUG) Check if heap.c##1ceb2c47b4a6dcd84c8852cac1459d1e.gcov is included (gcov file)...
(DEBUG)   Filter AlwaysMatchFilter() matched.
(DEBUG) --> File is included.
(DEBUG) Check if heap.h##2dde6d4dee27218936a2a7ee78c9e226.gcov is included (gcov file)...
(DEBUG)   Filter AlwaysMatchFilter() matched.
(DEBUG) --> File is included.
(DEBUG) Check if log_msg.h##8e71b5010d1ef358ceb2fe0042f1ff82.gcov is included (gcov file)...
(DEBUG) --> File is included.
(DEBUG) Check if /home/felipe/zephyrproject/zephyr-course/twister-out/log_msg.h##8e71b5010d1ef358ceb2fe0042f1ff82.gcov is included (trace)...
(DEBUG) --> File is excluded.
(DEBUG) Finding source file corresponding to a gcov data file
  gcov_fname   /home/felipe/zephyrproject/zephyr-course/twister-out/log_msg.h##8e71b5010d1ef358ceb2fe0042f1ff82.gcov
  current_dir  /home/felipe/zephyrproject/zephyr-course/twister-out
  root         /home/felipe/zephyrproject/zephyr-course/app/modules/ring_buf
  starting_dir /home/felipe/zephyrproject/zephyr-course
  obj_dir      /home/felipe/zephyrproject/zephyr-course/twister-out
  gcda_fname   native_sim_native/host_gnu/zephyr-course/tests/ring_buf/homework.unit.ring_buf/zephyr/CMakeFiles/zephyr.dir/lib/heap/heap.c.gcda
  --> fname    /home/felipe/zephyrproject/zephyr/include/zephyr/logging/log_msg.h
(DEBUG) Check if /home/felipe/zephyrproject/zephyr/include/zephyr/logging/log_msg.h is included (source file)...
(DEBUG) --> File is excluded.
(DEBUG) Check if /home/felipe/zephyrproject/zephyr-course/twister-out/heap.h##2dde6d4dee27218936a2a7ee78c9e226.gcov is included (trace)...
(DEBUG)   No filter matched.
(DEBUG) --> File is excluded.
(DEBUG) Finding source file corresponding to a gcov data file
  gcov_fname   /home/felipe/zephyrproject/zephyr-course/twister-out/heap.h##2dde6d4dee27218936a2a7ee78c9e226.gcov
  current_dir  /home/felipe/zephyrproject/zephyr-course/twister-out
  root         /home/felipe/zephyrproject/zephyr-course/app/modules/ring_buf
  starting_dir /home/felipe/zephyrproject/zephyr-course
  obj_dir      /home/felipe/zephyrproject/zephyr-course/twister-out
  gcda_fname   native_sim_native/host_gnu/zephyr-course/tests/ring_buf/homework.unit.ring_buf/zephyr/CMakeFiles/zephyr.dir/lib/heap/heap.c.gcda
  --> fname    /home/felipe/zephyrproject/zephyr/lib/heap/heap.h
(DEBUG) Check if /home/felipe/zephyrproject/zephyr/lib/heap/heap.h is included (source file)...
(DEBUG)   No filter matched.
(DEBUG) --> File is excluded.
(DEBUG) Check if /home/felipe/zephyrproject/zephyr-course/twister-out/heap.c##1ceb2c47b4a6dcd84c8852cac1459d1e.gcov is included (trace)...
(DEBUG)   No filter matched.
(DEBUG) --> File is excluded.
(DEBUG) Finding source file corresponding to a gcov data file
  gcov_fname   /home/felipe/zephyrproject/zephyr-course/twister-out/heap.c##1ceb2c47b4a6dcd84c8852cac1459d1e.gcov
  current_dir  /home/felipe/zephyrproject/zephyr-course/twister-out
  root         /home/felipe/zephyrproject/zephyr-course/app/modules/ring_buf
  starting_dir /home/felipe/zephyrproject/zephyr-course
  obj_dir      /home/felipe/zephyrproject/zephyr-course/twister-out
  gcda_fname   native_sim_native/host_gnu/zephyr-course/tests/ring_buf/homework.unit.ring_buf/zephyr/CMakeFiles/zephyr.dir/lib/heap/heap.c.gcda
  --> fname    /home/felipe/zephyrproject/zephyr/lib/heap/heap.c
(DEBUG) Check if /home/felipe/zephyrproject/zephyr/lib/heap/heap.c is included (source file)...
(DEBUG)   No filter matched.
(DEBUG) --> File is excluded.
(DEBUG) Check if /home/felipe/zephyrproject/zephyr-course/twister-out/native_sim_native/host_gnu/zephyr-course/tests/ring_buf/homework.unit.ring_buf/zephyr/CMakeFiles/zephyr.dir/lib/libc/validate_libc.c.gcno is included (trace)...
(DEBUG)   No filter matched.
(DEBUG) --> File is excluded.
(DEBUG) Check if /home/felipe/zephyrproject/zephyr-course/twister-out/native_sim_native/host_gnu/zephyr-course/tests/ring_buf/homework.unit.ring_buf/zephyr/CMakeFiles/zephyr.dir/lib/libc/validate_libc.c.gcno is included (trace)...
(DEBUG) --> File is excluded.
(DEBUG) Check if /home/felipe/zephyrproject/zephyr-course/twister-out/native_sim_native/host_gnu/zephyr-course/tests/ring_buf/homework.unit.ring_buf/zephyr/CMakeFiles/zephyr.dir/lib/os/assert.c.gcda is included (trace)...
(DEBUG)   No filter matched.
(DEBUG) --> File is excluded.
(DEBUG) Check if /home/felipe/zephyrproject/zephyr-course/twister-out/native_sim_native/host_gnu/zephyr-course/tests/ring_buf/homework.unit.ring_buf/zephyr/CMakeFiles/zephyr.dir/lib/os/assert.c.gcda is included (trace)...
(DEBUG) --> File is excluded.
(DEBUG) Check if assert.c##35155f7a84a6c96a3e6bb2125ff38302.gcov is included (gcov file)...
(DEBUG)   Filter AlwaysMatchFilter() matched.
(DEBUG) --> File is included.
(DEBUG) Check if /home/felipe/zephyrproject/zephyr-course/twister-out/assert.c##35155f7a84a6c96a3e6bb2125ff38302.gcov is included (trace)...
(DEBUG)   No filter matched.
(DEBUG) --> File is excluded.
(DEBUG) Finding source file corresponding to a gcov data file
  gcov_fname   /home/felipe/zephyrproject/zephyr-course/twister-out/assert.c##35155f7a84a6c96a3e6bb2125ff38302.gcov
  current_dir  /home/felipe/zephyrproject/zephyr-course/twister-out
  root         /home/felipe/zephyrproject/zephyr-course/app/modules/ring_buf
  starting_dir /home/felipe/zephyrproject/zephyr-course
  obj_dir      /home/felipe/zephyrproject/zephyr-course/twister-out
  gcda_fname   native_sim_native/host_gnu/zephyr-course/tests/ring_buf/homework.unit.ring_buf/zephyr/CMakeFiles/zephyr.dir/lib/os/assert.c.gcda
  --> fname    /home/felipe/zephyrproject/zephyr/lib/os/assert.c
(DEBUG) Check if /home/felipe/zephyrproject/zephyr/lib/os/assert.c is included (source file)...
(DEBUG)   No filter matched.
(DEBUG) --> File is excluded.
(DEBUG) Check if /home/felipe/zephyrproject/zephyr-course/twister-out/native_sim_native/host_gnu/zephyr-course/tests/ring_buf/homework.unit.ring_buf/zephyr/CMakeFiles/zephyr.dir/lib/os/cbprintf.c.gcda is included (trace)...
(DEBUG)   No filter matched.
(DEBUG) --> File is excluded.
(DEBUG) Check if /home/felipe/zephyrproject/zephyr-course/twister-out/native_sim_native/host_gnu/zephyr-course/tests/ring_buf/homework.unit.ring_buf/zephyr/CMakeFiles/zephyr.dir/lib/os/cbprintf.c.gcda is included (trace)...
(DEBUG) --> File is excluded.
(DEBUG) Check if cbprintf.c##c51d489be18363464c34738f3e2f62a3.gcov is included (gcov file)...
(DEBUG)   Filter AlwaysMatchFilter() matched.
(DEBUG) --> File is included.
(DEBUG) Check if cbprintf.h##b2e151616223f33dd5fe1cc0fe535743.gcov is included (gcov file)...
(DEBUG)   Filter AlwaysMatchFilter() matched.
(DEBUG) --> File is included.
(DEBUG) Check if /home/felipe/zephyrproject/zephyr-course/twister-out/cbprintf.c##c51d489be18363464c34738f3e2f62a3.gcov is included (trace)...
(DEBUG)   No filter matched.
(DEBUG) --> File is excluded.
(DEBUG) Finding source file corresponding to a gcov data file
  gcov_fname   /home/felipe/zephyrproject/zephyr-course/twister-out/cbprintf.c##c51d489be18363464c34738f3e2f62a3.gcov
  current_dir  /home/felipe/zephyrproject/zephyr-course/twister-out
  root         /home/felipe/zephyrproject/zephyr-course/app/modules/ring_buf
  starting_dir /home/felipe/zephyrproject/zephyr-course
  obj_dir      /home/felipe/zephyrproject/zephyr-course/twister-out
  gcda_fname   native_sim_native/host_gnu/zephyr-course/tests/ring_buf/homework.unit.ring_buf/zephyr/CMakeFiles/zephyr.dir/lib/os/cbprintf.c.gcda
  --> fname    /home/felipe/zephyrproject/zephyr/lib/os/cbprintf.c
(DEBUG) Check if /home/felipe/zephyrproject/zephyr/lib/os/cbprintf.c is included (source file)...
(DEBUG)   No filter matched.
(DEBUG) --> File is excluded.
(DEBUG) Check if /home/felipe/zephyrproject/zephyr-course/twister-out/cbprintf.h##b2e151616223f33dd5fe1cc0fe535743.gcov is included (trace)...
(DEBUG)   No filter matched.
(DEBUG) --> File is excluded.
(DEBUG) Finding source file corresponding to a gcov data file
  gcov_fname   /home/felipe/zephyrproject/zephyr-course/twister-out/cbprintf.h##b2e151616223f33dd5fe1cc0fe535743.gcov
  current_dir  /home/felipe/zephyrproject/zephyr-course/twister-out
  root         /home/felipe/zephyrproject/zephyr-course/app/modules/ring_buf
  starting_dir /home/felipe/zephyrproject/zephyr-course
  obj_dir      /home/felipe/zephyrproject/zephyr-course/twister-out
  gcda_fname   native_sim_native/host_gnu/zephyr-course/tests/ring_buf/homework.unit.ring_buf/zephyr/CMakeFiles/zephyr.dir/lib/os/cbprintf.c.gcda
  --> fname    /home/felipe/zephyrproject/zephyr/include/zephyr/sys/cbprintf.h
(DEBUG) Check if /home/felipe/zephyrproject/zephyr/include/zephyr/sys/cbprintf.h is included (source file)...
(DEBUG)   No filter matched.
(DEBUG) --> File is excluded.
(DEBUG) Check if /home/felipe/zephyrproject/zephyr-course/twister-out/native_sim_native/host_gnu/zephyr-course/tests/ring_buf/homework.unit.ring_buf/zephyr/CMakeFiles/zephyr.dir/lib/os/cbprintf_complete.c.gcda is included (trace)...
(DEBUG)   No filter matched.
(DEBUG) --> File is excluded.
(DEBUG) Check if /home/felipe/zephyrproject/zephyr-course/twister-out/native_sim_native/host_gnu/zephyr-course/tests/ring_buf/homework.unit.ring_buf/zephyr/CMakeFiles/zephyr.dir/lib/os/cbprintf_complete.c.gcda is included (trace)...
(DEBUG) --> File is excluded.
(DEBUG) Check if cbprintf_complete.c##7575cd3e2b4eac938c446c97d87cfc26.gcov is included (gcov file)...
(DEBUG)   Filter AlwaysMatchFilter() matched.
(DEBUG) --> File is included.
(DEBUG) Check if /home/felipe/zephyrproject/zephyr-course/twister-out/cbprintf_complete.c##7575cd3e2b4eac938c446c97d87cfc26.gcov is included (trace)...
(DEBUG)   No filter matched.
(DEBUG) --> File is excluded.
(DEBUG) Finding source file corresponding to a gcov data file
  gcov_fname   /home/felipe/zephyrproject/zephyr-course/twister-out/cbprintf_complete.c##7575cd3e2b4eac938c446c97d87cfc26.gcov
  current_dir  /home/felipe/zephyrproject/zephyr-course/twister-out
  root         /home/felipe/zephyrproject/zephyr-course/app/modules/ring_buf
  starting_dir /home/felipe/zephyrproject/zephyr-course
  obj_dir      /home/felipe/zephyrproject/zephyr-course/twister-out
  gcda_fname   native_sim_native/host_gnu/zephyr-course/tests/ring_buf/homework.unit.ring_buf/zephyr/CMakeFiles/zephyr.dir/lib/os/cbprintf_complete.c.gcda
  --> fname    /home/felipe/zephyrproject/zephyr/lib/os/cbprintf_complete.c
(DEBUG) Check if /home/felipe/zephyrproject/zephyr/lib/os/cbprintf_complete.c is included (source file)...
(DEBUG)   No filter matched.
(DEBUG) --> File is excluded.
(DEBUG) Check if /home/felipe/zephyrproject/zephyr-course/twister-out/native_sim_native/host_gnu/zephyr-course/tests/ring_buf/homework.unit.ring_buf/zephyr/CMakeFiles/zephyr.dir/lib/os/cbprintf_packaged.c.gcda is included (trace)...
(DEBUG)   No filter matched.
(DEBUG) --> File is excluded.
(DEBUG) Check if /home/felipe/zephyrproject/zephyr-course/twister-out/native_sim_native/host_gnu/zephyr-course/tests/ring_buf/homework.unit.ring_buf/zephyr/CMakeFiles/zephyr.dir/lib/os/cbprintf_packaged.c.gcda is included (trace)...
(DEBUG) --> File is excluded.
(DEBUG) Check if cbprintf_packaged.c##c45367932576b732544dbcc1b2304546.gcov is included (gcov file)...
(DEBUG)   Filter AlwaysMatchFilter() matched.
(DEBUG) --> File is included.
(DEBUG) Check if log_msg.h##8e71b5010d1ef358ceb2fe0042f1ff82.gcov is included (gcov file)...
(DEBUG) --> File is included.
(DEBUG) Check if utils.h##2904f47ec29db8646374eb8172807ae6.gcov is included (gcov file)...
(DEBUG)   Filter AlwaysMatchFilter() matched.
(DEBUG) --> File is included.
(DEBUG) Check if /home/felipe/zephyrproject/zephyr-course/twister-out/log_msg.h##8e71b5010d1ef358ceb2fe0042f1ff82.gcov is included (trace)...
(DEBUG) --> File is excluded.
(DEBUG) Finding source file corresponding to a gcov data file
  gcov_fname   /home/felipe/zephyrproject/zephyr-course/twister-out/log_msg.h##8e71b5010d1ef358ceb2fe0042f1ff82.gcov
  current_dir  /home/felipe/zephyrproject/zephyr-course/twister-out
  root         /home/felipe/zephyrproject/zephyr-course/app/modules/ring_buf
  starting_dir /home/felipe/zephyrproject/zephyr-course
  obj_dir      /home/felipe/zephyrproject/zephyr-course/twister-out
  gcda_fname   native_sim_native/host_gnu/zephyr-course/tests/ring_buf/homework.unit.ring_buf/zephyr/CMakeFiles/zephyr.dir/lib/os/cbprintf_packaged.c.gcda
  --> fname    /home/felipe/zephyrproject/zephyr/include/zephyr/logging/log_msg.h
(DEBUG) Check if /home/felipe/zephyrproject/zephyr/include/zephyr/logging/log_msg.h is included (source file)...
(DEBUG) --> File is excluded.
(DEBUG) Check if /home/felipe/zephyrproject/zephyr-course/twister-out/cbprintf_packaged.c##c45367932576b732544dbcc1b2304546.gcov is included (trace)...
(DEBUG)   No filter matched.
(DEBUG) --> File is excluded.
(DEBUG) Finding source file corresponding to a gcov data file
  gcov_fname   /home/felipe/zephyrproject/zephyr-course/twister-out/cbprintf_packaged.c##c45367932576b732544dbcc1b2304546.gcov
  current_dir  /home/felipe/zephyrproject/zephyr-course/twister-out
  root         /home/felipe/zephyrproject/zephyr-course/app/modules/ring_buf
  starting_dir /home/felipe/zephyrproject/zephyr-course
  obj_dir      /home/felipe/zephyrproject/zephyr-course/twister-out
  gcda_fname   native_sim_native/host_gnu/zephyr-course/tests/ring_buf/homework.unit.ring_buf/zephyr/CMakeFiles/zephyr.dir/lib/os/cbprintf_packaged.c.gcda
  --> fname    /home/felipe/zephyrproject/zephyr/lib/os/cbprintf_packaged.c
(DEBUG) Check if /home/felipe/zephyrproject/zephyr/lib/os/cbprintf_packaged.c is included (source file)...
(DEBUG)   No filter matched.
(DEBUG) --> File is excluded.
(DEBUG) Check if /home/felipe/zephyrproject/zephyr-course/twister-out/utils.h##2904f47ec29db8646374eb8172807ae6.gcov is included (trace)...
(DEBUG)   No filter matched.
(DEBUG) --> File is excluded.
(DEBUG) Finding source file corresponding to a gcov data file
  gcov_fname   /home/felipe/zephyrproject/zephyr-course/twister-out/utils.h##2904f47ec29db8646374eb8172807ae6.gcov
  current_dir  /home/felipe/zephyrproject/zephyr-course/twister-out
  root         /home/felipe/zephyrproject/zephyr-course/app/modules/ring_buf
  starting_dir /home/felipe/zephyrproject/zephyr-course
  obj_dir      /home/felipe/zephyrproject/zephyr-course/twister-out
  gcda_fname   native_sim_native/host_gnu/zephyr-course/tests/ring_buf/homework.unit.ring_buf/zephyr/CMakeFiles/zephyr.dir/lib/os/cbprintf_packaged.c.gcda
  --> fname    /home/felipe/zephyrproject/zephyr/include/zephyr/linker/utils.h
(DEBUG) Check if /home/felipe/zephyrproject/zephyr/include/zephyr/linker/utils.h is included (source file)...
(DEBUG)   No filter matched.
(DEBUG) --> File is excluded.
(DEBUG) Check if /home/felipe/zephyrproject/zephyr-course/twister-out/native_sim_native/host_gnu/zephyr-course/tests/ring_buf/homework.unit.ring_buf/zephyr/CMakeFiles/zephyr.dir/lib/os/clock.c.gcda is included (trace)...
(DEBUG)   No filter matched.
(DEBUG) --> File is excluded.
(DEBUG) Check if /home/felipe/zephyrproject/zephyr-course/twister-out/native_sim_native/host_gnu/zephyr-course/tests/ring_buf/homework.unit.ring_buf/zephyr/CMakeFiles/zephyr.dir/lib/os/clock.c.gcda is included (trace)...
(DEBUG) --> File is excluded.
(DEBUG) Check if clock.c##3f8e1c3c7b80a78264940cdef74e412a.gcov is included (gcov file)...
(DEBUG)   Filter AlwaysMatchFilter() matched.
(DEBUG) --> File is included.
(DEBUG) Check if timeutil.h##c0b0ee5dab2573878eae3609b913394d.gcov is included (gcov file)...
(DEBUG)   Filter AlwaysMatchFilter() matched.
(DEBUG) --> File is included.
(DEBUG) Check if kernel.h##02fe483cd34741e407932cea525697b1.gcov is included (gcov file)...
(DEBUG)   Filter AlwaysMatchFilter() matched.
(DEBUG) --> File is included.
(DEBUG) Check if spinlock.h##d07917f143d2ca5ff94f2d220e528568.gcov is included (gcov file)...
(DEBUG)   Filter AlwaysMatchFilter() matched.
(DEBUG) --> File is included.
(DEBUG) Check if clock.h##69934556f463b8a8f1112d308b0bc5bd.gcov is included (gcov file)...
(DEBUG)   Filter AlwaysMatchFilter() matched.
(DEBUG) --> File is included.
(DEBUG) Check if arch.h##f17e3501b457fcbd947bf4189b99bd89.gcov is included (gcov file)...
(DEBUG)   Filter AlwaysMatchFilter() matched.
(DEBUG) --> File is included.
(DEBUG) Check if /home/felipe/zephyrproject/zephyr-course/twister-out/clock.c##3f8e1c3c7b80a78264940cdef74e412a.gcov is included (trace)...
(DEBUG)   No filter matched.
(DEBUG) --> File is excluded.
(DEBUG) Finding source file corresponding to a gcov data file
  gcov_fname   /home/felipe/zephyrproject/zephyr-course/twister-out/clock.c##3f8e1c3c7b80a78264940cdef74e412a.gcov
  current_dir  /home/felipe/zephyrproject/zephyr-course/twister-out
  root         /home/felipe/zephyrproject/zephyr-course/app/modules/ring_buf
  starting_dir /home/felipe/zephyrproject/zephyr-course
  obj_dir      /home/felipe/zephyrproject/zephyr-course/twister-out
  gcda_fname   native_sim_native/host_gnu/zephyr-course/tests/ring_buf/homework.unit.ring_buf/zephyr/CMakeFiles/zephyr.dir/lib/os/clock.c.gcda
  --> fname    /home/felipe/zephyrproject/zephyr/lib/os/clock.c
(DEBUG) Check if /home/felipe/zephyrproject/zephyr/lib/os/clock.c is included (source file)...
(DEBUG)   No filter matched.
(DEBUG) --> File is excluded.
(DEBUG) Check if /home/felipe/zephyrproject/zephyr-course/twister-out/kernel.h##02fe483cd34741e407932cea525697b1.gcov is included (trace)...
(DEBUG)   No filter matched.
(DEBUG) --> File is excluded.
(DEBUG) Finding source file corresponding to a gcov data file
  gcov_fname   /home/felipe/zephyrproject/zephyr-course/twister-out/kernel.h##02fe483cd34741e407932cea525697b1.gcov
  current_dir  /home/felipe/zephyrproject/zephyr-course/twister-out
  root         /home/felipe/zephyrproject/zephyr-course/app/modules/ring_buf
  starting_dir /home/felipe/zephyrproject/zephyr-course
  obj_dir      /home/felipe/zephyrproject/zephyr-course/twister-out
  gcda_fname   native_sim_native/host_gnu/zephyr-course/tests/ring_buf/homework.unit.ring_buf/zephyr/CMakeFiles/zephyr.dir/lib/os/clock.c.gcda
  --> fname    /home/felipe/zephyrproject/zephyr-course/twister-out/native_sim_native/host_gnu/zephyr-course/tests/ring_buf/homework.unit.ring_buf/zephyr/include/generated/zephyr/syscalls/kernel.h
(DEBUG) Check if /home/felipe/zephyrproject/zephyr-course/twister-out/native_sim_native/host_gnu/zephyr-course/tests/ring_buf/homework.unit.ring_buf/zephyr/include/generated/zephyr/syscalls/kernel.h is included (source file)...
(DEBUG)   No filter matched.
(DEBUG) --> File is excluded.
(DEBUG) Check if /home/felipe/zephyrproject/zephyr-course/twister-out/arch.h##f17e3501b457fcbd947bf4189b99bd89.gcov is included (trace)...
(DEBUG)   No filter matched.
(DEBUG) --> File is excluded.
(DEBUG) Finding source file corresponding to a gcov data file
  gcov_fname   /home/felipe/zephyrproject/zephyr-course/twister-out/arch.h##f17e3501b457fcbd947bf4189b99bd89.gcov
  current_dir  /home/felipe/zephyrproject/zephyr-course/twister-out
  root         /home/felipe/zephyrproject/zephyr-course/app/modules/ring_buf
  starting_dir /home/felipe/zephyrproject/zephyr-course
  obj_dir      /home/felipe/zephyrproject/zephyr-course/twister-out
  gcda_fname   native_sim_native/host_gnu/zephyr-course/tests/ring_buf/homework.unit.ring_buf/zephyr/CMakeFiles/zephyr.dir/lib/os/clock.c.gcda
  --> fname    /home/felipe/zephyrproject/zephyr/include/zephyr/arch/posix/arch.h
(DEBUG) Check if /home/felipe/zephyrproject/zephyr/include/zephyr/arch/posix/arch.h is included (source file)...
(DEBUG)   No filter matched.
(DEBUG) --> File is excluded.
(DEBUG) Check if /home/felipe/zephyrproject/zephyr-course/twister-out/clock.h##69934556f463b8a8f1112d308b0bc5bd.gcov is included (trace)...
(DEBUG)   No filter matched.
(DEBUG) --> File is excluded.
(DEBUG) Finding source file corresponding to a gcov data file
  gcov_fname   /home/felipe/zephyrproject/zephyr-course/twister-out/clock.h##69934556f463b8a8f1112d308b0bc5bd.gcov
  current_dir  /home/felipe/zephyrproject/zephyr-course/twister-out
  root         /home/felipe/zephyrproject/zephyr-course/app/modules/ring_buf
  starting_dir /home/felipe/zephyrproject/zephyr-course
  obj_dir      /home/felipe/zephyrproject/zephyr-course/twister-out
  gcda_fname   native_sim_native/host_gnu/zephyr-course/tests/ring_buf/homework.unit.ring_buf/zephyr/CMakeFiles/zephyr.dir/lib/os/clock.c.gcda
  --> fname    /home/felipe/zephyrproject/zephyr-course/twister-out/native_sim_native/host_gnu/zephyr-course/tests/ring_buf/homework.unit.ring_buf/zephyr/include/generated/zephyr/syscalls/clock.h
(DEBUG) Check if /home/felipe/zephyrproject/zephyr-course/twister-out/native_sim_native/host_gnu/zephyr-course/tests/ring_buf/homework.unit.ring_buf/zephyr/include/generated/zephyr/syscalls/clock.h is included (source file)...
(DEBUG)   No filter matched.
(DEBUG) --> File is excluded.
(DEBUG) Check if /home/felipe/zephyrproject/zephyr-course/twister-out/timeutil.h##c0b0ee5dab2573878eae3609b913394d.gcov is included (trace)...
(DEBUG)   No filter matched.
(DEBUG) --> File is excluded.
(DEBUG) Finding source file corresponding to a gcov data file
  gcov_fname   /home/felipe/zephyrproject/zephyr-course/twister-out/timeutil.h##c0b0ee5dab2573878eae3609b913394d.gcov
  current_dir  /home/felipe/zephyrproject/zephyr-course/twister-out
  root         /home/felipe/zephyrproject/zephyr-course/app/modules/ring_buf
  starting_dir /home/felipe/zephyrproject/zephyr-course
  obj_dir      /home/felipe/zephyrproject/zephyr-course/twister-out
  gcda_fname   native_sim_native/host_gnu/zephyr-course/tests/ring_buf/homework.unit.ring_buf/zephyr/CMakeFiles/zephyr.dir/lib/os/clock.c.gcda
  --> fname    /home/felipe/zephyrproject/zephyr/include/zephyr/sys/timeutil.h
(DEBUG) Check if /home/felipe/zephyrproject/zephyr/include/zephyr/sys/timeutil.h is included (source file)...
(DEBUG)   No filter matched.
(DEBUG) --> File is excluded.
(DEBUG) Check if /home/felipe/zephyrproject/zephyr-course/twister-out/spinlock.h##d07917f143d2ca5ff94f2d220e528568.gcov is included (trace)...
(DEBUG)   No filter matched.
(DEBUG) --> File is excluded.
(DEBUG) Finding source file corresponding to a gcov data file
  gcov_fname   /home/felipe/zephyrproject/zephyr-course/twister-out/spinlock.h##d07917f143d2ca5ff94f2d220e528568.gcov
  current_dir  /home/felipe/zephyrproject/zephyr-course/twister-out
  root         /home/felipe/zephyrproject/zephyr-course/app/modules/ring_buf
  starting_dir /home/felipe/zephyrproject/zephyr-course
  obj_dir      /home/felipe/zephyrproject/zephyr-course/twister-out
  gcda_fname   native_sim_native/host_gnu/zephyr-course/tests/ring_buf/homework.unit.ring_buf/zephyr/CMakeFiles/zephyr.dir/lib/os/clock.c.gcda
  --> fname    /home/felipe/zephyrproject/zephyr/include/zephyr/spinlock.h
(DEBUG) Check if /home/felipe/zephyrproject/zephyr/include/zephyr/spinlock.h is included (source file)...
(DEBUG)   No filter matched.
(DEBUG) --> File is excluded.
(DEBUG) Check if /home/felipe/zephyrproject/zephyr-course/twister-out/native_sim_native/host_gnu/zephyr-course/tests/ring_buf/homework.unit.ring_buf/zephyr/CMakeFiles/zephyr.dir/lib/os/printk.c.gcda is included (trace)...
(DEBUG)   No filter matched.
(DEBUG) --> File is excluded.
(DEBUG) Check if /home/felipe/zephyrproject/zephyr-course/twister-out/native_sim_native/host_gnu/zephyr-course/tests/ring_buf/homework.unit.ring_buf/zephyr/CMakeFiles/zephyr.dir/lib/os/printk.c.gcda is included (trace)...
(DEBUG) --> File is excluded.
(DEBUG) Check if printk.c##6e454d3758ee52c147fc594731246431.gcov is included (gcov file)...
(DEBUG)   Filter AlwaysMatchFilter() matched.
(DEBUG) --> File is included.
(DEBUG) Check if cbprintf.h##b2e151616223f33dd5fe1cc0fe535743.gcov is included (gcov file)...
(DEBUG) --> File is included.
(DEBUG) Check if kernel.h##02fe483cd34741e407932cea525697b1.gcov is included (gcov file)...
(DEBUG) --> File is included.
(DEBUG) Check if /home/felipe/zephyrproject/zephyr-course/twister-out/cbprintf.h##b2e151616223f33dd5fe1cc0fe535743.gcov is included (trace)...
(DEBUG) --> File is excluded.
(DEBUG) Finding source file corresponding to a gcov data file
  gcov_fname   /home/felipe/zephyrproject/zephyr-course/twister-out/cbprintf.h##b2e151616223f33dd5fe1cc0fe535743.gcov
  current_dir  /home/felipe/zephyrproject/zephyr-course/twister-out
  root         /home/felipe/zephyrproject/zephyr-course/app/modules/ring_buf
  starting_dir /home/felipe/zephyrproject/zephyr-course
  obj_dir      /home/felipe/zephyrproject/zephyr-course/twister-out
  gcda_fname   native_sim_native/host_gnu/zephyr-course/tests/ring_buf/homework.unit.ring_buf/zephyr/CMakeFiles/zephyr.dir/lib/os/printk.c.gcda
  --> fname    /home/felipe/zephyrproject/zephyr/include/zephyr/sys/cbprintf.h
(DEBUG) Check if /home/felipe/zephyrproject/zephyr/include/zephyr/sys/cbprintf.h is included (source file)...
(DEBUG) --> File is excluded.
(DEBUG) Check if /home/felipe/zephyrproject/zephyr-course/twister-out/kernel.h##02fe483cd34741e407932cea525697b1.gcov is included (trace)...
(DEBUG) --> File is excluded.
(DEBUG) Finding source file corresponding to a gcov data file
  gcov_fname   /home/felipe/zephyrproject/zephyr-course/twister-out/kernel.h##02fe483cd34741e407932cea525697b1.gcov
  current_dir  /home/felipe/zephyrproject/zephyr-course/twister-out
  root         /home/felipe/zephyrproject/zephyr-course/app/modules/ring_buf
  starting_dir /home/felipe/zephyrproject/zephyr-course
  obj_dir      /home/felipe/zephyrproject/zephyr-course/twister-out
  gcda_fname   native_sim_native/host_gnu/zephyr-course/tests/ring_buf/homework.unit.ring_buf/zephyr/CMakeFiles/zephyr.dir/lib/os/printk.c.gcda
  --> fname    /home/felipe/zephyrproject/zephyr-course/twister-out/native_sim_native/host_gnu/zephyr-course/tests/ring_buf/homework.unit.ring_buf/zephyr/include/generated/zephyr/syscalls/kernel.h
(DEBUG) Check if /home/felipe/zephyrproject/zephyr-course/twister-out/native_sim_native/host_gnu/zephyr-course/tests/ring_buf/homework.unit.ring_buf/zephyr/include/generated/zephyr/syscalls/kernel.h is included (source file)...
(DEBUG) --> File is excluded.
(DEBUG) Check if /home/felipe/zephyrproject/zephyr-course/twister-out/printk.c##6e454d3758ee52c147fc594731246431.gcov is included (trace)...
(DEBUG)   No filter matched.
(DEBUG) --> File is excluded.
(DEBUG) Finding source file corresponding to a gcov data file
  gcov_fname   /home/felipe/zephyrproject/zephyr-course/twister-out/printk.c##6e454d3758ee52c147fc594731246431.gcov
  current_dir  /home/felipe/zephyrproject/zephyr-course/twister-out
  root         /home/felipe/zephyrproject/zephyr-course/app/modules/ring_buf
  starting_dir /home/felipe/zephyrproject/zephyr-course
  obj_dir      /home/felipe/zephyrproject/zephyr-course/twister-out
  gcda_fname   native_sim_native/host_gnu/zephyr-course/tests/ring_buf/homework.unit.ring_buf/zephyr/CMakeFiles/zephyr.dir/lib/os/printk.c.gcda
  --> fname    /home/felipe/zephyrproject/zephyr/lib/os/printk.c
(DEBUG) Check if /home/felipe/zephyrproject/zephyr/lib/os/printk.c is included (source file)...
(DEBUG)   No filter matched.
(DEBUG) --> File is excluded.
(DEBUG) Check if /home/felipe/zephyrproject/zephyr-course/twister-out/native_sim_native/host_gnu/zephyr-course/tests/ring_buf/homework.unit.ring_buf/zephyr/CMakeFiles/zephyr.dir/lib/os/sem.c.gcda is included (trace)...
(DEBUG)   No filter matched.
(DEBUG) --> File is excluded.
(DEBUG) Check if /home/felipe/zephyrproject/zephyr-course/twister-out/native_sim_native/host_gnu/zephyr-course/tests/ring_buf/homework.unit.ring_buf/zephyr/CMakeFiles/zephyr.dir/lib/os/sem.c.gcda is included (trace)...
(DEBUG) --> File is excluded.
(DEBUG) Check if sem.c##78975b0a66d06b4e2e22af664b42cb95.gcov is included (gcov file)...
(DEBUG)   Filter AlwaysMatchFilter() matched.
(DEBUG) --> File is included.
(DEBUG) Check if kernel.h##02fe483cd34741e407932cea525697b1.gcov is included (gcov file)...
(DEBUG) --> File is included.
(DEBUG) Check if kernel.h##8118239d1ec13e308e040c6439814b34.gcov is included (gcov file)...
(DEBUG)   Filter AlwaysMatchFilter() matched.
(DEBUG) --> File is included.
(DEBUG) Check if /home/felipe/zephyrproject/zephyr-course/twister-out/sem.c##78975b0a66d06b4e2e22af664b42cb95.gcov is included (trace)...
(DEBUG)   No filter matched.
(DEBUG) --> File is excluded.
(DEBUG) Finding source file corresponding to a gcov data file
  gcov_fname   /home/felipe/zephyrproject/zephyr-course/twister-out/sem.c##78975b0a66d06b4e2e22af664b42cb95.gcov
  current_dir  /home/felipe/zephyrproject/zephyr-course/twister-out
  root         /home/felipe/zephyrproject/zephyr-course/app/modules/ring_buf
  starting_dir /home/felipe/zephyrproject/zephyr-course
  obj_dir      /home/felipe/zephyrproject/zephyr-course/twister-out
  gcda_fname   native_sim_native/host_gnu/zephyr-course/tests/ring_buf/homework.unit.ring_buf/zephyr/CMakeFiles/zephyr.dir/lib/os/sem.c.gcda
  --> fname    /home/felipe/zephyrproject/zephyr/lib/os/sem.c
(DEBUG) Check if /home/felipe/zephyrproject/zephyr/lib/os/sem.c is included (source file)...
(DEBUG)   No filter matched.
(DEBUG) --> File is excluded.
(DEBUG) Check if /home/felipe/zephyrproject/zephyr-course/twister-out/kernel.h##02fe483cd34741e407932cea525697b1.gcov is included (trace)...
(DEBUG) --> File is excluded.
(DEBUG) Finding source file corresponding to a gcov data file
  gcov_fname   /home/felipe/zephyrproject/zephyr-course/twister-out/kernel.h##02fe483cd34741e407932cea525697b1.gcov
  current_dir  /home/felipe/zephyrproject/zephyr-course/twister-out
  root         /home/felipe/zephyrproject/zephyr-course/app/modules/ring_buf
  starting_dir /home/felipe/zephyrproject/zephyr-course
  obj_dir      /home/felipe/zephyrproject/zephyr-course/twister-out
  gcda_fname   native_sim_native/host_gnu/zephyr-course/tests/ring_buf/homework.unit.ring_buf/zephyr/CMakeFiles/zephyr.dir/lib/os/sem.c.gcda
  --> fname    /home/felipe/zephyrproject/zephyr-course/twister-out/native_sim_native/host_gnu/zephyr-course/tests/ring_buf/homework.unit.ring_buf/zephyr/include/generated/zephyr/syscalls/kernel.h
(DEBUG) Check if /home/felipe/zephyrproject/zephyr-course/twister-out/native_sim_native/host_gnu/zephyr-course/tests/ring_buf/homework.unit.ring_buf/zephyr/include/generated/zephyr/syscalls/kernel.h is included (source file)...
(DEBUG) --> File is excluded.
(DEBUG) Check if /home/felipe/zephyrproject/zephyr-course/twister-out/kernel.h##8118239d1ec13e308e040c6439814b34.gcov is included (trace)...
(DEBUG)   No filter matched.
(DEBUG) --> File is excluded.
(DEBUG) Finding source file corresponding to a gcov data file
  gcov_fname   /home/felipe/zephyrproject/zephyr-course/twister-out/kernel.h##8118239d1ec13e308e040c6439814b34.gcov
  current_dir  /home/felipe/zephyrproject/zephyr-course/twister-out
  root         /home/felipe/zephyrproject/zephyr-course/app/modules/ring_buf
  starting_dir /home/felipe/zephyrproject/zephyr-course
  obj_dir      /home/felipe/zephyrproject/zephyr-course/twister-out
  gcda_fname   native_sim_native/host_gnu/zephyr-course/tests/ring_buf/homework.unit.ring_buf/zephyr/CMakeFiles/zephyr.dir/lib/os/sem.c.gcda
  --> fname    /home/felipe/zephyrproject/zephyr/include/zephyr/kernel.h
(DEBUG) Check if /home/felipe/zephyrproject/zephyr/include/zephyr/kernel.h is included (source file)...
(DEBUG)   No filter matched.
(DEBUG) --> File is excluded.
(DEBUG) Check if /home/felipe/zephyrproject/zephyr-course/twister-out/native_sim_native/host_gnu/zephyr-course/tests/ring_buf/homework.unit.ring_buf/zephyr/CMakeFiles/zephyr.dir/lib/os/thread_entry.c.gcda is included (trace)...
(DEBUG)   No filter matched.
(DEBUG) --> File is excluded.
(DEBUG) Check if /home/felipe/zephyrproject/zephyr-course/twister-out/native_sim_native/host_gnu/zephyr-course/tests/ring_buf/homework.unit.ring_buf/zephyr/CMakeFiles/zephyr.dir/lib/os/thread_entry.c.gcda is included (trace)...
(DEBUG) --> File is excluded.
(DEBUG) Check if thread_entry.c##308cdf43c19464e1daf98dbbd11bc2f7.gcov is included (gcov file)...
(DEBUG)   Filter AlwaysMatchFilter() matched.
(DEBUG) --> File is included.
(DEBUG) Check if kernel.h##02fe483cd34741e407932cea525697b1.gcov is included (gcov file)...
(DEBUG) --> File is included.
(DEBUG) Check if kernel.h##8118239d1ec13e308e040c6439814b34.gcov is included (gcov file)...
(DEBUG) --> File is included.
(DEBUG) Check if syscall.h##8128d8185b27548b9f11ce6707adf377.gcov is included (gcov file)...
(DEBUG)   Filter AlwaysMatchFilter() matched.
(DEBUG) --> File is included.
(DEBUG) Check if /home/felipe/zephyrproject/zephyr-course/twister-out/thread_entry.c##308cdf43c19464e1daf98dbbd11bc2f7.gcov is included (trace)...
(DEBUG)   No filter matched.
(DEBUG) --> File is excluded.
(DEBUG) Finding source file corresponding to a gcov data file
  gcov_fname   /home/felipe/zephyrproject/zephyr-course/twister-out/thread_entry.c##308cdf43c19464e1daf98dbbd11bc2f7.gcov
  current_dir  /home/felipe/zephyrproject/zephyr-course/twister-out
  root         /home/felipe/zephyrproject/zephyr-course/app/modules/ring_buf
  starting_dir /home/felipe/zephyrproject/zephyr-course
  obj_dir      /home/felipe/zephyrproject/zephyr-course/twister-out
  gcda_fname   native_sim_native/host_gnu/zephyr-course/tests/ring_buf/homework.unit.ring_buf/zephyr/CMakeFiles/zephyr.dir/lib/os/thread_entry.c.gcda
  --> fname    /home/felipe/zephyrproject/zephyr/lib/os/thread_entry.c
(DEBUG) Check if /home/felipe/zephyrproject/zephyr/lib/os/thread_entry.c is included (source file)...
(DEBUG)   No filter matched.
(DEBUG) --> File is excluded.
(DEBUG) Check if /home/felipe/zephyrproject/zephyr-course/twister-out/kernel.h##02fe483cd34741e407932cea525697b1.gcov is included (trace)...
(DEBUG) --> File is excluded.
(DEBUG) Finding source file corresponding to a gcov data file
  gcov_fname   /home/felipe/zephyrproject/zephyr-course/twister-out/kernel.h##02fe483cd34741e407932cea525697b1.gcov
  current_dir  /home/felipe/zephyrproject/zephyr-course/twister-out
  root         /home/felipe/zephyrproject/zephyr-course/app/modules/ring_buf
  starting_dir /home/felipe/zephyrproject/zephyr-course
  obj_dir      /home/felipe/zephyrproject/zephyr-course/twister-out
  gcda_fname   native_sim_native/host_gnu/zephyr-course/tests/ring_buf/homework.unit.ring_buf/zephyr/CMakeFiles/zephyr.dir/lib/os/thread_entry.c.gcda
  --> fname    /home/felipe/zephyrproject/zephyr-course/twister-out/native_sim_native/host_gnu/zephyr-course/tests/ring_buf/homework.unit.ring_buf/zephyr/include/generated/zephyr/syscalls/kernel.h
(DEBUG) Check if /home/felipe/zephyrproject/zephyr-course/twister-out/native_sim_native/host_gnu/zephyr-course/tests/ring_buf/homework.unit.ring_buf/zephyr/include/generated/zephyr/syscalls/kernel.h is included (source file)...
(DEBUG) --> File is excluded.
(DEBUG) Check if /home/felipe/zephyrproject/zephyr-course/twister-out/syscall.h##8128d8185b27548b9f11ce6707adf377.gcov is included (trace)...
(DEBUG)   No filter matched.
(DEBUG) --> File is excluded.
(DEBUG) Finding source file corresponding to a gcov data file
  gcov_fname   /home/felipe/zephyrproject/zephyr-course/twister-out/syscall.h##8128d8185b27548b9f11ce6707adf377.gcov
  current_dir  /home/felipe/zephyrproject/zephyr-course/twister-out
  root         /home/felipe/zephyrproject/zephyr-course/app/modules/ring_buf
  starting_dir /home/felipe/zephyrproject/zephyr-course
  obj_dir      /home/felipe/zephyrproject/zephyr-course/twister-out
  gcda_fname   native_sim_native/host_gnu/zephyr-course/tests/ring_buf/homework.unit.ring_buf/zephyr/CMakeFiles/zephyr.dir/lib/os/thread_entry.c.gcda
  --> fname    /home/felipe/zephyrproject/zephyr/include/zephyr/syscall.h
(DEBUG) Check if /home/felipe/zephyrproject/zephyr/include/zephyr/syscall.h is included (source file)...
(DEBUG)   No filter matched.
(DEBUG) --> File is excluded.
(DEBUG) Check if /home/felipe/zephyrproject/zephyr-course/twister-out/kernel.h##8118239d1ec13e308e040c6439814b34.gcov is included (trace)...
(DEBUG) --> File is excluded.
(DEBUG) Finding source file corresponding to a gcov data file
  gcov_fname   /home/felipe/zephyrproject/zephyr-course/twister-out/kernel.h##8118239d1ec13e308e040c6439814b34.gcov
  current_dir  /home/felipe/zephyrproject/zephyr-course/twister-out
  root         /home/felipe/zephyrproject/zephyr-course/app/modules/ring_buf
  starting_dir /home/felipe/zephyrproject/zephyr-course
  obj_dir      /home/felipe/zephyrproject/zephyr-course/twister-out
  gcda_fname   native_sim_native/host_gnu/zephyr-course/tests/ring_buf/homework.unit.ring_buf/zephyr/CMakeFiles/zephyr.dir/lib/os/thread_entry.c.gcda
  --> fname    /home/felipe/zephyrproject/zephyr/include/zephyr/kernel.h
(DEBUG) Check if /home/felipe/zephyrproject/zephyr/include/zephyr/kernel.h is included (source file)...
(DEBUG) --> File is excluded.
(DEBUG) Check if /home/felipe/zephyrproject/zephyr-course/twister-out/native_sim_native/host_gnu/zephyr-course/tests/ring_buf/homework.unit.ring_buf/zephyr/CMakeFiles/zephyr.dir/lib/utils/bitarray.c.gcda is included (trace)...
(DEBUG)   No filter matched.
(DEBUG) --> File is excluded.
(DEBUG) Check if /home/felipe/zephyrproject/zephyr-course/twister-out/native_sim_native/host_gnu/zephyr-course/tests/ring_buf/homework.unit.ring_buf/zephyr/CMakeFiles/zephyr.dir/lib/utils/bitarray.c.gcda is included (trace)...
(DEBUG) --> File is excluded.
(DEBUG) Check if bitarray.c##c9bf1bf1c37dbc4f3ea2dde5cb7d2d71.gcov is included (gcov file)...
(DEBUG)   Filter AlwaysMatchFilter() matched.
(DEBUG) --> File is included.
(DEBUG) Check if spinlock.h##d07917f143d2ca5ff94f2d220e528568.gcov is included (gcov file)...
(DEBUG) --> File is included.
(DEBUG) Check if arch.h##f17e3501b457fcbd947bf4189b99bd89.gcov is included (gcov file)...
(DEBUG) --> File is included.
(DEBUG) Check if ffs.h##7742c44a64458609153a7ce3fe45faaa.gcov is included (gcov file)...
(DEBUG)   Filter AlwaysMatchFilter() matched.
(DEBUG) --> File is included.
(DEBUG) Check if /home/felipe/zephyrproject/zephyr-course/twister-out/bitarray.c##c9bf1bf1c37dbc4f3ea2dde5cb7d2d71.gcov is included (trace)...
(DEBUG)   No filter matched.
(DEBUG) --> File is excluded.
(DEBUG) Finding source file corresponding to a gcov data file
  gcov_fname   /home/felipe/zephyrproject/zephyr-course/twister-out/bitarray.c##c9bf1bf1c37dbc4f3ea2dde5cb7d2d71.gcov
  current_dir  /home/felipe/zephyrproject/zephyr-course/twister-out
  root         /home/felipe/zephyrproject/zephyr-course/app/modules/ring_buf
  starting_dir /home/felipe/zephyrproject/zephyr-course
  obj_dir      /home/felipe/zephyrproject/zephyr-course/twister-out
  gcda_fname   native_sim_native/host_gnu/zephyr-course/tests/ring_buf/homework.unit.ring_buf/zephyr/CMakeFiles/zephyr.dir/lib/utils/bitarray.c.gcda
  --> fname    /home/felipe/zephyrproject/zephyr/lib/utils/bitarray.c
(DEBUG) Check if /home/felipe/zephyrproject/zephyr/lib/utils/bitarray.c is included (source file)...
(DEBUG)   No filter matched.
(DEBUG) --> File is excluded.
(DEBUG) Check if /home/felipe/zephyrproject/zephyr-course/twister-out/spinlock.h##d07917f143d2ca5ff94f2d220e528568.gcov is included (trace)...
(DEBUG) --> File is excluded.
(DEBUG) Finding source file corresponding to a gcov data file
  gcov_fname   /home/felipe/zephyrproject/zephyr-course/twister-out/spinlock.h##d07917f143d2ca5ff94f2d220e528568.gcov
  current_dir  /home/felipe/zephyrproject/zephyr-course/twister-out
  root         /home/felipe/zephyrproject/zephyr-course/app/modules/ring_buf
  starting_dir /home/felipe/zephyrproject/zephyr-course
  obj_dir      /home/felipe/zephyrproject/zephyr-course/twister-out
  gcda_fname   native_sim_native/host_gnu/zephyr-course/tests/ring_buf/homework.unit.ring_buf/zephyr/CMakeFiles/zephyr.dir/lib/utils/bitarray.c.gcda
  --> fname    /home/felipe/zephyrproject/zephyr/include/zephyr/spinlock.h
(DEBUG) Check if /home/felipe/zephyrproject/zephyr/include/zephyr/spinlock.h is included (source file)...
(DEBUG) --> File is excluded.
(DEBUG) Check if /home/felipe/zephyrproject/zephyr-course/twister-out/arch.h##f17e3501b457fcbd947bf4189b99bd89.gcov is included (trace)...
(DEBUG) --> File is excluded.
(DEBUG) Finding source file corresponding to a gcov data file
  gcov_fname   /home/felipe/zephyrproject/zephyr-course/twister-out/arch.h##f17e3501b457fcbd947bf4189b99bd89.gcov
  current_dir  /home/felipe/zephyrproject/zephyr-course/twister-out
  root         /home/felipe/zephyrproject/zephyr-course/app/modules/ring_buf
  starting_dir /home/felipe/zephyrproject/zephyr-course
  obj_dir      /home/felipe/zephyrproject/zephyr-course/twister-out
  gcda_fname   native_sim_native/host_gnu/zephyr-course/tests/ring_buf/homework.unit.ring_buf/zephyr/CMakeFiles/zephyr.dir/lib/utils/bitarray.c.gcda
  --> fname    /home/felipe/zephyrproject/zephyr/include/zephyr/arch/posix/arch.h
(DEBUG) Check if /home/felipe/zephyrproject/zephyr/include/zephyr/arch/posix/arch.h is included (source file)...
(DEBUG) --> File is excluded.
(DEBUG) Check if /home/felipe/zephyrproject/zephyr-course/twister-out/ffs.h##7742c44a64458609153a7ce3fe45faaa.gcov is included (trace)...
(DEBUG)   No filter matched.
(DEBUG) --> File is excluded.
(DEBUG) Finding source file corresponding to a gcov data file
  gcov_fname   /home/felipe/zephyrproject/zephyr-course/twister-out/ffs.h##7742c44a64458609153a7ce3fe45faaa.gcov
  current_dir  /home/felipe/zephyrproject/zephyr-course/twister-out
  root         /home/felipe/zephyrproject/zephyr-course/app/modules/ring_buf
  starting_dir /home/felipe/zephyrproject/zephyr-course
  obj_dir      /home/felipe/zephyrproject/zephyr-course/twister-out
  gcda_fname   native_sim_native/host_gnu/zephyr-course/tests/ring_buf/homework.unit.ring_buf/zephyr/CMakeFiles/zephyr.dir/lib/utils/bitarray.c.gcda
  --> fname    /home/felipe/zephyrproject/zephyr/include/zephyr/arch/common/ffs.h
(DEBUG) Check if /home/felipe/zephyrproject/zephyr/include/zephyr/arch/common/ffs.h is included (source file)...
(DEBUG)   No filter matched.
(DEBUG) --> File is excluded.
(DEBUG) Check if /home/felipe/zephyrproject/zephyr-course/twister-out/native_sim_native/host_gnu/zephyr-course/tests/ring_buf/homework.unit.ring_buf/zephyr/CMakeFiles/zephyr.dir/lib/utils/bitmask.c.gcda is included (trace)...
(DEBUG)   No filter matched.
(DEBUG) --> File is excluded.
(DEBUG) Check if /home/felipe/zephyrproject/zephyr-course/twister-out/native_sim_native/host_gnu/zephyr-course/tests/ring_buf/homework.unit.ring_buf/zephyr/CMakeFiles/zephyr.dir/lib/utils/bitmask.c.gcda is included (trace)...
(DEBUG) --> File is excluded.
(DEBUG) Check if bitmask.c##7b9eec7423b695802d085121113be701.gcov is included (gcov file)...
(DEBUG)   Filter AlwaysMatchFilter() matched.
(DEBUG) --> File is included.
(DEBUG) Check if math_extras_impl.h##5be93e8864918add166a9f02eace5500.gcov is included (gcov file)...
(DEBUG)   Filter AlwaysMatchFilter() matched.
(DEBUG) --> File is included.
(DEBUG) Check if /home/felipe/zephyrproject/zephyr-course/twister-out/bitmask.c##7b9eec7423b695802d085121113be701.gcov is included (trace)...
(DEBUG)   No filter matched.
(DEBUG) --> File is excluded.
(DEBUG) Finding source file corresponding to a gcov data file
  gcov_fname   /home/felipe/zephyrproject/zephyr-course/twister-out/bitmask.c##7b9eec7423b695802d085121113be701.gcov
  current_dir  /home/felipe/zephyrproject/zephyr-course/twister-out
  root         /home/felipe/zephyrproject/zephyr-course/app/modules/ring_buf
  starting_dir /home/felipe/zephyrproject/zephyr-course
  obj_dir      /home/felipe/zephyrproject/zephyr-course/twister-out
  gcda_fname   native_sim_native/host_gnu/zephyr-course/tests/ring_buf/homework.unit.ring_buf/zephyr/CMakeFiles/zephyr.dir/lib/utils/bitmask.c.gcda
  --> fname    /home/felipe/zephyrproject/zephyr/lib/utils/bitmask.c
(DEBUG) Check if /home/felipe/zephyrproject/zephyr/lib/utils/bitmask.c is included (source file)...
(DEBUG)   No filter matched.
(DEBUG) --> File is excluded.
(DEBUG) Check if /home/felipe/zephyrproject/zephyr-course/twister-out/math_extras_impl.h##5be93e8864918add166a9f02eace5500.gcov is included (trace)...
(DEBUG)   No filter matched.
(DEBUG) --> File is excluded.
(DEBUG) Finding source file corresponding to a gcov data file
  gcov_fname   /home/felipe/zephyrproject/zephyr-course/twister-out/math_extras_impl.h##5be93e8864918add166a9f02eace5500.gcov
  current_dir  /home/felipe/zephyrproject/zephyr-course/twister-out
  root         /home/felipe/zephyrproject/zephyr-course/app/modules/ring_buf
  starting_dir /home/felipe/zephyrproject/zephyr-course
  obj_dir      /home/felipe/zephyrproject/zephyr-course/twister-out
  gcda_fname   native_sim_native/host_gnu/zephyr-course/tests/ring_buf/homework.unit.ring_buf/zephyr/CMakeFiles/zephyr.dir/lib/utils/bitmask.c.gcda
  --> fname    /home/felipe/zephyrproject/zephyr/include/zephyr/sys/math_extras_impl.h
(DEBUG) Check if /home/felipe/zephyrproject/zephyr/include/zephyr/sys/math_extras_impl.h is included (source file)...
(DEBUG)   No filter matched.
(DEBUG) --> File is excluded.
(DEBUG) Check if /home/felipe/zephyrproject/zephyr-course/twister-out/native_sim_native/host_gnu/zephyr-course/tests/ring_buf/homework.unit.ring_buf/zephyr/CMakeFiles/zephyr.dir/lib/utils/dec.c.gcda is included (trace)...
(DEBUG)   No filter matched.
(DEBUG) --> File is excluded.
(DEBUG) Check if /home/felipe/zephyrproject/zephyr-course/twister-out/native_sim_native/host_gnu/zephyr-course/tests/ring_buf/homework.unit.ring_buf/zephyr/CMakeFiles/zephyr.dir/lib/utils/dec.c.gcda is included (trace)...
(DEBUG) --> File is excluded.
(DEBUG) Check if dec.c##b3ce3fce0fd9096a54fd3033c312f0e6.gcov is included (gcov file)...
(DEBUG)   Filter AlwaysMatchFilter() matched.
(DEBUG) --> File is included.
(DEBUG) Check if /home/felipe/zephyrproject/zephyr-course/twister-out/dec.c##b3ce3fce0fd9096a54fd3033c312f0e6.gcov is included (trace)...
(DEBUG)   No filter matched.
(DEBUG) --> File is excluded.
(DEBUG) Finding source file corresponding to a gcov data file
  gcov_fname   /home/felipe/zephyrproject/zephyr-course/twister-out/dec.c##b3ce3fce0fd9096a54fd3033c312f0e6.gcov
  current_dir  /home/felipe/zephyrproject/zephyr-course/twister-out
  root         /home/felipe/zephyrproject/zephyr-course/app/modules/ring_buf
  starting_dir /home/felipe/zephyrproject/zephyr-course
  obj_dir      /home/felipe/zephyrproject/zephyr-course/twister-out
  gcda_fname   native_sim_native/host_gnu/zephyr-course/tests/ring_buf/homework.unit.ring_buf/zephyr/CMakeFiles/zephyr.dir/lib/utils/dec.c.gcda
  --> fname    /home/felipe/zephyrproject/zephyr/lib/utils/dec.c
(DEBUG) Check if /home/felipe/zephyrproject/zephyr/lib/utils/dec.c is included (source file)...
(DEBUG)   No filter matched.
(DEBUG) --> File is excluded.
(DEBUG) Check if /home/felipe/zephyrproject/zephyr-course/twister-out/native_sim_native/host_gnu/zephyr-course/tests/ring_buf/homework.unit.ring_buf/zephyr/CMakeFiles/zephyr.dir/lib/utils/getopt/getopt.c.gcda is included (trace)...
(DEBUG)   No filter matched.
(DEBUG) --> File is excluded.
(DEBUG) Check if /home/felipe/zephyrproject/zephyr-course/twister-out/native_sim_native/host_gnu/zephyr-course/tests/ring_buf/homework.unit.ring_buf/zephyr/CMakeFiles/zephyr.dir/lib/utils/getopt/getopt.c.gcda is included (trace)...
(DEBUG) --> File is excluded.
(DEBUG) Check if getopt.c##9045962769dc283414a759ed851cca6b.gcov is included (gcov file)...
(DEBUG)   Filter AlwaysMatchFilter() matched.
(DEBUG) --> File is included.
(DEBUG) Check if log_msg.h##8e71b5010d1ef358ceb2fe0042f1ff82.gcov is included (gcov file)...
(DEBUG) --> File is included.
(DEBUG) Check if /home/felipe/zephyrproject/zephyr-course/twister-out/log_msg.h##8e71b5010d1ef358ceb2fe0042f1ff82.gcov is included (trace)...
(DEBUG) --> File is excluded.
(DEBUG) Finding source file corresponding to a gcov data file
  gcov_fname   /home/felipe/zephyrproject/zephyr-course/twister-out/log_msg.h##8e71b5010d1ef358ceb2fe0042f1ff82.gcov
  current_dir  /home/felipe/zephyrproject/zephyr-course/twister-out
  root         /home/felipe/zephyrproject/zephyr-course/app/modules/ring_buf
  starting_dir /home/felipe/zephyrproject/zephyr-course
  obj_dir      /home/felipe/zephyrproject/zephyr-course/twister-out
  gcda_fname   native_sim_native/host_gnu/zephyr-course/tests/ring_buf/homework.unit.ring_buf/zephyr/CMakeFiles/zephyr.dir/lib/utils/getopt/getopt.c.gcda
  --> fname    /home/felipe/zephyrproject/zephyr/include/zephyr/logging/log_msg.h
(DEBUG) Check if /home/felipe/zephyrproject/zephyr/include/zephyr/logging/log_msg.h is included (source file)...
(DEBUG) --> File is excluded.
(DEBUG) Check if /home/felipe/zephyrproject/zephyr-course/twister-out/getopt.c##9045962769dc283414a759ed851cca6b.gcov is included (trace)...
(DEBUG)   No filter matched.
(DEBUG) --> File is excluded.
(DEBUG) Finding source file corresponding to a gcov data file
  gcov_fname   /home/felipe/zephyrproject/zephyr-course/twister-out/getopt.c##9045962769dc283414a759ed851cca6b.gcov
  current_dir  /home/felipe/zephyrproject/zephyr-course/twister-out
  root         /home/felipe/zephyrproject/zephyr-course/app/modules/ring_buf
  starting_dir /home/felipe/zephyrproject/zephyr-course
  obj_dir      /home/felipe/zephyrproject/zephyr-course/twister-out
  gcda_fname   native_sim_native/host_gnu/zephyr-course/tests/ring_buf/homework.unit.ring_buf/zephyr/CMakeFiles/zephyr.dir/lib/utils/getopt/getopt.c.gcda
  --> fname    /home/felipe/zephyrproject/zephyr/lib/utils/getopt/getopt.c
(DEBUG) Check if /home/felipe/zephyrproject/zephyr/lib/utils/getopt/getopt.c is included (source file)...
(DEBUG)   No filter matched.
(DEBUG) --> File is excluded.
(DEBUG) Check if /home/felipe/zephyrproject/zephyr-course/twister-out/native_sim_native/host_gnu/zephyr-course/tests/ring_buf/homework.unit.ring_buf/zephyr/CMakeFiles/zephyr.dir/lib/utils/getopt/getopt_common.c.gcda is included (trace)...
(DEBUG)   No filter matched.
(DEBUG) --> File is excluded.
(DEBUG) Check if /home/felipe/zephyrproject/zephyr-course/twister-out/native_sim_native/host_gnu/zephyr-course/tests/ring_buf/homework.unit.ring_buf/zephyr/CMakeFiles/zephyr.dir/lib/utils/getopt/getopt_common.c.gcda is included (trace)...
(DEBUG) --> File is excluded.
(DEBUG) Check if getopt_common.c##4ca6c0471ae193ec4b194563a567a0bc.gcov is included (gcov file)...
(DEBUG)   Filter AlwaysMatchFilter() matched.
(DEBUG) --> File is included.
(DEBUG) Check if /home/felipe/zephyrproject/zephyr-course/twister-out/getopt_common.c##4ca6c0471ae193ec4b194563a567a0bc.gcov is included (trace)...
(DEBUG)   No filter matched.
(DEBUG) --> File is excluded.
(DEBUG) Finding source file corresponding to a gcov data file
  gcov_fname   /home/felipe/zephyrproject/zephyr-course/twister-out/getopt_common.c##4ca6c0471ae193ec4b194563a567a0bc.gcov
  current_dir  /home/felipe/zephyrproject/zephyr-course/twister-out
  root         /home/felipe/zephyrproject/zephyr-course/app/modules/ring_buf
  starting_dir /home/felipe/zephyrproject/zephyr-course
  obj_dir      /home/felipe/zephyrproject/zephyr-course/twister-out
  gcda_fname   native_sim_native/host_gnu/zephyr-course/tests/ring_buf/homework.unit.ring_buf/zephyr/CMakeFiles/zephyr.dir/lib/utils/getopt/getopt_common.c.gcda
  --> fname    /home/felipe/zephyrproject/zephyr/lib/utils/getopt/getopt_common.c
(DEBUG) Check if /home/felipe/zephyrproject/zephyr/lib/utils/getopt/getopt_common.c is included (source file)...
(DEBUG)   No filter matched.
(DEBUG) --> File is excluded.
(DEBUG) Check if /home/felipe/zephyrproject/zephyr-course/twister-out/native_sim_native/host_gnu/zephyr-course/tests/ring_buf/homework.unit.ring_buf/zephyr/CMakeFiles/zephyr.dir/lib/utils/hex.c.gcda is included (trace)...
(DEBUG)   No filter matched.
(DEBUG) --> File is excluded.
(DEBUG) Check if /home/felipe/zephyrproject/zephyr-course/twister-out/native_sim_native/host_gnu/zephyr-course/tests/ring_buf/homework.unit.ring_buf/zephyr/CMakeFiles/zephyr.dir/lib/utils/hex.c.gcda is included (trace)...
(DEBUG) --> File is excluded.
(DEBUG) Check if hex.c##a8a59ef9cc0b2ac737fb3aa7fed26b23.gcov is included (gcov file)...
(DEBUG)   Filter AlwaysMatchFilter() matched.
(DEBUG) --> File is included.
(DEBUG) Check if /home/felipe/zephyrproject/zephyr-course/twister-out/hex.c##a8a59ef9cc0b2ac737fb3aa7fed26b23.gcov is included (trace)...
(DEBUG)   No filter matched.
(DEBUG) --> File is excluded.
(DEBUG) Finding source file corresponding to a gcov data file
  gcov_fname   /home/felipe/zephyrproject/zephyr-course/twister-out/hex.c##a8a59ef9cc0b2ac737fb3aa7fed26b23.gcov
  current_dir  /home/felipe/zephyrproject/zephyr-course/twister-out
  root         /home/felipe/zephyrproject/zephyr-course/app/modules/ring_buf
  starting_dir /home/felipe/zephyrproject/zephyr-course
  obj_dir      /home/felipe/zephyrproject/zephyr-course/twister-out
  gcda_fname   native_sim_native/host_gnu/zephyr-course/tests/ring_buf/homework.unit.ring_buf/zephyr/CMakeFiles/zephyr.dir/lib/utils/hex.c.gcda
  --> fname    /home/felipe/zephyrproject/zephyr/lib/utils/hex.c
(DEBUG) Check if /home/felipe/zephyrproject/zephyr/lib/utils/hex.c is included (source file)...
(DEBUG)   No filter matched.
(DEBUG) --> File is excluded.
(DEBUG) Check if /home/felipe/zephyrproject/zephyr-course/twister-out/native_sim_native/host_gnu/zephyr-course/tests/ring_buf/homework.unit.ring_buf/zephyr/CMakeFiles/zephyr.dir/lib/utils/rb.c.gcda is included (trace)...
(DEBUG)   No filter matched.
(DEBUG) --> File is excluded.
(DEBUG) Check if /home/felipe/zephyrproject/zephyr-course/twister-out/native_sim_native/host_gnu/zephyr-course/tests/ring_buf/homework.unit.ring_buf/zephyr/CMakeFiles/zephyr.dir/lib/utils/rb.c.gcda is included (trace)...
(DEBUG) --> File is excluded.
(DEBUG) Check if rb.c##4409b56218ade18d57b0bea248d38b0a.gcov is included (gcov file)...
(DEBUG)   Filter AlwaysMatchFilter() matched.
(DEBUG) --> File is included.
(DEBUG) Check if /home/felipe/zephyrproject/zephyr-course/twister-out/rb.c##4409b56218ade18d57b0bea248d38b0a.gcov is included (trace)...
(DEBUG)   No filter matched.
(DEBUG) --> File is excluded.
(DEBUG) Finding source file corresponding to a gcov data file
  gcov_fname   /home/felipe/zephyrproject/zephyr-course/twister-out/rb.c##4409b56218ade18d57b0bea248d38b0a.gcov
  current_dir  /home/felipe/zephyrproject/zephyr-course/twister-out
  root         /home/felipe/zephyrproject/zephyr-course/app/modules/ring_buf
  starting_dir /home/felipe/zephyrproject/zephyr-course
  obj_dir      /home/felipe/zephyrproject/zephyr-course/twister-out
  gcda_fname   native_sim_native/host_gnu/zephyr-course/tests/ring_buf/homework.unit.ring_buf/zephyr/CMakeFiles/zephyr.dir/lib/utils/rb.c.gcda
  --> fname    /home/felipe/zephyrproject/zephyr/lib/utils/rb.c
(DEBUG) Check if /home/felipe/zephyrproject/zephyr/lib/utils/rb.c is included (source file)...
(DEBUG)   No filter matched.
(DEBUG) --> File is excluded.
(DEBUG) Check if /home/felipe/zephyrproject/zephyr-course/twister-out/native_sim_native/host_gnu/zephyr-course/tests/ring_buf/homework.unit.ring_buf/zephyr/CMakeFiles/zephyr.dir/lib/utils/ring_buffer.c.gcda is included (trace)...
(DEBUG)   No filter matched.
(DEBUG) --> File is excluded.
(DEBUG) Check if /home/felipe/zephyrproject/zephyr-course/twister-out/native_sim_native/host_gnu/zephyr-course/tests/ring_buf/homework.unit.ring_buf/zephyr/CMakeFiles/zephyr.dir/lib/utils/ring_buffer.c.gcda is included (trace)...
(DEBUG) --> File is excluded.
(DEBUG) Check if ring_buffer.c##2d03bb4884498bf1f49c6f3e7b0b13cf.gcov is included (gcov file)...
(DEBUG)   Filter AlwaysMatchFilter() matched.
(DEBUG) --> File is included.
(DEBUG) Check if ring_buffer.h##b7d6b57d4f25df1cf7a4d563678a77de.gcov is included (gcov file)...
(DEBUG)   Filter AlwaysMatchFilter() matched.
(DEBUG) --> File is included.
(DEBUG) Check if /home/felipe/zephyrproject/zephyr-course/twister-out/ring_buffer.c##2d03bb4884498bf1f49c6f3e7b0b13cf.gcov is included (trace)...
(DEBUG)   No filter matched.
(DEBUG) --> File is excluded.
(DEBUG) Finding source file corresponding to a gcov data file
  gcov_fname   /home/felipe/zephyrproject/zephyr-course/twister-out/ring_buffer.c##2d03bb4884498bf1f49c6f3e7b0b13cf.gcov
  current_dir  /home/felipe/zephyrproject/zephyr-course/twister-out
  root         /home/felipe/zephyrproject/zephyr-course/app/modules/ring_buf
  starting_dir /home/felipe/zephyrproject/zephyr-course
  obj_dir      /home/felipe/zephyrproject/zephyr-course/twister-out
  gcda_fname   native_sim_native/host_gnu/zephyr-course/tests/ring_buf/homework.unit.ring_buf/zephyr/CMakeFiles/zephyr.dir/lib/utils/ring_buffer.c.gcda
  --> fname    /home/felipe/zephyrproject/zephyr/lib/utils/ring_buffer.c
(DEBUG) Check if /home/felipe/zephyrproject/zephyr/lib/utils/ring_buffer.c is included (source file)...
(DEBUG)   No filter matched.
(DEBUG) --> File is excluded.
(DEBUG) Check if /home/felipe/zephyrproject/zephyr-course/twister-out/ring_buffer.h##b7d6b57d4f25df1cf7a4d563678a77de.gcov is included (trace)...
(DEBUG)   No filter matched.
(DEBUG) --> File is excluded.
(DEBUG) Finding source file corresponding to a gcov data file
  gcov_fname   /home/felipe/zephyrproject/zephyr-course/twister-out/ring_buffer.h##b7d6b57d4f25df1cf7a4d563678a77de.gcov
  current_dir  /home/felipe/zephyrproject/zephyr-course/twister-out
  root         /home/felipe/zephyrproject/zephyr-course/app/modules/ring_buf
  starting_dir /home/felipe/zephyrproject/zephyr-course
  obj_dir      /home/felipe/zephyrproject/zephyr-course/twister-out
  gcda_fname   native_sim_native/host_gnu/zephyr-course/tests/ring_buf/homework.unit.ring_buf/zephyr/CMakeFiles/zephyr.dir/lib/utils/ring_buffer.c.gcda
  --> fname    /home/felipe/zephyrproject/zephyr/include/zephyr/sys/ring_buffer.h
(DEBUG) Check if /home/felipe/zephyrproject/zephyr/include/zephyr/sys/ring_buffer.h is included (source file)...
(DEBUG)   No filter matched.
(DEBUG) --> File is excluded.
(DEBUG) Check if /home/felipe/zephyrproject/zephyr-course/twister-out/native_sim_native/host_gnu/zephyr-course/tests/ring_buf/homework.unit.ring_buf/zephyr/CMakeFiles/zephyr.dir/lib/utils/set.c.gcda is included (trace)...
(DEBUG)   No filter matched.
(DEBUG) --> File is excluded.
(DEBUG) Check if /home/felipe/zephyrproject/zephyr-course/twister-out/native_sim_native/host_gnu/zephyr-course/tests/ring_buf/homework.unit.ring_buf/zephyr/CMakeFiles/zephyr.dir/lib/utils/set.c.gcda is included (trace)...
(DEBUG) --> File is excluded.
(DEBUG) Check if set.c##b65b619d324565eb87e247d5e0770081.gcov is included (gcov file)...
(DEBUG)   Filter AlwaysMatchFilter() matched.
(DEBUG) --> File is included.
(DEBUG) Check if /home/felipe/zephyrproject/zephyr-course/twister-out/set.c##b65b619d324565eb87e247d5e0770081.gcov is included (trace)...
(DEBUG)   No filter matched.
(DEBUG) --> File is excluded.
(DEBUG) Finding source file corresponding to a gcov data file
  gcov_fname   /home/felipe/zephyrproject/zephyr-course/twister-out/set.c##b65b619d324565eb87e247d5e0770081.gcov
  current_dir  /home/felipe/zephyrproject/zephyr-course/twister-out
  root         /home/felipe/zephyrproject/zephyr-course/app/modules/ring_buf
  starting_dir /home/felipe/zephyrproject/zephyr-course
  obj_dir      /home/felipe/zephyrproject/zephyr-course/twister-out
  gcda_fname   native_sim_native/host_gnu/zephyr-course/tests/ring_buf/homework.unit.ring_buf/zephyr/CMakeFiles/zephyr.dir/lib/utils/set.c.gcda
  --> fname    /home/felipe/zephyrproject/zephyr/lib/utils/set.c
(DEBUG) Check if /home/felipe/zephyrproject/zephyr/lib/utils/set.c is included (source file)...
(DEBUG)   No filter matched.
(DEBUG) --> File is excluded.
(DEBUG) Check if /home/felipe/zephyrproject/zephyr-course/twister-out/native_sim_native/host_gnu/zephyr-course/tests/ring_buf/homework.unit.ring_buf/zephyr/CMakeFiles/zephyr.dir/lib/utils/timeutil.c.gcda is included (trace)...
(DEBUG)   No filter matched.
(DEBUG) --> File is excluded.
(DEBUG) Check if /home/felipe/zephyrproject/zephyr-course/twister-out/native_sim_native/host_gnu/zephyr-course/tests/ring_buf/homework.unit.ring_buf/zephyr/CMakeFiles/zephyr.dir/lib/utils/timeutil.c.gcda is included (trace)...
(DEBUG) --> File is excluded.
(DEBUG) Check if timeutil.c##e666817277c16d096b6a675d0f0f2384.gcov is included (gcov file)...
(DEBUG)   Filter AlwaysMatchFilter() matched.
(DEBUG) --> File is included.
(DEBUG) Check if timeutil.h##c0b0ee5dab2573878eae3609b913394d.gcov is included (gcov file)...
(DEBUG) --> File is included.
(DEBUG) Check if /home/felipe/zephyrproject/zephyr-course/twister-out/timeutil.h##c0b0ee5dab2573878eae3609b913394d.gcov is included (trace)...
(DEBUG) --> File is excluded.
(DEBUG) Finding source file corresponding to a gcov data file
  gcov_fname   /home/felipe/zephyrproject/zephyr-course/twister-out/timeutil.h##c0b0ee5dab2573878eae3609b913394d.gcov
  current_dir  /home/felipe/zephyrproject/zephyr-course/twister-out
  root         /home/felipe/zephyrproject/zephyr-course/app/modules/ring_buf
  starting_dir /home/felipe/zephyrproject/zephyr-course
  obj_dir      /home/felipe/zephyrproject/zephyr-course/twister-out
  gcda_fname   native_sim_native/host_gnu/zephyr-course/tests/ring_buf/homework.unit.ring_buf/zephyr/CMakeFiles/zephyr.dir/lib/utils/timeutil.c.gcda
  --> fname    /home/felipe/zephyrproject/zephyr/include/zephyr/sys/timeutil.h
(DEBUG) Check if /home/felipe/zephyrproject/zephyr/include/zephyr/sys/timeutil.h is included (source file)...
(DEBUG) --> File is excluded.
(DEBUG) Check if /home/felipe/zephyrproject/zephyr-course/twister-out/timeutil.c##e666817277c16d096b6a675d0f0f2384.gcov is included (trace)...
(DEBUG)   No filter matched.
(DEBUG) --> File is excluded.
(DEBUG) Finding source file corresponding to a gcov data file
  gcov_fname   /home/felipe/zephyrproject/zephyr-course/twister-out/timeutil.c##e666817277c16d096b6a675d0f0f2384.gcov
  current_dir  /home/felipe/zephyrproject/zephyr-course/twister-out
  root         /home/felipe/zephyrproject/zephyr-course/app/modules/ring_buf
  starting_dir /home/felipe/zephyrproject/zephyr-course
  obj_dir      /home/felipe/zephyrproject/zephyr-course/twister-out
  gcda_fname   native_sim_native/host_gnu/zephyr-course/tests/ring_buf/homework.unit.ring_buf/zephyr/CMakeFiles/zephyr.dir/lib/utils/timeutil.c.gcda
  --> fname    /home/felipe/zephyrproject/zephyr/lib/utils/timeutil.c
(DEBUG) Check if /home/felipe/zephyrproject/zephyr/lib/utils/timeutil.c is included (source file)...
(DEBUG)   No filter matched.
(DEBUG) --> File is excluded.
(DEBUG) Check if /home/felipe/zephyrproject/zephyr-course/twister-out/native_sim_native/host_gnu/zephyr-course/tests/ring_buf/homework.unit.ring_buf/zephyr/CMakeFiles/zephyr.dir/misc/generated/configs.c.gcda is included (trace)...
(DEBUG)   No filter matched.
(DEBUG) --> File is excluded.
(DEBUG) Check if /home/felipe/zephyrproject/zephyr-course/twister-out/native_sim_native/host_gnu/zephyr-course/tests/ring_buf/homework.unit.ring_buf/zephyr/CMakeFiles/zephyr.dir/misc/generated/configs.c.gcda is included (trace)...
(DEBUG) --> File is excluded.
(DEBUG) Check if configs.c##3cd923797c19d87ad86e34fa4bb3511a.gcov is included (gcov file)...
(DEBUG)   Filter AlwaysMatchFilter() matched.
(DEBUG) --> File is included.
(DEBUG) Check if /home/felipe/zephyrproject/zephyr-course/twister-out/configs.c##3cd923797c19d87ad86e34fa4bb3511a.gcov is included (trace)...
(DEBUG)   No filter matched.
(DEBUG) --> File is excluded.
(DEBUG) Finding source file corresponding to a gcov data file
  gcov_fname   /home/felipe/zephyrproject/zephyr-course/twister-out/configs.c##3cd923797c19d87ad86e34fa4bb3511a.gcov
  current_dir  /home/felipe/zephyrproject/zephyr-course/twister-out
  root         /home/felipe/zephyrproject/zephyr-course/app/modules/ring_buf
  starting_dir /home/felipe/zephyrproject/zephyr-course
  obj_dir      /home/felipe/zephyrproject/zephyr-course/twister-out
  gcda_fname   native_sim_native/host_gnu/zephyr-course/tests/ring_buf/homework.unit.ring_buf/zephyr/CMakeFiles/zephyr.dir/misc/generated/configs.c.gcda
  --> fname    /home/felipe/zephyrproject/zephyr-course/twister-out/native_sim_native/host_gnu/zephyr-course/tests/ring_buf/homework.unit.ring_buf/zephyr/misc/generated/configs.c
(DEBUG) Check if /home/felipe/zephyrproject/zephyr-course/twister-out/native_sim_native/host_gnu/zephyr-course/tests/ring_buf/homework.unit.ring_buf/zephyr/misc/generated/configs.c is included (source file)...
(DEBUG)   No filter matched.
(DEBUG) --> File is excluded.
(DEBUG) Check if /home/felipe/zephyrproject/zephyr-course/twister-out/native_sim_native/host_gnu/zephyr-course/tests/ring_buf/homework.unit.ring_buf/zephyr/CMakeFiles/zephyr.dir/subsys/logging/backends/log_backend_native_posix.c.gcda is included (trace)...
(DEBUG)   No filter matched.
(DEBUG) --> File is excluded.
(DEBUG) Check if /home/felipe/zephyrproject/zephyr-course/twister-out/native_sim_native/host_gnu/zephyr-course/tests/ring_buf/homework.unit.ring_buf/zephyr/CMakeFiles/zephyr.dir/subsys/logging/backends/log_backend_native_posix.c.gcda is included (trace)...
(DEBUG) --> File is excluded.
(DEBUG) Check if log_backend_native_posix.c##d25c1cbf39a77b3a8cd207011a42c98c.gcov is included (gcov file)...
(DEBUG)   Filter AlwaysMatchFilter() matched.
(DEBUG) --> File is included.
(DEBUG) Check if log_backend_std.h##2ff5b1c49e1b26ce63ebeaffa14d0c17.gcov is included (gcov file)...
(DEBUG)   Filter AlwaysMatchFilter() matched.
(DEBUG) --> File is included.
(DEBUG) Check if log_output.h##8eca4334ad56db1ca55a707acc17c177.gcov is included (gcov file)...
(DEBUG)   Filter AlwaysMatchFilter() matched.
(DEBUG) --> File is included.
(DEBUG) Check if /home/felipe/zephyrproject/zephyr-course/twister-out/log_backend_std.h##2ff5b1c49e1b26ce63ebeaffa14d0c17.gcov is included (trace)...
(DEBUG)   No filter matched.
(DEBUG) --> File is excluded.
(DEBUG) Finding source file corresponding to a gcov data file
  gcov_fname   /home/felipe/zephyrproject/zephyr-course/twister-out/log_backend_std.h##2ff5b1c49e1b26ce63ebeaffa14d0c17.gcov
  current_dir  /home/felipe/zephyrproject/zephyr-course/twister-out
  root         /home/felipe/zephyrproject/zephyr-course/app/modules/ring_buf
  starting_dir /home/felipe/zephyrproject/zephyr-course
  obj_dir      /home/felipe/zephyrproject/zephyr-course/twister-out
  gcda_fname   native_sim_native/host_gnu/zephyr-course/tests/ring_buf/homework.unit.ring_buf/zephyr/CMakeFiles/zephyr.dir/subsys/logging/backends/log_backend_native_posix.c.gcda
  --> fname    /home/felipe/zephyrproject/zephyr/include/zephyr/logging/log_backend_std.h
(DEBUG) Check if /home/felipe/zephyrproject/zephyr/include/zephyr/logging/log_backend_std.h is included (source file)...
(DEBUG)   No filter matched.
(DEBUG) --> File is excluded.
(DEBUG) Check if /home/felipe/zephyrproject/zephyr-course/twister-out/log_output.h##8eca4334ad56db1ca55a707acc17c177.gcov is included (trace)...
(DEBUG)   No filter matched.
(DEBUG) --> File is excluded.
(DEBUG) Finding source file corresponding to a gcov data file
  gcov_fname   /home/felipe/zephyrproject/zephyr-course/twister-out/log_output.h##8eca4334ad56db1ca55a707acc17c177.gcov
  current_dir  /home/felipe/zephyrproject/zephyr-course/twister-out
  root         /home/felipe/zephyrproject/zephyr-course/app/modules/ring_buf
  starting_dir /home/felipe/zephyrproject/zephyr-course
  obj_dir      /home/felipe/zephyrproject/zephyr-course/twister-out
  gcda_fname   native_sim_native/host_gnu/zephyr-course/tests/ring_buf/homework.unit.ring_buf/zephyr/CMakeFiles/zephyr.dir/subsys/logging/backends/log_backend_native_posix.c.gcda
  --> fname    /home/felipe/zephyrproject/zephyr/include/zephyr/logging/log_output.h
(DEBUG) Check if /home/felipe/zephyrproject/zephyr/include/zephyr/logging/log_output.h is included (source file)...
(DEBUG)   No filter matched.
(DEBUG) --> File is excluded.
(DEBUG) Check if /home/felipe/zephyrproject/zephyr-course/twister-out/log_backend_native_posix.c##d25c1cbf39a77b3a8cd207011a42c98c.gcov is included (trace)...
(DEBUG)   No filter matched.
(DEBUG) --> File is excluded.
(DEBUG) Finding source file corresponding to a gcov data file
  gcov_fname   /home/felipe/zephyrproject/zephyr-course/twister-out/log_backend_native_posix.c##d25c1cbf39a77b3a8cd207011a42c98c.gcov
  current_dir  /home/felipe/zephyrproject/zephyr-course/twister-out
  root         /home/felipe/zephyrproject/zephyr-course/app/modules/ring_buf
  starting_dir /home/felipe/zephyrproject/zephyr-course
  obj_dir      /home/felipe/zephyrproject/zephyr-course/twister-out
  gcda_fname   native_sim_native/host_gnu/zephyr-course/tests/ring_buf/homework.unit.ring_buf/zephyr/CMakeFiles/zephyr.dir/subsys/logging/backends/log_backend_native_posix.c.gcda
  --> fname    /home/felipe/zephyrproject/zephyr/subsys/logging/backends/log_backend_native_posix.c
(DEBUG) Check if /home/felipe/zephyrproject/zephyr/subsys/logging/backends/log_backend_native_posix.c is included (source file)...
(DEBUG)   No filter matched.
(DEBUG) --> File is excluded.
(DEBUG) Check if /home/felipe/zephyrproject/zephyr-course/twister-out/native_sim_native/host_gnu/zephyr-course/tests/ring_buf/homework.unit.ring_buf/zephyr/CMakeFiles/zephyr.dir/subsys/logging/log_cache.c.gcda is included (trace)...
(DEBUG)   No filter matched.
(DEBUG) --> File is excluded.
(DEBUG) Check if /home/felipe/zephyrproject/zephyr-course/twister-out/native_sim_native/host_gnu/zephyr-course/tests/ring_buf/homework.unit.ring_buf/zephyr/CMakeFiles/zephyr.dir/subsys/logging/log_cache.c.gcda is included (trace)...
(DEBUG) --> File is excluded.
(DEBUG) Check if log_cache.c##abc1cbed448c18c6a448c79fc05fc9bf.gcov is included (gcov file)...
(DEBUG)   Filter AlwaysMatchFilter() matched.
(DEBUG) --> File is included.
(DEBUG) Check if slist.h##4bdeeab80e1bf2535336b5f908d5f4f0.gcov is included (gcov file)...
(DEBUG)   Filter AlwaysMatchFilter() matched.
(DEBUG) --> File is included.
(DEBUG) Check if /home/felipe/zephyrproject/zephyr-course/twister-out/log_cache.c##abc1cbed448c18c6a448c79fc05fc9bf.gcov is included (trace)...
(DEBUG)   No filter matched.
(DEBUG) --> File is excluded.
(DEBUG) Finding source file corresponding to a gcov data file
  gcov_fname   /home/felipe/zephyrproject/zephyr-course/twister-out/log_cache.c##abc1cbed448c18c6a448c79fc05fc9bf.gcov
  current_dir  /home/felipe/zephyrproject/zephyr-course/twister-out
  root         /home/felipe/zephyrproject/zephyr-course/app/modules/ring_buf
  starting_dir /home/felipe/zephyrproject/zephyr-course
  obj_dir      /home/felipe/zephyrproject/zephyr-course/twister-out
  gcda_fname   native_sim_native/host_gnu/zephyr-course/tests/ring_buf/homework.unit.ring_buf/zephyr/CMakeFiles/zephyr.dir/subsys/logging/log_cache.c.gcda
  --> fname    /home/felipe/zephyrproject/zephyr/subsys/logging/log_cache.c
(DEBUG) Check if /home/felipe/zephyrproject/zephyr/subsys/logging/log_cache.c is included (source file)...
(DEBUG)   No filter matched.
(DEBUG) --> File is excluded.
(DEBUG) Check if /home/felipe/zephyrproject/zephyr-course/twister-out/slist.h##4bdeeab80e1bf2535336b5f908d5f4f0.gcov is included (trace)...
(DEBUG)   No filter matched.
(DEBUG) --> File is excluded.
(DEBUG) Finding source file corresponding to a gcov data file
  gcov_fname   /home/felipe/zephyrproject/zephyr-course/twister-out/slist.h##4bdeeab80e1bf2535336b5f908d5f4f0.gcov
  current_dir  /home/felipe/zephyrproject/zephyr-course/twister-out
  root         /home/felipe/zephyrproject/zephyr-course/app/modules/ring_buf
  starting_dir /home/felipe/zephyrproject/zephyr-course
  obj_dir      /home/felipe/zephyrproject/zephyr-course/twister-out
  gcda_fname   native_sim_native/host_gnu/zephyr-course/tests/ring_buf/homework.unit.ring_buf/zephyr/CMakeFiles/zephyr.dir/subsys/logging/log_cache.c.gcda
  --> fname    /home/felipe/zephyrproject/zephyr/include/zephyr/sys/slist.h
(DEBUG) Check if /home/felipe/zephyrproject/zephyr/include/zephyr/sys/slist.h is included (source file)...
(DEBUG)   No filter matched.
(DEBUG) --> File is excluded.
(DEBUG) Check if /home/felipe/zephyrproject/zephyr-course/twister-out/native_sim_native/host_gnu/zephyr-course/tests/ring_buf/homework.unit.ring_buf/zephyr/CMakeFiles/zephyr.dir/subsys/logging/log_core.c.gcda is included (trace)...
(DEBUG)   No filter matched.
(DEBUG) --> File is excluded.
(DEBUG) Check if /home/felipe/zephyrproject/zephyr-course/twister-out/native_sim_native/host_gnu/zephyr-course/tests/ring_buf/homework.unit.ring_buf/zephyr/CMakeFiles/zephyr.dir/subsys/logging/log_core.c.gcda is included (trace)...
(DEBUG) --> File is excluded.
(DEBUG) Check if log_core.c##fce8b3be9263256d3a22ba34a91fbfff.gcov is included (gcov file)...
(DEBUG)   Filter AlwaysMatchFilter() matched.
(DEBUG) --> File is included.
(DEBUG) Check if log_ctrl.h##bc7291ddb353fe8c15fcc40af1692eaa.gcov is included (gcov file)...
(DEBUG)   Filter AlwaysMatchFilter() matched.
(DEBUG) --> File is included.
(DEBUG) Check if log_backend.h##ee2cc09272cfd437395e6271cf485099.gcov is included (gcov file)...
(DEBUG)   Filter AlwaysMatchFilter() matched.
(DEBUG) --> File is included.
(DEBUG) Check if kernel.h##02fe483cd34741e407932cea525697b1.gcov is included (gcov file)...
(DEBUG) --> File is included.
(DEBUG) Check if kernel.h##8118239d1ec13e308e040c6439814b34.gcov is included (gcov file)...
(DEBUG) --> File is included.
(DEBUG) Check if spinlock.h##d07917f143d2ca5ff94f2d220e528568.gcov is included (gcov file)...
(DEBUG) --> File is included.
(DEBUG) Check if log_msg.h##8e71b5010d1ef358ceb2fe0042f1ff82.gcov is included (gcov file)...
(DEBUG) --> File is included.
(DEBUG) Check if arch.h##f17e3501b457fcbd947bf4189b99bd89.gcov is included (gcov file)...
(DEBUG) --> File is included.
(DEBUG) Check if syscall.h##8128d8185b27548b9f11ce6707adf377.gcov is included (gcov file)...
(DEBUG) --> File is included.
(DEBUG) Check if atomic_builtin.h##23af1619d78a0629f5320614eb23b34f.gcov is included (gcov file)...
(DEBUG)   Filter AlwaysMatchFilter() matched.
(DEBUG) --> File is included.
(DEBUG) Check if /home/felipe/zephyrproject/zephyr-course/twister-out/kernel.h##02fe483cd34741e407932cea525697b1.gcov is included (trace)...
(DEBUG) --> File is excluded.
(DEBUG) Finding source file corresponding to a gcov data file
  gcov_fname   /home/felipe/zephyrproject/zephyr-course/twister-out/kernel.h##02fe483cd34741e407932cea525697b1.gcov
  current_dir  /home/felipe/zephyrproject/zephyr-course/twister-out
  root         /home/felipe/zephyrproject/zephyr-course/app/modules/ring_buf
  starting_dir /home/felipe/zephyrproject/zephyr-course
  obj_dir      /home/felipe/zephyrproject/zephyr-course/twister-out
  gcda_fname   native_sim_native/host_gnu/zephyr-course/tests/ring_buf/homework.unit.ring_buf/zephyr/CMakeFiles/zephyr.dir/subsys/logging/log_core.c.gcda
  --> fname    /home/felipe/zephyrproject/zephyr-course/twister-out/native_sim_native/host_gnu/zephyr-course/tests/ring_buf/homework.unit.ring_buf/zephyr/include/generated/zephyr/syscalls/kernel.h
(DEBUG) Check if /home/felipe/zephyrproject/zephyr-course/twister-out/native_sim_native/host_gnu/zephyr-course/tests/ring_buf/homework.unit.ring_buf/zephyr/include/generated/zephyr/syscalls/kernel.h is included (source file)...
(DEBUG) --> File is excluded.
(DEBUG) Check if /home/felipe/zephyrproject/zephyr-course/twister-out/arch.h##f17e3501b457fcbd947bf4189b99bd89.gcov is included (trace)...
(DEBUG) --> File is excluded.
(DEBUG) Finding source file corresponding to a gcov data file
  gcov_fname   /home/felipe/zephyrproject/zephyr-course/twister-out/arch.h##f17e3501b457fcbd947bf4189b99bd89.gcov
  current_dir  /home/felipe/zephyrproject/zephyr-course/twister-out
  root         /home/felipe/zephyrproject/zephyr-course/app/modules/ring_buf
  starting_dir /home/felipe/zephyrproject/zephyr-course
  obj_dir      /home/felipe/zephyrproject/zephyr-course/twister-out
  gcda_fname   native_sim_native/host_gnu/zephyr-course/tests/ring_buf/homework.unit.ring_buf/zephyr/CMakeFiles/zephyr.dir/subsys/logging/log_core.c.gcda
  --> fname    /home/felipe/zephyrproject/zephyr/include/zephyr/arch/posix/arch.h
(DEBUG) Check if /home/felipe/zephyrproject/zephyr/include/zephyr/arch/posix/arch.h is included (source file)...
(DEBUG) --> File is excluded.
(DEBUG) Check if /home/felipe/zephyrproject/zephyr-course/twister-out/log_ctrl.h##bc7291ddb353fe8c15fcc40af1692eaa.gcov is included (trace)...
(DEBUG)   No filter matched.
(DEBUG) --> File is excluded.
(DEBUG) Finding source file corresponding to a gcov data file
  gcov_fname   /home/felipe/zephyrproject/zephyr-course/twister-out/log_ctrl.h##bc7291ddb353fe8c15fcc40af1692eaa.gcov
  current_dir  /home/felipe/zephyrproject/zephyr-course/twister-out
  root         /home/felipe/zephyrproject/zephyr-course/app/modules/ring_buf
  starting_dir /home/felipe/zephyrproject/zephyr-course
  obj_dir      /home/felipe/zephyrproject/zephyr-course/twister-out
  gcda_fname   native_sim_native/host_gnu/zephyr-course/tests/ring_buf/homework.unit.ring_buf/zephyr/CMakeFiles/zephyr.dir/subsys/logging/log_core.c.gcda
  --> fname    /home/felipe/zephyrproject/zephyr-course/twister-out/native_sim_native/host_gnu/zephyr-course/tests/ring_buf/homework.unit.ring_buf/zephyr/include/generated/zephyr/syscalls/log_ctrl.h
(DEBUG) Check if /home/felipe/zephyrproject/zephyr-course/twister-out/native_sim_native/host_gnu/zephyr-course/tests/ring_buf/homework.unit.ring_buf/zephyr/include/generated/zephyr/syscalls/log_ctrl.h is included (source file)...
(DEBUG)   No filter matched.
(DEBUG) --> File is excluded.
(DEBUG) Check if /home/felipe/zephyrproject/zephyr-course/twister-out/log_msg.h##8e71b5010d1ef358ceb2fe0042f1ff82.gcov is included (trace)...
(DEBUG) --> File is excluded.
(DEBUG) Finding source file corresponding to a gcov data file
  gcov_fname   /home/felipe/zephyrproject/zephyr-course/twister-out/log_msg.h##8e71b5010d1ef358ceb2fe0042f1ff82.gcov
  current_dir  /home/felipe/zephyrproject/zephyr-course/twister-out
  root         /home/felipe/zephyrproject/zephyr-course/app/modules/ring_buf
  starting_dir /home/felipe/zephyrproject/zephyr-course
  obj_dir      /home/felipe/zephyrproject/zephyr-course/twister-out
  gcda_fname   native_sim_native/host_gnu/zephyr-course/tests/ring_buf/homework.unit.ring_buf/zephyr/CMakeFiles/zephyr.dir/subsys/logging/log_core.c.gcda
  --> fname    /home/felipe/zephyrproject/zephyr/include/zephyr/logging/log_msg.h
(DEBUG) Check if /home/felipe/zephyrproject/zephyr/include/zephyr/logging/log_msg.h is included (source file)...
(DEBUG) --> File is excluded.
(DEBUG) Check if /home/felipe/zephyrproject/zephyr-course/twister-out/log_core.c##fce8b3be9263256d3a22ba34a91fbfff.gcov is included (trace)...
(DEBUG)   No filter matched.
(DEBUG) --> File is excluded.
(DEBUG) Finding source file corresponding to a gcov data file
  gcov_fname   /home/felipe/zephyrproject/zephyr-course/twister-out/log_core.c##fce8b3be9263256d3a22ba34a91fbfff.gcov
  current_dir  /home/felipe/zephyrproject/zephyr-course/twister-out
  root         /home/felipe/zephyrproject/zephyr-course/app/modules/ring_buf
  starting_dir /home/felipe/zephyrproject/zephyr-course
  obj_dir      /home/felipe/zephyrproject/zephyr-course/twister-out
  gcda_fname   native_sim_native/host_gnu/zephyr-course/tests/ring_buf/homework.unit.ring_buf/zephyr/CMakeFiles/zephyr.dir/subsys/logging/log_core.c.gcda
  --> fname    /home/felipe/zephyrproject/zephyr/subsys/logging/log_core.c
(DEBUG) Check if /home/felipe/zephyrproject/zephyr/subsys/logging/log_core.c is included (source file)...
(DEBUG)   No filter matched.
(DEBUG) --> File is excluded.
(DEBUG) Check if /home/felipe/zephyrproject/zephyr-course/twister-out/spinlock.h##d07917f143d2ca5ff94f2d220e528568.gcov is included (trace)...
(DEBUG) --> File is excluded.
(DEBUG) Finding source file corresponding to a gcov data file
  gcov_fname   /home/felipe/zephyrproject/zephyr-course/twister-out/spinlock.h##d07917f143d2ca5ff94f2d220e528568.gcov
  current_dir  /home/felipe/zephyrproject/zephyr-course/twister-out
  root         /home/felipe/zephyrproject/zephyr-course/app/modules/ring_buf
  starting_dir /home/felipe/zephyrproject/zephyr-course
  obj_dir      /home/felipe/zephyrproject/zephyr-course/twister-out
  gcda_fname   native_sim_native/host_gnu/zephyr-course/tests/ring_buf/homework.unit.ring_buf/zephyr/CMakeFiles/zephyr.dir/subsys/logging/log_core.c.gcda
  --> fname    /home/felipe/zephyrproject/zephyr/include/zephyr/spinlock.h
(DEBUG) Check if /home/felipe/zephyrproject/zephyr/include/zephyr/spinlock.h is included (source file)...
(DEBUG) --> File is excluded.
(DEBUG) Check if /home/felipe/zephyrproject/zephyr-course/twister-out/atomic_builtin.h##23af1619d78a0629f5320614eb23b34f.gcov is included (trace)...
(DEBUG)   No filter matched.
(DEBUG) --> File is excluded.
(DEBUG) Finding source file corresponding to a gcov data file
  gcov_fname   /home/felipe/zephyrproject/zephyr-course/twister-out/atomic_builtin.h##23af1619d78a0629f5320614eb23b34f.gcov
  current_dir  /home/felipe/zephyrproject/zephyr-course/twister-out
  root         /home/felipe/zephyrproject/zephyr-course/app/modules/ring_buf
  starting_dir /home/felipe/zephyrproject/zephyr-course
  obj_dir      /home/felipe/zephyrproject/zephyr-course/twister-out
  gcda_fname   native_sim_native/host_gnu/zephyr-course/tests/ring_buf/homework.unit.ring_buf/zephyr/CMakeFiles/zephyr.dir/subsys/logging/log_core.c.gcda
  --> fname    /home/felipe/zephyrproject/zephyr/include/zephyr/sys/atomic_builtin.h
(DEBUG) Check if /home/felipe/zephyrproject/zephyr/include/zephyr/sys/atomic_builtin.h is included (source file)...
(DEBUG)   No filter matched.
(DEBUG) --> File is excluded.
(DEBUG) Check if /home/felipe/zephyrproject/zephyr-course/twister-out/syscall.h##8128d8185b27548b9f11ce6707adf377.gcov is included (trace)...
(DEBUG) --> File is excluded.
(DEBUG) Finding source file corresponding to a gcov data file
  gcov_fname   /home/felipe/zephyrproject/zephyr-course/twister-out/syscall.h##8128d8185b27548b9f11ce6707adf377.gcov
  current_dir  /home/felipe/zephyrproject/zephyr-course/twister-out
  root         /home/felipe/zephyrproject/zephyr-course/app/modules/ring_buf
  starting_dir /home/felipe/zephyrproject/zephyr-course
  obj_dir      /home/felipe/zephyrproject/zephyr-course/twister-out
  gcda_fname   native_sim_native/host_gnu/zephyr-course/tests/ring_buf/homework.unit.ring_buf/zephyr/CMakeFiles/zephyr.dir/subsys/logging/log_core.c.gcda
  --> fname    /home/felipe/zephyrproject/zephyr/include/zephyr/syscall.h
(DEBUG) Check if /home/felipe/zephyrproject/zephyr/include/zephyr/syscall.h is included (source file)...
(DEBUG) --> File is excluded.
(DEBUG) Check if /home/felipe/zephyrproject/zephyr-course/twister-out/kernel.h##8118239d1ec13e308e040c6439814b34.gcov is included (trace)...
(DEBUG) --> File is excluded.
(DEBUG) Finding source file corresponding to a gcov data file
  gcov_fname   /home/felipe/zephyrproject/zephyr-course/twister-out/kernel.h##8118239d1ec13e308e040c6439814b34.gcov
  current_dir  /home/felipe/zephyrproject/zephyr-course/twister-out
  root         /home/felipe/zephyrproject/zephyr-course/app/modules/ring_buf
  starting_dir /home/felipe/zephyrproject/zephyr-course
  obj_dir      /home/felipe/zephyrproject/zephyr-course/twister-out
  gcda_fname   native_sim_native/host_gnu/zephyr-course/tests/ring_buf/homework.unit.ring_buf/zephyr/CMakeFiles/zephyr.dir/subsys/logging/log_core.c.gcda
  --> fname    /home/felipe/zephyrproject/zephyr/include/zephyr/kernel.h
(DEBUG) Check if /home/felipe/zephyrproject/zephyr/include/zephyr/kernel.h is included (source file)...
(DEBUG) --> File is excluded.
(DEBUG) Check if /home/felipe/zephyrproject/zephyr-course/twister-out/log_backend.h##ee2cc09272cfd437395e6271cf485099.gcov is included (trace)...
(DEBUG)   No filter matched.
(DEBUG) --> File is excluded.
(DEBUG) Finding source file corresponding to a gcov data file
  gcov_fname   /home/felipe/zephyrproject/zephyr-course/twister-out/log_backend.h##ee2cc09272cfd437395e6271cf485099.gcov
  current_dir  /home/felipe/zephyrproject/zephyr-course/twister-out
  root         /home/felipe/zephyrproject/zephyr-course/app/modules/ring_buf
  starting_dir /home/felipe/zephyrproject/zephyr-course
  obj_dir      /home/felipe/zephyrproject/zephyr-course/twister-out
  gcda_fname   native_sim_native/host_gnu/zephyr-course/tests/ring_buf/homework.unit.ring_buf/zephyr/CMakeFiles/zephyr.dir/subsys/logging/log_core.c.gcda
  --> fname    /home/felipe/zephyrproject/zephyr/include/zephyr/logging/log_backend.h
(DEBUG) Check if /home/felipe/zephyrproject/zephyr/include/zephyr/logging/log_backend.h is included (source file)...
(DEBUG)   No filter matched.
(DEBUG) --> File is excluded.
(DEBUG) Check if /home/felipe/zephyrproject/zephyr-course/twister-out/native_sim_native/host_gnu/zephyr-course/tests/ring_buf/homework.unit.ring_buf/zephyr/CMakeFiles/zephyr.dir/subsys/logging/log_mgmt.c.gcda is included (trace)...
(DEBUG)   No filter matched.
(DEBUG) --> File is excluded.
(DEBUG) Check if /home/felipe/zephyrproject/zephyr-course/twister-out/native_sim_native/host_gnu/zephyr-course/tests/ring_buf/homework.unit.ring_buf/zephyr/CMakeFiles/zephyr.dir/subsys/logging/log_mgmt.c.gcda is included (trace)...
(DEBUG) --> File is excluded.
(DEBUG) Check if log_mgmt.c##a0df39efd6fa42b91191cecd180e3e10.gcov is included (gcov file)...
(DEBUG)   Filter AlwaysMatchFilter() matched.
(DEBUG) --> File is included.
(DEBUG) Check if log_link.h##9264c227c60b708fec151c531d80171d.gcov is included (gcov file)...
(DEBUG)   Filter AlwaysMatchFilter() matched.
(DEBUG) --> File is included.
(DEBUG) Check if log_ctrl.h##bc7291ddb353fe8c15fcc40af1692eaa.gcov is included (gcov file)...
(DEBUG) --> File is included.
(DEBUG) Check if log_backend.h##ee2cc09272cfd437395e6271cf485099.gcov is included (gcov file)...
(DEBUG) --> File is included.
(DEBUG) Check if log_internal.h##506d104cc18e3ab058d9d83dcb92f868.gcov is included (gcov file)...
(DEBUG)   Filter AlwaysMatchFilter() matched.
(DEBUG) --> File is included.
(DEBUG) Check if log_core.h##222ad98a543657d3ca60fd57c0098273.gcov is included (gcov file)...
(DEBUG)   Filter AlwaysMatchFilter() matched.
(DEBUG) --> File is included.
(DEBUG) Check if /home/felipe/zephyrproject/zephyr-course/twister-out/log_core.h##222ad98a543657d3ca60fd57c0098273.gcov is included (trace)...
(DEBUG)   No filter matched.
(DEBUG) --> File is excluded.
(DEBUG) Finding source file corresponding to a gcov data file
  gcov_fname   /home/felipe/zephyrproject/zephyr-course/twister-out/log_core.h##222ad98a543657d3ca60fd57c0098273.gcov
  current_dir  /home/felipe/zephyrproject/zephyr-course/twister-out
  root         /home/felipe/zephyrproject/zephyr-course/app/modules/ring_buf
  starting_dir /home/felipe/zephyrproject/zephyr-course
  obj_dir      /home/felipe/zephyrproject/zephyr-course/twister-out
  gcda_fname   native_sim_native/host_gnu/zephyr-course/tests/ring_buf/homework.unit.ring_buf/zephyr/CMakeFiles/zephyr.dir/subsys/logging/log_mgmt.c.gcda
  --> fname    /home/felipe/zephyrproject/zephyr/include/zephyr/logging/log_core.h
(DEBUG) Check if /home/felipe/zephyrproject/zephyr/include/zephyr/logging/log_core.h is included (source file)...
(DEBUG)   No filter matched.
(DEBUG) --> File is excluded.
(DEBUG) Check if /home/felipe/zephyrproject/zephyr-course/twister-out/log_ctrl.h##bc7291ddb353fe8c15fcc40af1692eaa.gcov is included (trace)...
(DEBUG) --> File is excluded.
(DEBUG) Finding source file corresponding to a gcov data file
  gcov_fname   /home/felipe/zephyrproject/zephyr-course/twister-out/log_ctrl.h##bc7291ddb353fe8c15fcc40af1692eaa.gcov
  current_dir  /home/felipe/zephyrproject/zephyr-course/twister-out
  root         /home/felipe/zephyrproject/zephyr-course/app/modules/ring_buf
  starting_dir /home/felipe/zephyrproject/zephyr-course
  obj_dir      /home/felipe/zephyrproject/zephyr-course/twister-out
  gcda_fname   native_sim_native/host_gnu/zephyr-course/tests/ring_buf/homework.unit.ring_buf/zephyr/CMakeFiles/zephyr.dir/subsys/logging/log_mgmt.c.gcda
  --> fname    /home/felipe/zephyrproject/zephyr-course/twister-out/native_sim_native/host_gnu/zephyr-course/tests/ring_buf/homework.unit.ring_buf/zephyr/include/generated/zephyr/syscalls/log_ctrl.h
(DEBUG) Check if /home/felipe/zephyrproject/zephyr-course/twister-out/native_sim_native/host_gnu/zephyr-course/tests/ring_buf/homework.unit.ring_buf/zephyr/include/generated/zephyr/syscalls/log_ctrl.h is included (source file)...
(DEBUG) --> File is excluded.
(DEBUG) Check if /home/felipe/zephyrproject/zephyr-course/twister-out/log_link.h##9264c227c60b708fec151c531d80171d.gcov is included (trace)...
(DEBUG)   No filter matched.
(DEBUG) --> File is excluded.
(DEBUG) Finding source file corresponding to a gcov data file
  gcov_fname   /home/felipe/zephyrproject/zephyr-course/twister-out/log_link.h##9264c227c60b708fec151c531d80171d.gcov
  current_dir  /home/felipe/zephyrproject/zephyr-course/twister-out
  root         /home/felipe/zephyrproject/zephyr-course/app/modules/ring_buf
  starting_dir /home/felipe/zephyrproject/zephyr-course
  obj_dir      /home/felipe/zephyrproject/zephyr-course/twister-out
  gcda_fname   native_sim_native/host_gnu/zephyr-course/tests/ring_buf/homework.unit.ring_buf/zephyr/CMakeFiles/zephyr.dir/subsys/logging/log_mgmt.c.gcda
  --> fname    /home/felipe/zephyrproject/zephyr/include/zephyr/logging/log_link.h
(DEBUG) Check if /home/felipe/zephyrproject/zephyr/include/zephyr/logging/log_link.h is included (source file)...
(DEBUG)   No filter matched.
(DEBUG) --> File is excluded.
(DEBUG) Check if /home/felipe/zephyrproject/zephyr-course/twister-out/log_mgmt.c##a0df39efd6fa42b91191cecd180e3e10.gcov is included (trace)...
(DEBUG)   No filter matched.
(DEBUG) --> File is excluded.
(DEBUG) Finding source file corresponding to a gcov data file
  gcov_fname   /home/felipe/zephyrproject/zephyr-course/twister-out/log_mgmt.c##a0df39efd6fa42b91191cecd180e3e10.gcov
  current_dir  /home/felipe/zephyrproject/zephyr-course/twister-out
  root         /home/felipe/zephyrproject/zephyr-course/app/modules/ring_buf
  starting_dir /home/felipe/zephyrproject/zephyr-course
  obj_dir      /home/felipe/zephyrproject/zephyr-course/twister-out
  gcda_fname   native_sim_native/host_gnu/zephyr-course/tests/ring_buf/homework.unit.ring_buf/zephyr/CMakeFiles/zephyr.dir/subsys/logging/log_mgmt.c.gcda
  --> fname    /home/felipe/zephyrproject/zephyr/subsys/logging/log_mgmt.c
(DEBUG) Check if /home/felipe/zephyrproject/zephyr/subsys/logging/log_mgmt.c is included (source file)...
(DEBUG)   No filter matched.
(DEBUG) --> File is excluded.
(DEBUG) Check if /home/felipe/zephyrproject/zephyr-course/twister-out/log_backend.h##ee2cc09272cfd437395e6271cf485099.gcov is included (trace)...
(DEBUG) --> File is excluded.
(DEBUG) Finding source file corresponding to a gcov data file
  gcov_fname   /home/felipe/zephyrproject/zephyr-course/twister-out/log_backend.h##ee2cc09272cfd437395e6271cf485099.gcov
  current_dir  /home/felipe/zephyrproject/zephyr-course/twister-out
  root         /home/felipe/zephyrproject/zephyr-course/app/modules/ring_buf
  starting_dir /home/felipe/zephyrproject/zephyr-course
  obj_dir      /home/felipe/zephyrproject/zephyr-course/twister-out
  gcda_fname   native_sim_native/host_gnu/zephyr-course/tests/ring_buf/homework.unit.ring_buf/zephyr/CMakeFiles/zephyr.dir/subsys/logging/log_mgmt.c.gcda
  --> fname    /home/felipe/zephyrproject/zephyr/include/zephyr/logging/log_backend.h
(DEBUG) Check if /home/felipe/zephyrproject/zephyr/include/zephyr/logging/log_backend.h is included (source file)...
(DEBUG) --> File is excluded.
(DEBUG) Check if /home/felipe/zephyrproject/zephyr-course/twister-out/log_internal.h##506d104cc18e3ab058d9d83dcb92f868.gcov is included (trace)...
(DEBUG)   No filter matched.
(DEBUG) --> File is excluded.
(DEBUG) Finding source file corresponding to a gcov data file
  gcov_fname   /home/felipe/zephyrproject/zephyr-course/twister-out/log_internal.h##506d104cc18e3ab058d9d83dcb92f868.gcov
  current_dir  /home/felipe/zephyrproject/zephyr-course/twister-out
  root         /home/felipe/zephyrproject/zephyr-course/app/modules/ring_buf
  starting_dir /home/felipe/zephyrproject/zephyr-course
  obj_dir      /home/felipe/zephyrproject/zephyr-course/twister-out
  gcda_fname   native_sim_native/host_gnu/zephyr-course/tests/ring_buf/homework.unit.ring_buf/zephyr/CMakeFiles/zephyr.dir/subsys/logging/log_mgmt.c.gcda
  --> fname    /home/felipe/zephyrproject/zephyr/include/zephyr/logging/log_internal.h
(DEBUG) Check if /home/felipe/zephyrproject/zephyr/include/zephyr/logging/log_internal.h is included (source file)...
(DEBUG)   No filter matched.
(DEBUG) --> File is excluded.
(DEBUG) Check if /home/felipe/zephyrproject/zephyr-course/twister-out/native_sim_native/host_gnu/zephyr-course/tests/ring_buf/homework.unit.ring_buf/zephyr/CMakeFiles/zephyr.dir/subsys/logging/log_msg.c.gcda is included (trace)...
(DEBUG)   No filter matched.
(DEBUG) --> File is excluded.
(DEBUG) Check if /home/felipe/zephyrproject/zephyr-course/twister-out/native_sim_native/host_gnu/zephyr-course/tests/ring_buf/homework.unit.ring_buf/zephyr/CMakeFiles/zephyr.dir/subsys/logging/log_msg.c.gcda is included (trace)...
(DEBUG) --> File is excluded.
(DEBUG) Check if log_msg.c##aad5d07d502a99449e19f0fefbdd61aa.gcov is included (gcov file)...
(DEBUG)   Filter AlwaysMatchFilter() matched.
(DEBUG) --> File is included.
(DEBUG) Check if log_internal.h##506d104cc18e3ab058d9d83dcb92f868.gcov is included (gcov file)...
(DEBUG) --> File is included.
(DEBUG) Check if log_core.h##222ad98a543657d3ca60fd57c0098273.gcov is included (gcov file)...
(DEBUG) --> File is included.
(DEBUG) Check if log_msg.h##06b7f9328cfed5bd4337905feee39a23.gcov is included (gcov file)...
(DEBUG)   Filter AlwaysMatchFilter() matched.
(DEBUG) --> File is included.
(DEBUG) Check if log_msg.h##8e71b5010d1ef358ceb2fe0042f1ff82.gcov is included (gcov file)...
(DEBUG) --> File is included.
(DEBUG) Check if cbprintf.h##b2e151616223f33dd5fe1cc0fe535743.gcov is included (gcov file)...
(DEBUG) --> File is included.
(DEBUG) Check if syscall.h##8128d8185b27548b9f11ce6707adf377.gcov is included (gcov file)...
(DEBUG) --> File is included.
(DEBUG) Check if /home/felipe/zephyrproject/zephyr-course/twister-out/cbprintf.h##b2e151616223f33dd5fe1cc0fe535743.gcov is included (trace)...
(DEBUG) --> File is excluded.
(DEBUG) Finding source file corresponding to a gcov data file
  gcov_fname   /home/felipe/zephyrproject/zephyr-course/twister-out/cbprintf.h##b2e151616223f33dd5fe1cc0fe535743.gcov
  current_dir  /home/felipe/zephyrproject/zephyr-course/twister-out
  root         /home/felipe/zephyrproject/zephyr-course/app/modules/ring_buf
  starting_dir /home/felipe/zephyrproject/zephyr-course
  obj_dir      /home/felipe/zephyrproject/zephyr-course/twister-out
  gcda_fname   native_sim_native/host_gnu/zephyr-course/tests/ring_buf/homework.unit.ring_buf/zephyr/CMakeFiles/zephyr.dir/subsys/logging/log_msg.c.gcda
  --> fname    /home/felipe/zephyrproject/zephyr/include/zephyr/sys/cbprintf.h
(DEBUG) Check if /home/felipe/zephyrproject/zephyr/include/zephyr/sys/cbprintf.h is included (source file)...
(DEBUG) --> File is excluded.
(DEBUG) Check if /home/felipe/zephyrproject/zephyr-course/twister-out/log_msg.h##06b7f9328cfed5bd4337905feee39a23.gcov is included (trace)...
(DEBUG)   No filter matched.
(DEBUG) --> File is excluded.
(DEBUG) Finding source file corresponding to a gcov data file
  gcov_fname   /home/felipe/zephyrproject/zephyr-course/twister-out/log_msg.h##06b7f9328cfed5bd4337905feee39a23.gcov
  current_dir  /home/felipe/zephyrproject/zephyr-course/twister-out
  root         /home/felipe/zephyrproject/zephyr-course/app/modules/ring_buf
  starting_dir /home/felipe/zephyrproject/zephyr-course
  obj_dir      /home/felipe/zephyrproject/zephyr-course/twister-out
  gcda_fname   native_sim_native/host_gnu/zephyr-course/tests/ring_buf/homework.unit.ring_buf/zephyr/CMakeFiles/zephyr.dir/subsys/logging/log_msg.c.gcda
  --> fname    /home/felipe/zephyrproject/zephyr-course/twister-out/native_sim_native/host_gnu/zephyr-course/tests/ring_buf/homework.unit.ring_buf/zephyr/include/generated/zephyr/syscalls/log_msg.h
(DEBUG) Check if /home/felipe/zephyrproject/zephyr-course/twister-out/native_sim_native/host_gnu/zephyr-course/tests/ring_buf/homework.unit.ring_buf/zephyr/include/generated/zephyr/syscalls/log_msg.h is included (source file)...
(DEBUG)   No filter matched.
(DEBUG) --> File is excluded.
(DEBUG) Check if /home/felipe/zephyrproject/zephyr-course/twister-out/log_msg.c##aad5d07d502a99449e19f0fefbdd61aa.gcov is included (trace)...
(DEBUG)   No filter matched.
(DEBUG) --> File is excluded.
(DEBUG) Finding source file corresponding to a gcov data file
  gcov_fname   /home/felipe/zephyrproject/zephyr-course/twister-out/log_msg.c##aad5d07d502a99449e19f0fefbdd61aa.gcov
  current_dir  /home/felipe/zephyrproject/zephyr-course/twister-out
  root         /home/felipe/zephyrproject/zephyr-course/app/modules/ring_buf
  starting_dir /home/felipe/zephyrproject/zephyr-course
  obj_dir      /home/felipe/zephyrproject/zephyr-course/twister-out
  gcda_fname   native_sim_native/host_gnu/zephyr-course/tests/ring_buf/homework.unit.ring_buf/zephyr/CMakeFiles/zephyr.dir/subsys/logging/log_msg.c.gcda
  --> fname    /home/felipe/zephyrproject/zephyr/subsys/logging/log_msg.c
(DEBUG) Check if /home/felipe/zephyrproject/zephyr/subsys/logging/log_msg.c is included (source file)...
(DEBUG)   No filter matched.
(DEBUG) --> File is excluded.
(DEBUG) Check if /home/felipe/zephyrproject/zephyr-course/twister-out/log_core.h##222ad98a543657d3ca60fd57c0098273.gcov is included (trace)...
(DEBUG) --> File is excluded.
(DEBUG) Finding source file corresponding to a gcov data file
  gcov_fname   /home/felipe/zephyrproject/zephyr-course/twister-out/log_core.h##222ad98a543657d3ca60fd57c0098273.gcov
  current_dir  /home/felipe/zephyrproject/zephyr-course/twister-out
  root         /home/felipe/zephyrproject/zephyr-course/app/modules/ring_buf
  starting_dir /home/felipe/zephyrproject/zephyr-course
  obj_dir      /home/felipe/zephyrproject/zephyr-course/twister-out
  gcda_fname   native_sim_native/host_gnu/zephyr-course/tests/ring_buf/homework.unit.ring_buf/zephyr/CMakeFiles/zephyr.dir/subsys/logging/log_msg.c.gcda
  --> fname    /home/felipe/zephyrproject/zephyr/include/zephyr/logging/log_core.h
(DEBUG) Check if /home/felipe/zephyrproject/zephyr/include/zephyr/logging/log_core.h is included (source file)...
(DEBUG) --> File is excluded.
(DEBUG) Check if /home/felipe/zephyrproject/zephyr-course/twister-out/log_msg.h##8e71b5010d1ef358ceb2fe0042f1ff82.gcov is included (trace)...
(DEBUG) --> File is excluded.
(DEBUG) Finding source file corresponding to a gcov data file
  gcov_fname   /home/felipe/zephyrproject/zephyr-course/twister-out/log_msg.h##8e71b5010d1ef358ceb2fe0042f1ff82.gcov
  current_dir  /home/felipe/zephyrproject/zephyr-course/twister-out
  root         /home/felipe/zephyrproject/zephyr-course/app/modules/ring_buf
  starting_dir /home/felipe/zephyrproject/zephyr-course
  obj_dir      /home/felipe/zephyrproject/zephyr-course/twister-out
  gcda_fname   native_sim_native/host_gnu/zephyr-course/tests/ring_buf/homework.unit.ring_buf/zephyr/CMakeFiles/zephyr.dir/subsys/logging/log_msg.c.gcda
  --> fname    /home/felipe/zephyrproject/zephyr/include/zephyr/logging/log_msg.h
(DEBUG) Check if /home/felipe/zephyrproject/zephyr/include/zephyr/logging/log_msg.h is included (source file)...
(DEBUG) --> File is excluded.
(DEBUG) Check if /home/felipe/zephyrproject/zephyr-course/twister-out/syscall.h##8128d8185b27548b9f11ce6707adf377.gcov is included (trace)...
(DEBUG) --> File is excluded.
(DEBUG) Finding source file corresponding to a gcov data file
  gcov_fname   /home/felipe/zephyrproject/zephyr-course/twister-out/syscall.h##8128d8185b27548b9f11ce6707adf377.gcov
  current_dir  /home/felipe/zephyrproject/zephyr-course/twister-out
  root         /home/felipe/zephyrproject/zephyr-course/app/modules/ring_buf
  starting_dir /home/felipe/zephyrproject/zephyr-course
  obj_dir      /home/felipe/zephyrproject/zephyr-course/twister-out
  gcda_fname   native_sim_native/host_gnu/zephyr-course/tests/ring_buf/homework.unit.ring_buf/zephyr/CMakeFiles/zephyr.dir/subsys/logging/log_msg.c.gcda
  --> fname    /home/felipe/zephyrproject/zephyr/include/zephyr/syscall.h
(DEBUG) Check if /home/felipe/zephyrproject/zephyr/include/zephyr/syscall.h is included (source file)...
(DEBUG) --> File is excluded.
(DEBUG) Check if /home/felipe/zephyrproject/zephyr-course/twister-out/log_internal.h##506d104cc18e3ab058d9d83dcb92f868.gcov is included (trace)...
(DEBUG) --> File is excluded.
(DEBUG) Finding source file corresponding to a gcov data file
  gcov_fname   /home/felipe/zephyrproject/zephyr-course/twister-out/log_internal.h##506d104cc18e3ab058d9d83dcb92f868.gcov
  current_dir  /home/felipe/zephyrproject/zephyr-course/twister-out
  root         /home/felipe/zephyrproject/zephyr-course/app/modules/ring_buf
  starting_dir /home/felipe/zephyrproject/zephyr-course
  obj_dir      /home/felipe/zephyrproject/zephyr-course/twister-out
  gcda_fname   native_sim_native/host_gnu/zephyr-course/tests/ring_buf/homework.unit.ring_buf/zephyr/CMakeFiles/zephyr.dir/subsys/logging/log_msg.c.gcda
  --> fname    /home/felipe/zephyrproject/zephyr/include/zephyr/logging/log_internal.h
(DEBUG) Check if /home/felipe/zephyrproject/zephyr/include/zephyr/logging/log_internal.h is included (source file)...
(DEBUG) --> File is excluded.
(DEBUG) Check if /home/felipe/zephyrproject/zephyr-course/twister-out/native_sim_native/host_gnu/zephyr-course/tests/ring_buf/homework.unit.ring_buf/zephyr/CMakeFiles/zephyr.dir/subsys/logging/log_output.c.gcda is included (trace)...
(DEBUG)   No filter matched.
(DEBUG) --> File is excluded.
(DEBUG) Check if /home/felipe/zephyrproject/zephyr-course/twister-out/native_sim_native/host_gnu/zephyr-course/tests/ring_buf/homework.unit.ring_buf/zephyr/CMakeFiles/zephyr.dir/subsys/logging/log_output.c.gcda is included (trace)...
(DEBUG) --> File is excluded.
(DEBUG) Check if log_output.c##2486d85f8088283bfed2fe1b0642d900.gcov is included (gcov file)...
(DEBUG)   Filter AlwaysMatchFilter() matched.
(DEBUG) --> File is included.
(DEBUG) Check if log_output.h##8eca4334ad56db1ca55a707acc17c177.gcov is included (gcov file)...
(DEBUG) --> File is included.
(DEBUG) Check if log_msg.h##8e71b5010d1ef358ceb2fe0042f1ff82.gcov is included (gcov file)...
(DEBUG) --> File is included.
(DEBUG) Check if cbprintf.h##b2e151616223f33dd5fe1cc0fe535743.gcov is included (gcov file)...
(DEBUG) --> File is included.
(DEBUG) Check if /home/felipe/zephyrproject/zephyr-course/twister-out/log_msg.h##8e71b5010d1ef358ceb2fe0042f1ff82.gcov is included (trace)...
(DEBUG) --> File is excluded.
(DEBUG) Finding source file corresponding to a gcov data file
  gcov_fname   /home/felipe/zephyrproject/zephyr-course/twister-out/log_msg.h##8e71b5010d1ef358ceb2fe0042f1ff82.gcov
  current_dir  /home/felipe/zephyrproject/zephyr-course/twister-out
  root         /home/felipe/zephyrproject/zephyr-course/app/modules/ring_buf
  starting_dir /home/felipe/zephyrproject/zephyr-course
  obj_dir      /home/felipe/zephyrproject/zephyr-course/twister-out
  gcda_fname   native_sim_native/host_gnu/zephyr-course/tests/ring_buf/homework.unit.ring_buf/zephyr/CMakeFiles/zephyr.dir/subsys/logging/log_output.c.gcda
  --> fname    /home/felipe/zephyrproject/zephyr/include/zephyr/logging/log_msg.h
(DEBUG) Check if /home/felipe/zephyrproject/zephyr/include/zephyr/logging/log_msg.h is included (source file)...
(DEBUG) --> File is excluded.
(DEBUG) Check if /home/felipe/zephyrproject/zephyr-course/twister-out/log_output.c##2486d85f8088283bfed2fe1b0642d900.gcov is included (trace)...
(DEBUG)   No filter matched.
(DEBUG) --> File is excluded.
(DEBUG) Finding source file corresponding to a gcov data file
  gcov_fname   /home/felipe/zephyrproject/zephyr-course/twister-out/log_output.c##2486d85f8088283bfed2fe1b0642d900.gcov
  current_dir  /home/felipe/zephyrproject/zephyr-course/twister-out
  root         /home/felipe/zephyrproject/zephyr-course/app/modules/ring_buf
  starting_dir /home/felipe/zephyrproject/zephyr-course
  obj_dir      /home/felipe/zephyrproject/zephyr-course/twister-out
  gcda_fname   native_sim_native/host_gnu/zephyr-course/tests/ring_buf/homework.unit.ring_buf/zephyr/CMakeFiles/zephyr.dir/subsys/logging/log_output.c.gcda
  --> fname    /home/felipe/zephyrproject/zephyr/subsys/logging/log_output.c
(DEBUG) Check if /home/felipe/zephyrproject/zephyr/subsys/logging/log_output.c is included (source file)...
(DEBUG)   No filter matched.
(DEBUG) --> File is excluded.
(DEBUG) Check if /home/felipe/zephyrproject/zephyr-course/twister-out/log_output.h##8eca4334ad56db1ca55a707acc17c177.gcov is included (trace)...
(DEBUG) --> File is excluded.
(DEBUG) Finding source file corresponding to a gcov data file
  gcov_fname   /home/felipe/zephyrproject/zephyr-course/twister-out/log_output.h##8eca4334ad56db1ca55a707acc17c177.gcov
  current_dir  /home/felipe/zephyrproject/zephyr-course/twister-out
  root         /home/felipe/zephyrproject/zephyr-course/app/modules/ring_buf
  starting_dir /home/felipe/zephyrproject/zephyr-course
  obj_dir      /home/felipe/zephyrproject/zephyr-course/twister-out
  gcda_fname   native_sim_native/host_gnu/zephyr-course/tests/ring_buf/homework.unit.ring_buf/zephyr/CMakeFiles/zephyr.dir/subsys/logging/log_output.c.gcda
  --> fname    /home/felipe/zephyrproject/zephyr/include/zephyr/logging/log_output.h
(DEBUG) Check if /home/felipe/zephyrproject/zephyr/include/zephyr/logging/log_output.h is included (source file)...
(DEBUG) --> File is excluded.
(DEBUG) Check if /home/felipe/zephyrproject/zephyr-course/twister-out/cbprintf.h##b2e151616223f33dd5fe1cc0fe535743.gcov is included (trace)...
(DEBUG) --> File is excluded.
(DEBUG) Finding source file corresponding to a gcov data file
  gcov_fname   /home/felipe/zephyrproject/zephyr-course/twister-out/cbprintf.h##b2e151616223f33dd5fe1cc0fe535743.gcov
  current_dir  /home/felipe/zephyrproject/zephyr-course/twister-out
  root         /home/felipe/zephyrproject/zephyr-course/app/modules/ring_buf
  starting_dir /home/felipe/zephyrproject/zephyr-course
  obj_dir      /home/felipe/zephyrproject/zephyr-course/twister-out
  gcda_fname   native_sim_native/host_gnu/zephyr-course/tests/ring_buf/homework.unit.ring_buf/zephyr/CMakeFiles/zephyr.dir/subsys/logging/log_output.c.gcda
  --> fname    /home/felipe/zephyrproject/zephyr/include/zephyr/sys/cbprintf.h
(DEBUG) Check if /home/felipe/zephyrproject/zephyr/include/zephyr/sys/cbprintf.h is included (source file)...
(DEBUG) --> File is excluded.
(DEBUG) Check if /home/felipe/zephyrproject/zephyr-course/twister-out/native_sim_native/host_gnu/zephyr-course/tests/ring_buf/homework.unit.ring_buf/zephyr/CMakeFiles/zephyr.dir/subsys/tracing/tracing_none.c.gcda is included (trace)...
(DEBUG)   No filter matched.
(DEBUG) --> File is excluded.
(DEBUG) Check if /home/felipe/zephyrproject/zephyr-course/twister-out/native_sim_native/host_gnu/zephyr-course/tests/ring_buf/homework.unit.ring_buf/zephyr/CMakeFiles/zephyr.dir/subsys/tracing/tracing_none.c.gcda is included (trace)...
(DEBUG) --> File is excluded.
(DEBUG) Check if tracing_none.c##0585d140fc20ddb367307046cf370d20.gcov is included (gcov file)...
(DEBUG)   Filter AlwaysMatchFilter() matched.
(DEBUG) --> File is included.
(DEBUG) Check if /home/felipe/zephyrproject/zephyr-course/twister-out/tracing_none.c##0585d140fc20ddb367307046cf370d20.gcov is included (trace)...
(DEBUG)   No filter matched.
(DEBUG) --> File is excluded.
(DEBUG) Finding source file corresponding to a gcov data file
  gcov_fname   /home/felipe/zephyrproject/zephyr-course/twister-out/tracing_none.c##0585d140fc20ddb367307046cf370d20.gcov
  current_dir  /home/felipe/zephyrproject/zephyr-course/twister-out
  root         /home/felipe/zephyrproject/zephyr-course/app/modules/ring_buf
  starting_dir /home/felipe/zephyrproject/zephyr-course
  obj_dir      /home/felipe/zephyrproject/zephyr-course/twister-out
  gcda_fname   native_sim_native/host_gnu/zephyr-course/tests/ring_buf/homework.unit.ring_buf/zephyr/CMakeFiles/zephyr.dir/subsys/tracing/tracing_none.c.gcda
  --> fname    /home/felipe/zephyrproject/zephyr/subsys/tracing/tracing_none.c
(DEBUG) Check if /home/felipe/zephyrproject/zephyr/subsys/tracing/tracing_none.c is included (source file)...
(DEBUG)   No filter matched.
(DEBUG) --> File is excluded.
(DEBUG) Check if /home/felipe/zephyrproject/zephyr-course/twister-out/native_sim_native/host_gnu/zephyr-course/tests/ring_buf/homework.unit.ring_buf/zephyr/CMakeFiles/zephyr_pre0.dir/misc/empty_file.c.gcno is included (trace)...
(DEBUG)   No filter matched.
(DEBUG) --> File is excluded.
(DEBUG) Check if /home/felipe/zephyrproject/zephyr-course/twister-out/native_sim_native/host_gnu/zephyr-course/tests/ring_buf/homework.unit.ring_buf/zephyr/CMakeFiles/zephyr_pre0.dir/misc/empty_file.c.gcno is included (trace)...
(DEBUG) --> File is excluded.
(DEBUG) Check if /home/felipe/zephyrproject/zephyr-course/twister-out/native_sim_native/host_gnu/zephyr-course/tests/ring_buf/homework.unit.ring_buf/zephyr/NSI/common/src/main.gcda is included (trace)...
(DEBUG)   No filter matched.
(DEBUG) --> File is excluded.
(DEBUG) Check if /home/felipe/zephyrproject/zephyr-course/twister-out/native_sim_native/host_gnu/zephyr-course/tests/ring_buf/homework.unit.ring_buf/zephyr/NSI/common/src/main.gcda is included (trace)...
(DEBUG) --> File is excluded.
(DEBUG) Check if main.c##e3ea3269d4599a8145801291f9a132b6.gcov is included (gcov file)...
(DEBUG)   Filter AlwaysMatchFilter() matched.
(DEBUG) --> File is included.
(DEBUG) Check if nsi_hw_scheduler.h##18b49d179f44403c85d4a20fc3dc71ce.gcov is included (gcov file)...
(DEBUG)   Filter AlwaysMatchFilter() matched.
(DEBUG) --> File is included.
(DEBUG) Check if /home/felipe/zephyrproject/zephyr-course/twister-out/main.c##e3ea3269d4599a8145801291f9a132b6.gcov is included (trace)...
(DEBUG)   No filter matched.
(DEBUG) --> File is excluded.
(DEBUG) Finding source file corresponding to a gcov data file
  gcov_fname   /home/felipe/zephyrproject/zephyr-course/twister-out/main.c##e3ea3269d4599a8145801291f9a132b6.gcov
  current_dir  /home/felipe/zephyrproject/zephyr-course/twister-out
  root         /home/felipe/zephyrproject/zephyr-course/app/modules/ring_buf
  starting_dir /home/felipe/zephyrproject/zephyr-course
  obj_dir      /home/felipe/zephyrproject/zephyr-course/twister-out
  gcda_fname   native_sim_native/host_gnu/zephyr-course/tests/ring_buf/homework.unit.ring_buf/zephyr/NSI/common/src/main.gcda
  --> fname    /home/felipe/zephyrproject/zephyr/scripts/native_simulator/common/src/main.c
(DEBUG) Check if /home/felipe/zephyrproject/zephyr/scripts/native_simulator/common/src/main.c is included (source file)...
(DEBUG)   No filter matched.
(DEBUG) --> File is excluded.
(DEBUG) Check if /home/felipe/zephyrproject/zephyr-course/twister-out/nsi_hw_scheduler.h##18b49d179f44403c85d4a20fc3dc71ce.gcov is included (trace)...
(DEBUG)   No filter matched.
(DEBUG) --> File is excluded.
(DEBUG) Finding source file corresponding to a gcov data file
  gcov_fname   /home/felipe/zephyrproject/zephyr-course/twister-out/nsi_hw_scheduler.h##18b49d179f44403c85d4a20fc3dc71ce.gcov
  current_dir  /home/felipe/zephyrproject/zephyr-course/twister-out
  root         /home/felipe/zephyrproject/zephyr-course/app/modules/ring_buf
  starting_dir /home/felipe/zephyrproject/zephyr-course
  obj_dir      /home/felipe/zephyrproject/zephyr-course/twister-out
  gcda_fname   native_sim_native/host_gnu/zephyr-course/tests/ring_buf/homework.unit.ring_buf/zephyr/NSI/common/src/main.gcda
  --> fname    /home/felipe/zephyrproject/zephyr/scripts/native_simulator/common/src/include/nsi_hw_scheduler.h
(DEBUG) Check if /home/felipe/zephyrproject/zephyr/scripts/native_simulator/common/src/include/nsi_hw_scheduler.h is included (source file)...
(DEBUG)   No filter matched.
(DEBUG) --> File is excluded.
(DEBUG) Check if /home/felipe/zephyrproject/zephyr-course/twister-out/native_sim_native/host_gnu/zephyr-course/tests/ring_buf/homework.unit.ring_buf/zephyr/NSI/common/src/nce.gcda is included (trace)...
(DEBUG)   No filter matched.
(DEBUG) --> File is excluded.
(DEBUG) Check if /home/felipe/zephyrproject/zephyr-course/twister-out/native_sim_native/host_gnu/zephyr-course/tests/ring_buf/homework.unit.ring_buf/zephyr/NSI/common/src/nce.gcda is included (trace)...
(DEBUG) --> File is excluded.
(DEBUG) Check if nce.c##980e1b7b5065439332827bba85337c87.gcov is included (gcov file)...
(DEBUG)   Filter AlwaysMatchFilter() matched.
(DEBUG) --> File is included.
(DEBUG) Check if nsi_safe_call.h##b46d4efd73b6db3d790cd564e158af7d.gcov is included (gcov file)...
(DEBUG)   Filter AlwaysMatchFilter() matched.
(DEBUG) --> File is included.
(DEBUG) Check if /home/felipe/zephyrproject/zephyr-course/twister-out/nce.c##980e1b7b5065439332827bba85337c87.gcov is included (trace)...
(DEBUG)   No filter matched.
(DEBUG) --> File is excluded.
(DEBUG) Finding source file corresponding to a gcov data file
  gcov_fname   /home/felipe/zephyrproject/zephyr-course/twister-out/nce.c##980e1b7b5065439332827bba85337c87.gcov
  current_dir  /home/felipe/zephyrproject/zephyr-course/twister-out
  root         /home/felipe/zephyrproject/zephyr-course/app/modules/ring_buf
  starting_dir /home/felipe/zephyrproject/zephyr-course
  obj_dir      /home/felipe/zephyrproject/zephyr-course/twister-out
  gcda_fname   native_sim_native/host_gnu/zephyr-course/tests/ring_buf/homework.unit.ring_buf/zephyr/NSI/common/src/nce.gcda
  --> fname    /home/felipe/zephyrproject/zephyr/scripts/native_simulator/common/src/nce.c
(DEBUG) Check if /home/felipe/zephyrproject/zephyr/scripts/native_simulator/common/src/nce.c is included (source file)...
(DEBUG)   No filter matched.
(DEBUG) --> File is excluded.
(DEBUG) Check if /home/felipe/zephyrproject/zephyr-course/twister-out/nsi_safe_call.h##b46d4efd73b6db3d790cd564e158af7d.gcov is included (trace)...
(DEBUG)   No filter matched.
(DEBUG) --> File is excluded.
(DEBUG) Finding source file corresponding to a gcov data file
  gcov_fname   /home/felipe/zephyrproject/zephyr-course/twister-out/nsi_safe_call.h##b46d4efd73b6db3d790cd564e158af7d.gcov
  current_dir  /home/felipe/zephyrproject/zephyr-course/twister-out
  root         /home/felipe/zephyrproject/zephyr-course/app/modules/ring_buf
  starting_dir /home/felipe/zephyrproject/zephyr-course
  obj_dir      /home/felipe/zephyrproject/zephyr-course/twister-out
  gcda_fname   native_sim_native/host_gnu/zephyr-course/tests/ring_buf/homework.unit.ring_buf/zephyr/NSI/common/src/nce.gcda
  --> fname    /home/felipe/zephyrproject/zephyr/scripts/native_simulator/common/src/nsi_safe_call.h
(DEBUG) Check if /home/felipe/zephyrproject/zephyr/scripts/native_simulator/common/src/nsi_safe_call.h is included (source file)...
(DEBUG)   No filter matched.
(DEBUG) --> File is excluded.
(DEBUG) Check if /home/felipe/zephyrproject/zephyr-course/twister-out/native_sim_native/host_gnu/zephyr-course/tests/ring_buf/homework.unit.ring_buf/zephyr/NSI/common/src/nct.gcda is included (trace)...
(DEBUG)   No filter matched.
(DEBUG) --> File is excluded.
(DEBUG) Check if /home/felipe/zephyrproject/zephyr-course/twister-out/native_sim_native/host_gnu/zephyr-course/tests/ring_buf/homework.unit.ring_buf/zephyr/NSI/common/src/nct.gcda is included (trace)...
(DEBUG) --> File is excluded.
(DEBUG) Check if nct.c##58d6fa6cbbd690972805fd7b2f63d737.gcov is included (gcov file)...
(DEBUG)   Filter AlwaysMatchFilter() matched.
(DEBUG) --> File is included.
(DEBUG) Check if nsi_safe_call.h##b46d4efd73b6db3d790cd564e158af7d.gcov is included (gcov file)...
(DEBUG) --> File is included.
(DEBUG) Check if /home/felipe/zephyrproject/zephyr-course/twister-out/nct.c##58d6fa6cbbd690972805fd7b2f63d737.gcov is included (trace)...
(DEBUG)   No filter matched.
(DEBUG) --> File is excluded.
(DEBUG) Finding source file corresponding to a gcov data file
  gcov_fname   /home/felipe/zephyrproject/zephyr-course/twister-out/nct.c##58d6fa6cbbd690972805fd7b2f63d737.gcov
  current_dir  /home/felipe/zephyrproject/zephyr-course/twister-out
  root         /home/felipe/zephyrproject/zephyr-course/app/modules/ring_buf
  starting_dir /home/felipe/zephyrproject/zephyr-course
  obj_dir      /home/felipe/zephyrproject/zephyr-course/twister-out
  gcda_fname   native_sim_native/host_gnu/zephyr-course/tests/ring_buf/homework.unit.ring_buf/zephyr/NSI/common/src/nct.gcda
  --> fname    /home/felipe/zephyrproject/zephyr/scripts/native_simulator/common/src/nct.c
(DEBUG) Check if /home/felipe/zephyrproject/zephyr/scripts/native_simulator/common/src/nct.c is included (source file)...
(DEBUG)   No filter matched.
(DEBUG) --> File is excluded.
(DEBUG) Check if /home/felipe/zephyrproject/zephyr-course/twister-out/nsi_safe_call.h##b46d4efd73b6db3d790cd564e158af7d.gcov is included (trace)...
(DEBUG) --> File is excluded.
(DEBUG) Finding source file corresponding to a gcov data file
  gcov_fname   /home/felipe/zephyrproject/zephyr-course/twister-out/nsi_safe_call.h##b46d4efd73b6db3d790cd564e158af7d.gcov
  current_dir  /home/felipe/zephyrproject/zephyr-course/twister-out
  root         /home/felipe/zephyrproject/zephyr-course/app/modules/ring_buf
  starting_dir /home/felipe/zephyrproject/zephyr-course
  obj_dir      /home/felipe/zephyrproject/zephyr-course/twister-out
  gcda_fname   native_sim_native/host_gnu/zephyr-course/tests/ring_buf/homework.unit.ring_buf/zephyr/NSI/common/src/nct.gcda
  --> fname    /home/felipe/zephyrproject/zephyr/scripts/native_simulator/common/src/nsi_safe_call.h
(DEBUG) Check if /home/felipe/zephyrproject/zephyr/scripts/native_simulator/common/src/nsi_safe_call.h is included (source file)...
(DEBUG) --> File is excluded.
(DEBUG) Check if /home/felipe/zephyrproject/zephyr-course/twister-out/native_sim_native/host_gnu/zephyr-course/tests/ring_buf/homework.unit.ring_buf/zephyr/NSI/common/src/nsi_cpu_ctrl.gcda is included (trace)...
(DEBUG)   No filter matched.
(DEBUG) --> File is excluded.
(DEBUG) Check if /home/felipe/zephyrproject/zephyr-course/twister-out/native_sim_native/host_gnu/zephyr-course/tests/ring_buf/homework.unit.ring_buf/zephyr/NSI/common/src/nsi_cpu_ctrl.gcda is included (trace)...
(DEBUG) --> File is excluded.
(DEBUG) Check if nsi_cpu_ctrl.c##706243d65ed8b8fd24c5f3b2c2001996.gcov is included (gcov file)...
(DEBUG)   Filter AlwaysMatchFilter() matched.
(DEBUG) --> File is included.
(DEBUG) Check if /home/felipe/zephyrproject/zephyr-course/twister-out/nsi_cpu_ctrl.c##706243d65ed8b8fd24c5f3b2c2001996.gcov is included (trace)...
(DEBUG)   No filter matched.
(DEBUG) --> File is excluded.
(DEBUG) Finding source file corresponding to a gcov data file
  gcov_fname   /home/felipe/zephyrproject/zephyr-course/twister-out/nsi_cpu_ctrl.c##706243d65ed8b8fd24c5f3b2c2001996.gcov
  current_dir  /home/felipe/zephyrproject/zephyr-course/twister-out
  root         /home/felipe/zephyrproject/zephyr-course/app/modules/ring_buf
  starting_dir /home/felipe/zephyrproject/zephyr-course
  obj_dir      /home/felipe/zephyrproject/zephyr-course/twister-out
  gcda_fname   native_sim_native/host_gnu/zephyr-course/tests/ring_buf/homework.unit.ring_buf/zephyr/NSI/common/src/nsi_cpu_ctrl.gcda
  --> fname    /home/felipe/zephyrproject/zephyr/scripts/native_simulator/common/src/nsi_cpu_ctrl.c
(DEBUG) Check if /home/felipe/zephyrproject/zephyr/scripts/native_simulator/common/src/nsi_cpu_ctrl.c is included (source file)...
(DEBUG)   No filter matched.
(DEBUG) --> File is excluded.
(DEBUG) Check if /home/felipe/zephyrproject/zephyr-course/twister-out/native_sim_native/host_gnu/zephyr-course/tests/ring_buf/homework.unit.ring_buf/zephyr/NSI/common/src/nsi_cpun_if.gcda is included (trace)...
(DEBUG)   No filter matched.
(DEBUG) --> File is excluded.
(DEBUG) Check if /home/felipe/zephyrproject/zephyr-course/twister-out/native_sim_native/host_gnu/zephyr-course/tests/ring_buf/homework.unit.ring_buf/zephyr/NSI/common/src/nsi_cpun_if.gcda is included (trace)...
(DEBUG) --> File is excluded.
(DEBUG) Check if nsi_cpun_if.c##36a88d39817cba66395fa5acb8bbfe49.gcov is included (gcov file)...
(DEBUG)   Filter AlwaysMatchFilter() matched.
(DEBUG) --> File is included.
(DEBUG) Check if /home/felipe/zephyrproject/zephyr-course/twister-out/nsi_cpun_if.c##36a88d39817cba66395fa5acb8bbfe49.gcov is included (trace)...
(DEBUG)   No filter matched.
(DEBUG) --> File is excluded.
(DEBUG) Finding source file corresponding to a gcov data file
  gcov_fname   /home/felipe/zephyrproject/zephyr-course/twister-out/nsi_cpun_if.c##36a88d39817cba66395fa5acb8bbfe49.gcov
  current_dir  /home/felipe/zephyrproject/zephyr-course/twister-out
  root         /home/felipe/zephyrproject/zephyr-course/app/modules/ring_buf
  starting_dir /home/felipe/zephyrproject/zephyr-course
  obj_dir      /home/felipe/zephyrproject/zephyr-course/twister-out
  gcda_fname   native_sim_native/host_gnu/zephyr-course/tests/ring_buf/homework.unit.ring_buf/zephyr/NSI/common/src/nsi_cpun_if.gcda
  --> fname    /home/felipe/zephyrproject/zephyr/scripts/native_simulator/common/src/nsi_cpun_if.c
(DEBUG) Check if /home/felipe/zephyrproject/zephyr/scripts/native_simulator/common/src/nsi_cpun_if.c is included (source file)...
(DEBUG)   No filter matched.
(DEBUG) --> File is excluded.
(DEBUG) Check if /home/felipe/zephyrproject/zephyr-course/twister-out/native_sim_native/host_gnu/zephyr-course/tests/ring_buf/homework.unit.ring_buf/zephyr/NSI/common/src/nsi_errno.gcda is included (trace)...
(DEBUG)   No filter matched.
(DEBUG) --> File is excluded.
(DEBUG) Check if /home/felipe/zephyrproject/zephyr-course/twister-out/native_sim_native/host_gnu/zephyr-course/tests/ring_buf/homework.unit.ring_buf/zephyr/NSI/common/src/nsi_errno.gcda is included (trace)...
(DEBUG) --> File is excluded.
(DEBUG) Check if nsi_errno.c##1f1691192f8ef5cf969f3118c31626dd.gcov is included (gcov file)...
(DEBUG)   Filter AlwaysMatchFilter() matched.
(DEBUG) --> File is included.
(DEBUG) Check if /home/felipe/zephyrproject/zephyr-course/twister-out/nsi_errno.c##1f1691192f8ef5cf969f3118c31626dd.gcov is included (trace)...
(DEBUG)   No filter matched.
(DEBUG) --> File is excluded.
(DEBUG) Finding source file corresponding to a gcov data file
  gcov_fname   /home/felipe/zephyrproject/zephyr-course/twister-out/nsi_errno.c##1f1691192f8ef5cf969f3118c31626dd.gcov
  current_dir  /home/felipe/zephyrproject/zephyr-course/twister-out
  root         /home/felipe/zephyrproject/zephyr-course/app/modules/ring_buf
  starting_dir /home/felipe/zephyrproject/zephyr-course
  obj_dir      /home/felipe/zephyrproject/zephyr-course/twister-out
  gcda_fname   native_sim_native/host_gnu/zephyr-course/tests/ring_buf/homework.unit.ring_buf/zephyr/NSI/common/src/nsi_errno.gcda
  --> fname    /home/felipe/zephyrproject/zephyr/scripts/native_simulator/common/src/nsi_errno.c
(DEBUG) Check if /home/felipe/zephyrproject/zephyr/scripts/native_simulator/common/src/nsi_errno.c is included (source file)...
(DEBUG)   No filter matched.
(DEBUG) --> File is excluded.
(DEBUG) Check if /home/felipe/zephyrproject/zephyr-course/twister-out/native_sim_native/host_gnu/zephyr-course/tests/ring_buf/homework.unit.ring_buf/zephyr/NSI/common/src/nsi_host_trampolines.gcda is included (trace)...
(DEBUG)   No filter matched.
(DEBUG) --> File is excluded.
(DEBUG) Check if /home/felipe/zephyrproject/zephyr-course/twister-out/native_sim_native/host_gnu/zephyr-course/tests/ring_buf/homework.unit.ring_buf/zephyr/NSI/common/src/nsi_host_trampolines.gcda is included (trace)...
(DEBUG) --> File is excluded.
(DEBUG) Check if nsi_host_trampolines.c##31f599abe37897ae06b2bdeba38c2648.gcov is included (gcov file)...
(DEBUG)   Filter AlwaysMatchFilter() matched.
(DEBUG) --> File is included.
(DEBUG) Check if /home/felipe/zephyrproject/zephyr-course/twister-out/nsi_host_trampolines.c##31f599abe37897ae06b2bdeba38c2648.gcov is included (trace)...
(DEBUG)   No filter matched.
(DEBUG) --> File is excluded.
(DEBUG) Finding source file corresponding to a gcov data file
  gcov_fname   /home/felipe/zephyrproject/zephyr-course/twister-out/nsi_host_trampolines.c##31f599abe37897ae06b2bdeba38c2648.gcov
  current_dir  /home/felipe/zephyrproject/zephyr-course/twister-out
  root         /home/felipe/zephyrproject/zephyr-course/app/modules/ring_buf
  starting_dir /home/felipe/zephyrproject/zephyr-course
  obj_dir      /home/felipe/zephyrproject/zephyr-course/twister-out
  gcda_fname   native_sim_native/host_gnu/zephyr-course/tests/ring_buf/homework.unit.ring_buf/zephyr/NSI/common/src/nsi_host_trampolines.gcda
  --> fname    /home/felipe/zephyrproject/zephyr/scripts/native_simulator/common/src/nsi_host_trampolines.c
(DEBUG) Check if /home/felipe/zephyrproject/zephyr/scripts/native_simulator/common/src/nsi_host_trampolines.c is included (source file)...
(DEBUG)   No filter matched.
(DEBUG) --> File is excluded.
(DEBUG) Check if /home/felipe/zephyrproject/zephyr-course/twister-out/native_sim_native/host_gnu/zephyr-course/tests/ring_buf/homework.unit.ring_buf/zephyr/NSI/common/src/nsi_hw_scheduler.gcda is included (trace)...
(DEBUG)   No filter matched.
(DEBUG) --> File is excluded.
(DEBUG) Check if /home/felipe/zephyrproject/zephyr-course/twister-out/native_sim_native/host_gnu/zephyr-course/tests/ring_buf/homework.unit.ring_buf/zephyr/NSI/common/src/nsi_hw_scheduler.gcda is included (trace)...
(DEBUG) --> File is excluded.
(DEBUG) Check if nsi_hw_scheduler.c##d8e42b10deddfc52a9b155fd9ac5ac34.gcov is included (gcov file)...
(DEBUG)   Filter AlwaysMatchFilter() matched.
(DEBUG) --> File is included.
(DEBUG) Check if nsi_safe_call.h##b46d4efd73b6db3d790cd564e158af7d.gcov is included (gcov file)...
(DEBUG) --> File is included.
(DEBUG) Check if /home/felipe/zephyrproject/zephyr-course/twister-out/nsi_hw_scheduler.c##d8e42b10deddfc52a9b155fd9ac5ac34.gcov is included (trace)...
(DEBUG)   No filter matched.
(DEBUG) --> File is excluded.
(DEBUG) Finding source file corresponding to a gcov data file
  gcov_fname   /home/felipe/zephyrproject/zephyr-course/twister-out/nsi_hw_scheduler.c##d8e42b10deddfc52a9b155fd9ac5ac34.gcov
  current_dir  /home/felipe/zephyrproject/zephyr-course/twister-out
  root         /home/felipe/zephyrproject/zephyr-course/app/modules/ring_buf
  starting_dir /home/felipe/zephyrproject/zephyr-course
  obj_dir      /home/felipe/zephyrproject/zephyr-course/twister-out
  gcda_fname   native_sim_native/host_gnu/zephyr-course/tests/ring_buf/homework.unit.ring_buf/zephyr/NSI/common/src/nsi_hw_scheduler.gcda
  --> fname    /home/felipe/zephyrproject/zephyr/scripts/native_simulator/common/src/nsi_hw_scheduler.c
(DEBUG) Check if /home/felipe/zephyrproject/zephyr/scripts/native_simulator/common/src/nsi_hw_scheduler.c is included (source file)...
(DEBUG)   No filter matched.
(DEBUG) --> File is excluded.
(DEBUG) Check if /home/felipe/zephyrproject/zephyr-course/twister-out/nsi_safe_call.h##b46d4efd73b6db3d790cd564e158af7d.gcov is included (trace)...
(DEBUG) --> File is excluded.
(DEBUG) Finding source file corresponding to a gcov data file
  gcov_fname   /home/felipe/zephyrproject/zephyr-course/twister-out/nsi_safe_call.h##b46d4efd73b6db3d790cd564e158af7d.gcov
  current_dir  /home/felipe/zephyrproject/zephyr-course/twister-out
  root         /home/felipe/zephyrproject/zephyr-course/app/modules/ring_buf
  starting_dir /home/felipe/zephyrproject/zephyr-course
  obj_dir      /home/felipe/zephyrproject/zephyr-course/twister-out
  gcda_fname   native_sim_native/host_gnu/zephyr-course/tests/ring_buf/homework.unit.ring_buf/zephyr/NSI/common/src/nsi_hw_scheduler.gcda
  --> fname    /home/felipe/zephyrproject/zephyr/scripts/native_simulator/common/src/nsi_safe_call.h
(DEBUG) Check if /home/felipe/zephyrproject/zephyr/scripts/native_simulator/common/src/nsi_safe_call.h is included (source file)...
(DEBUG) --> File is excluded.
(DEBUG) Check if /home/felipe/zephyrproject/zephyr-course/twister-out/native_sim_native/host_gnu/zephyr-course/tests/ring_buf/homework.unit.ring_buf/zephyr/NSI/common/src/nsi_tasks.gcda is included (trace)...
(DEBUG)   No filter matched.
(DEBUG) --> File is excluded.
(DEBUG) Check if /home/felipe/zephyrproject/zephyr-course/twister-out/native_sim_native/host_gnu/zephyr-course/tests/ring_buf/homework.unit.ring_buf/zephyr/NSI/common/src/nsi_tasks.gcda is included (trace)...
(DEBUG) --> File is excluded.
(DEBUG) Check if nsi_tasks.c##04015dbbb05a4d4defb88ecc1b4e304c.gcov is included (gcov file)...
(DEBUG)   Filter AlwaysMatchFilter() matched.
(DEBUG) --> File is included.
(DEBUG) Check if /home/felipe/zephyrproject/zephyr-course/twister-out/nsi_tasks.c##04015dbbb05a4d4defb88ecc1b4e304c.gcov is included (trace)...
(DEBUG)   No filter matched.
(DEBUG) --> File is excluded.
(DEBUG) Finding source file corresponding to a gcov data file
  gcov_fname   /home/felipe/zephyrproject/zephyr-course/twister-out/nsi_tasks.c##04015dbbb05a4d4defb88ecc1b4e304c.gcov
  current_dir  /home/felipe/zephyrproject/zephyr-course/twister-out
  root         /home/felipe/zephyrproject/zephyr-course/app/modules/ring_buf
  starting_dir /home/felipe/zephyrproject/zephyr-course
  obj_dir      /home/felipe/zephyrproject/zephyr-course/twister-out
  gcda_fname   native_sim_native/host_gnu/zephyr-course/tests/ring_buf/homework.unit.ring_buf/zephyr/NSI/common/src/nsi_tasks.gcda
  --> fname    /home/felipe/zephyrproject/zephyr/scripts/native_simulator/common/src/nsi_tasks.c
(DEBUG) Check if /home/felipe/zephyrproject/zephyr/scripts/native_simulator/common/src/nsi_tasks.c is included (source file)...
(DEBUG)   No filter matched.
(DEBUG) --> File is excluded.
(DEBUG) Check if /home/felipe/zephyrproject/zephyr-course/twister-out/native_sim_native/host_gnu/zephyr-course/tests/ring_buf/homework.unit.ring_buf/zephyr/NSI/common/src/nsi_trace_varg.gcda is included (trace)...
(DEBUG)   No filter matched.
(DEBUG) --> File is excluded.
(DEBUG) Check if /home/felipe/zephyrproject/zephyr-course/twister-out/native_sim_native/host_gnu/zephyr-course/tests/ring_buf/homework.unit.ring_buf/zephyr/NSI/common/src/nsi_trace_varg.gcda is included (trace)...
(DEBUG) --> File is excluded.
(DEBUG) Check if nsi_trace_varg.c##e36dcb6c5265958360e6422c8e327bde.gcov is included (gcov file)...
(DEBUG)   Filter AlwaysMatchFilter() matched.
(DEBUG) --> File is included.
(DEBUG) Check if /home/felipe/zephyrproject/zephyr-course/twister-out/nsi_trace_varg.c##e36dcb6c5265958360e6422c8e327bde.gcov is included (trace)...
(DEBUG)   No filter matched.
(DEBUG) --> File is excluded.
(DEBUG) Finding source file corresponding to a gcov data file
  gcov_fname   /home/felipe/zephyrproject/zephyr-course/twister-out/nsi_trace_varg.c##e36dcb6c5265958360e6422c8e327bde.gcov
  current_dir  /home/felipe/zephyrproject/zephyr-course/twister-out
  root         /home/felipe/zephyrproject/zephyr-course/app/modules/ring_buf
  starting_dir /home/felipe/zephyrproject/zephyr-course
  obj_dir      /home/felipe/zephyrproject/zephyr-course/twister-out
  gcda_fname   native_sim_native/host_gnu/zephyr-course/tests/ring_buf/homework.unit.ring_buf/zephyr/NSI/common/src/nsi_trace_varg.gcda
  --> fname    /home/felipe/zephyrproject/zephyr/scripts/native_simulator/common/src/nsi_trace_varg.c
(DEBUG) Check if /home/felipe/zephyrproject/zephyr/scripts/native_simulator/common/src/nsi_trace_varg.c is included (source file)...
(DEBUG)   No filter matched.
(DEBUG) --> File is excluded.
(DEBUG) Check if /home/felipe/zephyrproject/zephyr-course/twister-out/native_sim_native/host_gnu/zephyr-course/tests/ring_buf/homework.unit.ring_buf/zephyr/NSI/common/src/nsi_weak_stubs.gcda is included (trace)...
(DEBUG)   No filter matched.
(DEBUG) --> File is excluded.
(DEBUG) Check if /home/felipe/zephyrproject/zephyr-course/twister-out/native_sim_native/host_gnu/zephyr-course/tests/ring_buf/homework.unit.ring_buf/zephyr/NSI/common/src/nsi_weak_stubs.gcda is included (trace)...
(DEBUG) --> File is excluded.
(DEBUG) Check if nsi_weak_stubs.c##65afe5de57c304ab4a3cb40d360fe03e.gcov is included (gcov file)...
(DEBUG)   Filter AlwaysMatchFilter() matched.
(DEBUG) --> File is included.
(DEBUG) Check if /home/felipe/zephyrproject/zephyr-course/twister-out/nsi_weak_stubs.c##65afe5de57c304ab4a3cb40d360fe03e.gcov is included (trace)...
(DEBUG)   No filter matched.
(DEBUG) --> File is excluded.
(DEBUG) Finding source file corresponding to a gcov data file
  gcov_fname   /home/felipe/zephyrproject/zephyr-course/twister-out/nsi_weak_stubs.c##65afe5de57c304ab4a3cb40d360fe03e.gcov
  current_dir  /home/felipe/zephyrproject/zephyr-course/twister-out
  root         /home/felipe/zephyrproject/zephyr-course/app/modules/ring_buf
  starting_dir /home/felipe/zephyrproject/zephyr-course
  obj_dir      /home/felipe/zephyrproject/zephyr-course/twister-out
  gcda_fname   native_sim_native/host_gnu/zephyr-course/tests/ring_buf/homework.unit.ring_buf/zephyr/NSI/common/src/nsi_weak_stubs.gcda
  --> fname    /home/felipe/zephyrproject/zephyr/scripts/native_simulator/common/src/nsi_weak_stubs.c
(DEBUG) Check if /home/felipe/zephyrproject/zephyr/scripts/native_simulator/common/src/nsi_weak_stubs.c is included (source file)...
(DEBUG)   No filter matched.
(DEBUG) --> File is excluded.
(DEBUG) Check if /home/felipe/zephyrproject/zephyr-course/twister-out/native_sim_native/host_gnu/zephyr-course/tests/ring_buf/homework.unit.ring_buf/zephyr/NSI/native/src/hw_counter.gcda is included (trace)...
(DEBUG)   No filter matched.
(DEBUG) --> File is excluded.
(DEBUG) Check if /home/felipe/zephyrproject/zephyr-course/twister-out/native_sim_native/host_gnu/zephyr-course/tests/ring_buf/homework.unit.ring_buf/zephyr/NSI/native/src/hw_counter.gcda is included (trace)...
(DEBUG) --> File is excluded.
(DEBUG) Check if hw_counter.c##2570cb262415188ade583db98f59e10e.gcov is included (gcov file)...
(DEBUG)   Filter AlwaysMatchFilter() matched.
(DEBUG) --> File is included.
(DEBUG) Check if nsi_hw_scheduler.h##18b49d179f44403c85d4a20fc3dc71ce.gcov is included (gcov file)...
(DEBUG) --> File is included.
(DEBUG) Check if /home/felipe/zephyrproject/zephyr-course/twister-out/hw_counter.c##2570cb262415188ade583db98f59e10e.gcov is included (trace)...
(DEBUG)   No filter matched.
(DEBUG) --> File is excluded.
(DEBUG) Finding source file corresponding to a gcov data file
  gcov_fname   /home/felipe/zephyrproject/zephyr-course/twister-out/hw_counter.c##2570cb262415188ade583db98f59e10e.gcov
  current_dir  /home/felipe/zephyrproject/zephyr-course/twister-out
  root         /home/felipe/zephyrproject/zephyr-course/app/modules/ring_buf
  starting_dir /home/felipe/zephyrproject/zephyr-course
  obj_dir      /home/felipe/zephyrproject/zephyr-course/twister-out
  gcda_fname   native_sim_native/host_gnu/zephyr-course/tests/ring_buf/homework.unit.ring_buf/zephyr/NSI/native/src/hw_counter.gcda
  --> fname    /home/felipe/zephyrproject/zephyr/scripts/native_simulator/native/src/hw_counter.c
(DEBUG) Check if /home/felipe/zephyrproject/zephyr/scripts/native_simulator/native/src/hw_counter.c is included (source file)...
(DEBUG)   No filter matched.
(DEBUG) --> File is excluded.
(DEBUG) Check if /home/felipe/zephyrproject/zephyr-course/twister-out/nsi_hw_scheduler.h##18b49d179f44403c85d4a20fc3dc71ce.gcov is included (trace)...
(DEBUG) --> File is excluded.
(DEBUG) Finding source file corresponding to a gcov data file
  gcov_fname   /home/felipe/zephyrproject/zephyr-course/twister-out/nsi_hw_scheduler.h##18b49d179f44403c85d4a20fc3dc71ce.gcov
  current_dir  /home/felipe/zephyrproject/zephyr-course/twister-out
  root         /home/felipe/zephyrproject/zephyr-course/app/modules/ring_buf
  starting_dir /home/felipe/zephyrproject/zephyr-course
  obj_dir      /home/felipe/zephyrproject/zephyr-course/twister-out
  gcda_fname   native_sim_native/host_gnu/zephyr-course/tests/ring_buf/homework.unit.ring_buf/zephyr/NSI/native/src/hw_counter.gcda
  --> fname    /home/felipe/zephyrproject/zephyr/scripts/native_simulator/common/src/include/nsi_hw_scheduler.h
(DEBUG) Check if /home/felipe/zephyrproject/zephyr/scripts/native_simulator/common/src/include/nsi_hw_scheduler.h is included (source file)...
(DEBUG) --> File is excluded.
(DEBUG) Check if /home/felipe/zephyrproject/zephyr-course/twister-out/native_sim_native/host_gnu/zephyr-course/tests/ring_buf/homework.unit.ring_buf/zephyr/NSI/native/src/irq_ctrl.gcda is included (trace)...
(DEBUG)   No filter matched.
(DEBUG) --> File is excluded.
(DEBUG) Check if /home/felipe/zephyrproject/zephyr-course/twister-out/native_sim_native/host_gnu/zephyr-course/tests/ring_buf/homework.unit.ring_buf/zephyr/NSI/native/src/irq_ctrl.gcda is included (trace)...
(DEBUG) --> File is excluded.
(DEBUG) Check if irq_ctrl.c##f4b83fc2729d88a3bb16317b3cbb889f.gcov is included (gcov file)...
(DEBUG)   Filter AlwaysMatchFilter() matched.
(DEBUG) --> File is included.
(DEBUG) Check if nsi_internal.h##8526c6706074018ca44f2727e987587a.gcov is included (gcov file)...
(DEBUG)   Filter AlwaysMatchFilter() matched.
(DEBUG) --> File is included.
(DEBUG) Check if nsi_hw_scheduler.h##18b49d179f44403c85d4a20fc3dc71ce.gcov is included (gcov file)...
(DEBUG) --> File is included.
(DEBUG) Check if /home/felipe/zephyrproject/zephyr-course/twister-out/nsi_internal.h##8526c6706074018ca44f2727e987587a.gcov is included (trace)...
(DEBUG)   No filter matched.
(DEBUG) --> File is excluded.
(DEBUG) Finding source file corresponding to a gcov data file
  gcov_fname   /home/felipe/zephyrproject/zephyr-course/twister-out/nsi_internal.h##8526c6706074018ca44f2727e987587a.gcov
  current_dir  /home/felipe/zephyrproject/zephyr-course/twister-out
  root         /home/felipe/zephyrproject/zephyr-course/app/modules/ring_buf
  starting_dir /home/felipe/zephyrproject/zephyr-course
  obj_dir      /home/felipe/zephyrproject/zephyr-course/twister-out
  gcda_fname   native_sim_native/host_gnu/zephyr-course/tests/ring_buf/homework.unit.ring_buf/zephyr/NSI/native/src/irq_ctrl.gcda
  --> fname    /home/felipe/zephyrproject/zephyr/scripts/native_simulator/common/src/nsi_internal.h
(DEBUG) Check if /home/felipe/zephyrproject/zephyr/scripts/native_simulator/common/src/nsi_internal.h is included (source file)...
(DEBUG)   No filter matched.
(DEBUG) --> File is excluded.
(DEBUG) Check if /home/felipe/zephyrproject/zephyr-course/twister-out/nsi_hw_scheduler.h##18b49d179f44403c85d4a20fc3dc71ce.gcov is included (trace)...
(DEBUG) --> File is excluded.
(DEBUG) Finding source file corresponding to a gcov data file
  gcov_fname   /home/felipe/zephyrproject/zephyr-course/twister-out/nsi_hw_scheduler.h##18b49d179f44403c85d4a20fc3dc71ce.gcov
  current_dir  /home/felipe/zephyrproject/zephyr-course/twister-out
  root         /home/felipe/zephyrproject/zephyr-course/app/modules/ring_buf
  starting_dir /home/felipe/zephyrproject/zephyr-course
  obj_dir      /home/felipe/zephyrproject/zephyr-course/twister-out
  gcda_fname   native_sim_native/host_gnu/zephyr-course/tests/ring_buf/homework.unit.ring_buf/zephyr/NSI/native/src/irq_ctrl.gcda
  --> fname    /home/felipe/zephyrproject/zephyr/scripts/native_simulator/common/src/include/nsi_hw_scheduler.h
(DEBUG) Check if /home/felipe/zephyrproject/zephyr/scripts/native_simulator/common/src/include/nsi_hw_scheduler.h is included (source file)...
(DEBUG) --> File is excluded.
(DEBUG) Check if /home/felipe/zephyrproject/zephyr-course/twister-out/irq_ctrl.c##f4b83fc2729d88a3bb16317b3cbb889f.gcov is included (trace)...
(DEBUG)   No filter matched.
(DEBUG) --> File is excluded.
(DEBUG) Finding source file corresponding to a gcov data file
  gcov_fname   /home/felipe/zephyrproject/zephyr-course/twister-out/irq_ctrl.c##f4b83fc2729d88a3bb16317b3cbb889f.gcov
  current_dir  /home/felipe/zephyrproject/zephyr-course/twister-out
  root         /home/felipe/zephyrproject/zephyr-course/app/modules/ring_buf
  starting_dir /home/felipe/zephyrproject/zephyr-course
  obj_dir      /home/felipe/zephyrproject/zephyr-course/twister-out
  gcda_fname   native_sim_native/host_gnu/zephyr-course/tests/ring_buf/homework.unit.ring_buf/zephyr/NSI/native/src/irq_ctrl.gcda
  --> fname    /home/felipe/zephyrproject/zephyr/scripts/native_simulator/native/src/irq_ctrl.c
(DEBUG) Check if /home/felipe/zephyrproject/zephyr/scripts/native_simulator/native/src/irq_ctrl.c is included (source file)...
(DEBUG)   No filter matched.
(DEBUG) --> File is excluded.
(DEBUG) Check if /home/felipe/zephyrproject/zephyr-course/twister-out/native_sim_native/host_gnu/zephyr-course/tests/ring_buf/homework.unit.ring_buf/zephyr/NSI/native/src/native_rtc.gcda is included (trace)...
(DEBUG)   No filter matched.
(DEBUG) --> File is excluded.
(DEBUG) Check if /home/felipe/zephyrproject/zephyr-course/twister-out/native_sim_native/host_gnu/zephyr-course/tests/ring_buf/homework.unit.ring_buf/zephyr/NSI/native/src/native_rtc.gcda is included (trace)...
(DEBUG) --> File is excluded.
(DEBUG) Check if native_rtc.c##e526a2fdaa1eca0f21bddcf75e863c3e.gcov is included (gcov file)...
(DEBUG)   Filter AlwaysMatchFilter() matched.
(DEBUG) --> File is included.
(DEBUG) Check if nsi_hw_scheduler.h##18b49d179f44403c85d4a20fc3dc71ce.gcov is included (gcov file)...
(DEBUG) --> File is included.
(DEBUG) Check if /home/felipe/zephyrproject/zephyr-course/twister-out/native_rtc.c##e526a2fdaa1eca0f21bddcf75e863c3e.gcov is included (trace)...
(DEBUG)   No filter matched.
(DEBUG) --> File is excluded.
(DEBUG) Finding source file corresponding to a gcov data file
  gcov_fname   /home/felipe/zephyrproject/zephyr-course/twister-out/native_rtc.c##e526a2fdaa1eca0f21bddcf75e863c3e.gcov
  current_dir  /home/felipe/zephyrproject/zephyr-course/twister-out
  root         /home/felipe/zephyrproject/zephyr-course/app/modules/ring_buf
  starting_dir /home/felipe/zephyrproject/zephyr-course
  obj_dir      /home/felipe/zephyrproject/zephyr-course/twister-out
  gcda_fname   native_sim_native/host_gnu/zephyr-course/tests/ring_buf/homework.unit.ring_buf/zephyr/NSI/native/src/native_rtc.gcda
  --> fname    /home/felipe/zephyrproject/zephyr/scripts/native_simulator/native/src/native_rtc.c
(DEBUG) Check if /home/felipe/zephyrproject/zephyr/scripts/native_simulator/native/src/native_rtc.c is included (source file)...
(DEBUG)   No filter matched.
(DEBUG) --> File is excluded.
(DEBUG) Check if /home/felipe/zephyrproject/zephyr-course/twister-out/nsi_hw_scheduler.h##18b49d179f44403c85d4a20fc3dc71ce.gcov is included (trace)...
(DEBUG) --> File is excluded.
(DEBUG) Finding source file corresponding to a gcov data file
  gcov_fname   /home/felipe/zephyrproject/zephyr-course/twister-out/nsi_hw_scheduler.h##18b49d179f44403c85d4a20fc3dc71ce.gcov
  current_dir  /home/felipe/zephyrproject/zephyr-course/twister-out
  root         /home/felipe/zephyrproject/zephyr-course/app/modules/ring_buf
  starting_dir /home/felipe/zephyrproject/zephyr-course
  obj_dir      /home/felipe/zephyrproject/zephyr-course/twister-out
  gcda_fname   native_sim_native/host_gnu/zephyr-course/tests/ring_buf/homework.unit.ring_buf/zephyr/NSI/native/src/native_rtc.gcda
  --> fname    /home/felipe/zephyrproject/zephyr/scripts/native_simulator/common/src/include/nsi_hw_scheduler.h
(DEBUG) Check if /home/felipe/zephyrproject/zephyr/scripts/native_simulator/common/src/include/nsi_hw_scheduler.h is included (source file)...
(DEBUG) --> File is excluded.
(DEBUG) Check if /home/felipe/zephyrproject/zephyr-course/twister-out/native_sim_native/host_gnu/zephyr-course/tests/ring_buf/homework.unit.ring_buf/zephyr/NSI/native/src/nsi_cmdline.gcda is included (trace)...
(DEBUG)   No filter matched.
(DEBUG) --> File is excluded.
(DEBUG) Check if /home/felipe/zephyrproject/zephyr-course/twister-out/native_sim_native/host_gnu/zephyr-course/tests/ring_buf/homework.unit.ring_buf/zephyr/NSI/native/src/nsi_cmdline.gcda is included (trace)...
(DEBUG) --> File is excluded.
(DEBUG) Check if nsi_cmdline.c##86e263ffa6281d538cdb7a2974110378.gcov is included (gcov file)...
(DEBUG)   Filter AlwaysMatchFilter() matched.
(DEBUG) --> File is included.
(DEBUG) Check if /home/felipe/zephyrproject/zephyr-course/twister-out/nsi_cmdline.c##86e263ffa6281d538cdb7a2974110378.gcov is included (trace)...
(DEBUG)   No filter matched.
(DEBUG) --> File is excluded.
(DEBUG) Finding source file corresponding to a gcov data file
  gcov_fname   /home/felipe/zephyrproject/zephyr-course/twister-out/nsi_cmdline.c##86e263ffa6281d538cdb7a2974110378.gcov
  current_dir  /home/felipe/zephyrproject/zephyr-course/twister-out
  root         /home/felipe/zephyrproject/zephyr-course/app/modules/ring_buf
  starting_dir /home/felipe/zephyrproject/zephyr-course
  obj_dir      /home/felipe/zephyrproject/zephyr-course/twister-out
  gcda_fname   native_sim_native/host_gnu/zephyr-course/tests/ring_buf/homework.unit.ring_buf/zephyr/NSI/native/src/nsi_cmdline.gcda
  --> fname    /home/felipe/zephyrproject/zephyr/scripts/native_simulator/native/src/nsi_cmdline.c
(DEBUG) Check if /home/felipe/zephyrproject/zephyr/scripts/native_simulator/native/src/nsi_cmdline.c is included (source file)...
(DEBUG)   No filter matched.
(DEBUG) --> File is excluded.
(DEBUG) Check if /home/felipe/zephyrproject/zephyr-course/twister-out/native_sim_native/host_gnu/zephyr-course/tests/ring_buf/homework.unit.ring_buf/zephyr/NSI/native/src/nsi_cmdline_common.gcda is included (trace)...
(DEBUG)   No filter matched.
(DEBUG) --> File is excluded.
(DEBUG) Check if /home/felipe/zephyrproject/zephyr-course/twister-out/native_sim_native/host_gnu/zephyr-course/tests/ring_buf/homework.unit.ring_buf/zephyr/NSI/native/src/nsi_cmdline_common.gcda is included (trace)...
(DEBUG) --> File is excluded.
(DEBUG) Check if nsi_cmdline_common.c##adeef9136ff261c003e313e8ddde4661.gcov is included (gcov file)...
(DEBUG)   Filter AlwaysMatchFilter() matched.
(DEBUG) --> File is included.
(DEBUG) Check if /home/felipe/zephyrproject/zephyr-course/twister-out/nsi_cmdline_common.c##adeef9136ff261c003e313e8ddde4661.gcov is included (trace)...
(DEBUG)   No filter matched.
(DEBUG) --> File is excluded.
(DEBUG) Finding source file corresponding to a gcov data file
  gcov_fname   /home/felipe/zephyrproject/zephyr-course/twister-out/nsi_cmdline_common.c##adeef9136ff261c003e313e8ddde4661.gcov
  current_dir  /home/felipe/zephyrproject/zephyr-course/twister-out
  root         /home/felipe/zephyrproject/zephyr-course/app/modules/ring_buf
  starting_dir /home/felipe/zephyrproject/zephyr-course
  obj_dir      /home/felipe/zephyrproject/zephyr-course/twister-out
  gcda_fname   native_sim_native/host_gnu/zephyr-course/tests/ring_buf/homework.unit.ring_buf/zephyr/NSI/native/src/nsi_cmdline_common.gcda
  --> fname    /home/felipe/zephyrproject/zephyr/scripts/native_simulator/native/src/nsi_cmdline_common.c
(DEBUG) Check if /home/felipe/zephyrproject/zephyr/scripts/native_simulator/native/src/nsi_cmdline_common.c is included (source file)...
(DEBUG)   No filter matched.
(DEBUG) --> File is excluded.
(DEBUG) Check if /home/felipe/zephyrproject/zephyr-course/twister-out/native_sim_native/host_gnu/zephyr-course/tests/ring_buf/homework.unit.ring_buf/zephyr/NSI/native/src/nsi_trace.gcda is included (trace)...
(DEBUG)   No filter matched.
(DEBUG) --> File is excluded.
(DEBUG) Check if /home/felipe/zephyrproject/zephyr-course/twister-out/native_sim_native/host_gnu/zephyr-course/tests/ring_buf/homework.unit.ring_buf/zephyr/NSI/native/src/nsi_trace.gcda is included (trace)...
(DEBUG) --> File is excluded.
(DEBUG) Check if nsi_trace.c##f9a46441d2647470879e83a8a6a6c39c.gcov is included (gcov file)...
(DEBUG)   Filter AlwaysMatchFilter() matched.
(DEBUG) --> File is included.
(DEBUG) Check if /home/felipe/zephyrproject/zephyr-course/twister-out/nsi_trace.c##f9a46441d2647470879e83a8a6a6c39c.gcov is included (trace)...
(DEBUG)   No filter matched.
(DEBUG) --> File is excluded.
(DEBUG) Finding source file corresponding to a gcov data file
  gcov_fname   /home/felipe/zephyrproject/zephyr-course/twister-out/nsi_trace.c##f9a46441d2647470879e83a8a6a6c39c.gcov
  current_dir  /home/felipe/zephyrproject/zephyr-course/twister-out
  root         /home/felipe/zephyrproject/zephyr-course/app/modules/ring_buf
  starting_dir /home/felipe/zephyrproject/zephyr-course
  obj_dir      /home/felipe/zephyrproject/zephyr-course/twister-out
  gcda_fname   native_sim_native/host_gnu/zephyr-course/tests/ring_buf/homework.unit.ring_buf/zephyr/NSI/native/src/nsi_trace.gcda
  --> fname    /home/felipe/zephyrproject/zephyr/scripts/native_simulator/native/src/nsi_trace.c
(DEBUG) Check if /home/felipe/zephyrproject/zephyr/scripts/native_simulator/native/src/nsi_trace.c is included (source file)...
(DEBUG)   No filter matched.
(DEBUG) --> File is excluded.
(DEBUG) Check if /home/felipe/zephyrproject/zephyr-course/twister-out/native_sim_native/host_gnu/zephyr-course/tests/ring_buf/homework.unit.ring_buf/zephyr/NSI/native/src/timer_model.gcda is included (trace)...
(DEBUG)   No filter matched.
(DEBUG) --> File is excluded.
(DEBUG) Check if /home/felipe/zephyrproject/zephyr-course/twister-out/native_sim_native/host_gnu/zephyr-course/tests/ring_buf/homework.unit.ring_buf/zephyr/NSI/native/src/timer_model.gcda is included (trace)...
(DEBUG) --> File is excluded.
(DEBUG) Check if timer_model.c##28fd6368fb49ba996d90b1706a01b914.gcov is included (gcov file)...
(DEBUG)   Filter AlwaysMatchFilter() matched.
(DEBUG) --> File is included.
(DEBUG) Check if nsi_hw_scheduler.h##18b49d179f44403c85d4a20fc3dc71ce.gcov is included (gcov file)...
(DEBUG) --> File is included.
(DEBUG) Check if /home/felipe/zephyrproject/zephyr-course/twister-out/nsi_hw_scheduler.h##18b49d179f44403c85d4a20fc3dc71ce.gcov is included (trace)...
(DEBUG) --> File is excluded.
(DEBUG) Finding source file corresponding to a gcov data file
  gcov_fname   /home/felipe/zephyrproject/zephyr-course/twister-out/nsi_hw_scheduler.h##18b49d179f44403c85d4a20fc3dc71ce.gcov
  current_dir  /home/felipe/zephyrproject/zephyr-course/twister-out
  root         /home/felipe/zephyrproject/zephyr-course/app/modules/ring_buf
  starting_dir /home/felipe/zephyrproject/zephyr-course
  obj_dir      /home/felipe/zephyrproject/zephyr-course/twister-out
  gcda_fname   native_sim_native/host_gnu/zephyr-course/tests/ring_buf/homework.unit.ring_buf/zephyr/NSI/native/src/timer_model.gcda
  --> fname    /home/felipe/zephyrproject/zephyr/scripts/native_simulator/common/src/include/nsi_hw_scheduler.h
(DEBUG) Check if /home/felipe/zephyrproject/zephyr/scripts/native_simulator/common/src/include/nsi_hw_scheduler.h is included (source file)...
(DEBUG) --> File is excluded.
(DEBUG) Check if /home/felipe/zephyrproject/zephyr-course/twister-out/timer_model.c##28fd6368fb49ba996d90b1706a01b914.gcov is included (trace)...
(DEBUG)   No filter matched.
(DEBUG) --> File is excluded.
(DEBUG) Finding source file corresponding to a gcov data file
  gcov_fname   /home/felipe/zephyrproject/zephyr-course/twister-out/timer_model.c##28fd6368fb49ba996d90b1706a01b914.gcov
  current_dir  /home/felipe/zephyrproject/zephyr-course/twister-out
  root         /home/felipe/zephyrproject/zephyr-course/app/modules/ring_buf
  starting_dir /home/felipe/zephyrproject/zephyr-course
  obj_dir      /home/felipe/zephyrproject/zephyr-course/twister-out
  gcda_fname   native_sim_native/host_gnu/zephyr-course/tests/ring_buf/homework.unit.ring_buf/zephyr/NSI/native/src/timer_model.gcda
  --> fname    /home/felipe/zephyrproject/zephyr/scripts/native_simulator/native/src/timer_model.c
(DEBUG) Check if /home/felipe/zephyrproject/zephyr/scripts/native_simulator/native/src/timer_model.c is included (source file)...
(DEBUG)   No filter matched.
(DEBUG) --> File is excluded.
(DEBUG) Check if /home/felipe/zephyrproject/zephyr-course/twister-out/native_sim_native/host_gnu/zephyr-course/tests/ring_buf/homework.unit.ring_buf/zephyr/arch/arch/posix/core/CMakeFiles/arch__posix__core.dir/cpuhalt.c.gcda is included (trace)...
(DEBUG)   No filter matched.
(DEBUG) --> File is excluded.
(DEBUG) Check if /home/felipe/zephyrproject/zephyr-course/twister-out/native_sim_native/host_gnu/zephyr-course/tests/ring_buf/homework.unit.ring_buf/zephyr/arch/arch/posix/core/CMakeFiles/arch__posix__core.dir/cpuhalt.c.gcda is included (trace)...
(DEBUG) --> File is excluded.
(DEBUG) Check if cpuhalt.c##a5ea6fccd43f3110d91134cd0c31bfd7.gcov is included (gcov file)...
(DEBUG)   Filter AlwaysMatchFilter() matched.
(DEBUG) --> File is included.
(DEBUG) Check if /home/felipe/zephyrproject/zephyr-course/twister-out/cpuhalt.c##a5ea6fccd43f3110d91134cd0c31bfd7.gcov is included (trace)...
(DEBUG)   No filter matched.
(DEBUG) --> File is excluded.
(DEBUG) Finding source file corresponding to a gcov data file
  gcov_fname   /home/felipe/zephyrproject/zephyr-course/twister-out/cpuhalt.c##a5ea6fccd43f3110d91134cd0c31bfd7.gcov
  current_dir  /home/felipe/zephyrproject/zephyr-course/twister-out
  root         /home/felipe/zephyrproject/zephyr-course/app/modules/ring_buf
  starting_dir /home/felipe/zephyrproject/zephyr-course
  obj_dir      /home/felipe/zephyrproject/zephyr-course/twister-out
  gcda_fname   native_sim_native/host_gnu/zephyr-course/tests/ring_buf/homework.unit.ring_buf/zephyr/arch/arch/posix/core/CMakeFiles/arch__posix__core.dir/cpuhalt.c.gcda
  --> fname    /home/felipe/zephyrproject/zephyr/arch/posix/core/cpuhalt.c
(DEBUG) Check if /home/felipe/zephyrproject/zephyr/arch/posix/core/cpuhalt.c is included (source file)...
(DEBUG)   No filter matched.
(DEBUG) --> File is excluded.
(DEBUG) Check if /home/felipe/zephyrproject/zephyr-course/twister-out/native_sim_native/host_gnu/zephyr-course/tests/ring_buf/homework.unit.ring_buf/zephyr/arch/arch/posix/core/CMakeFiles/arch__posix__core.dir/fatal.c.gcda is included (trace)...
(DEBUG)   No filter matched.
(DEBUG) --> File is excluded.
(DEBUG) Check if /home/felipe/zephyrproject/zephyr-course/twister-out/native_sim_native/host_gnu/zephyr-course/tests/ring_buf/homework.unit.ring_buf/zephyr/arch/arch/posix/core/CMakeFiles/arch__posix__core.dir/fatal.c.gcda is included (trace)...
(DEBUG) --> File is excluded.
(DEBUG) Check if fatal.c##e0b371d3259e47211698d5e48def37f5.gcov is included (gcov file)...
(DEBUG)   Filter AlwaysMatchFilter() matched.
(DEBUG) --> File is included.
(DEBUG) Check if /home/felipe/zephyrproject/zephyr-course/twister-out/fatal.c##e0b371d3259e47211698d5e48def37f5.gcov is included (trace)...
(DEBUG)   No filter matched.
(DEBUG) --> File is excluded.
(DEBUG) Finding source file corresponding to a gcov data file
  gcov_fname   /home/felipe/zephyrproject/zephyr-course/twister-out/fatal.c##e0b371d3259e47211698d5e48def37f5.gcov
  current_dir  /home/felipe/zephyrproject/zephyr-course/twister-out
  root         /home/felipe/zephyrproject/zephyr-course/app/modules/ring_buf
  starting_dir /home/felipe/zephyrproject/zephyr-course
  obj_dir      /home/felipe/zephyrproject/zephyr-course/twister-out
  gcda_fname   native_sim_native/host_gnu/zephyr-course/tests/ring_buf/homework.unit.ring_buf/zephyr/arch/arch/posix/core/CMakeFiles/arch__posix__core.dir/fatal.c.gcda
  --> fname    /home/felipe/zephyrproject/zephyr/arch/posix/core/fatal.c
(DEBUG) Check if /home/felipe/zephyrproject/zephyr/arch/posix/core/fatal.c is included (source file)...
(DEBUG)   No filter matched.
(DEBUG) --> File is excluded.
(DEBUG) Check if /home/felipe/zephyrproject/zephyr-course/twister-out/native_sim_native/host_gnu/zephyr-course/tests/ring_buf/homework.unit.ring_buf/zephyr/arch/arch/posix/core/CMakeFiles/arch__posix__core.dir/irq.c.gcda is included (trace)...
(DEBUG)   No filter matched.
(DEBUG) --> File is excluded.
(DEBUG) Check if /home/felipe/zephyrproject/zephyr-course/twister-out/native_sim_native/host_gnu/zephyr-course/tests/ring_buf/homework.unit.ring_buf/zephyr/arch/arch/posix/core/CMakeFiles/arch__posix__core.dir/irq.c.gcda is included (trace)...
(DEBUG) --> File is excluded.
(DEBUG) Check if irq.c##4c8a964306d294542612f7c6540a4f9b.gcov is included (gcov file)...
(DEBUG)   Filter AlwaysMatchFilter() matched.
(DEBUG) --> File is included.
(DEBUG) Check if /home/felipe/zephyrproject/zephyr-course/twister-out/irq.c##4c8a964306d294542612f7c6540a4f9b.gcov is included (trace)...
(DEBUG)   No filter matched.
(DEBUG) --> File is excluded.
(DEBUG) Finding source file corresponding to a gcov data file
  gcov_fname   /home/felipe/zephyrproject/zephyr-course/twister-out/irq.c##4c8a964306d294542612f7c6540a4f9b.gcov
  current_dir  /home/felipe/zephyrproject/zephyr-course/twister-out
  root         /home/felipe/zephyrproject/zephyr-course/app/modules/ring_buf
  starting_dir /home/felipe/zephyrproject/zephyr-course
  obj_dir      /home/felipe/zephyrproject/zephyr-course/twister-out
  gcda_fname   native_sim_native/host_gnu/zephyr-course/tests/ring_buf/homework.unit.ring_buf/zephyr/arch/arch/posix/core/CMakeFiles/arch__posix__core.dir/irq.c.gcda
  --> fname    /home/felipe/zephyrproject/zephyr/arch/posix/core/irq.c
(DEBUG) Check if /home/felipe/zephyrproject/zephyr/arch/posix/core/irq.c is included (source file)...
(DEBUG)   No filter matched.
(DEBUG) --> File is excluded.
(DEBUG) Check if /home/felipe/zephyrproject/zephyr-course/twister-out/native_sim_native/host_gnu/zephyr-course/tests/ring_buf/homework.unit.ring_buf/zephyr/arch/arch/posix/core/CMakeFiles/arch__posix__core.dir/posix_core_nsi.c.gcda is included (trace)...
(DEBUG)   No filter matched.
(DEBUG) --> File is excluded.
(DEBUG) Check if /home/felipe/zephyrproject/zephyr-course/twister-out/native_sim_native/host_gnu/zephyr-course/tests/ring_buf/homework.unit.ring_buf/zephyr/arch/arch/posix/core/CMakeFiles/arch__posix__core.dir/posix_core_nsi.c.gcda is included (trace)...
(DEBUG) --> File is excluded.
(DEBUG) Check if posix_core_nsi.c##bd5411feb219129997daa02e5d6e2439.gcov is included (gcov file)...
(DEBUG)   Filter AlwaysMatchFilter() matched.
(DEBUG) --> File is included.
(DEBUG) Check if /home/felipe/zephyrproject/zephyr-course/twister-out/posix_core_nsi.c##bd5411feb219129997daa02e5d6e2439.gcov is included (trace)...
(DEBUG)   No filter matched.
(DEBUG) --> File is excluded.
(DEBUG) Finding source file corresponding to a gcov data file
  gcov_fname   /home/felipe/zephyrproject/zephyr-course/twister-out/posix_core_nsi.c##bd5411feb219129997daa02e5d6e2439.gcov
  current_dir  /home/felipe/zephyrproject/zephyr-course/twister-out
  root         /home/felipe/zephyrproject/zephyr-course/app/modules/ring_buf
  starting_dir /home/felipe/zephyrproject/zephyr-course
  obj_dir      /home/felipe/zephyrproject/zephyr-course/twister-out
  gcda_fname   native_sim_native/host_gnu/zephyr-course/tests/ring_buf/homework.unit.ring_buf/zephyr/arch/arch/posix/core/CMakeFiles/arch__posix__core.dir/posix_core_nsi.c.gcda
  --> fname    /home/felipe/zephyrproject/zephyr/arch/posix/core/posix_core_nsi.c
(DEBUG) Check if /home/felipe/zephyrproject/zephyr/arch/posix/core/posix_core_nsi.c is included (source file)...
(DEBUG)   No filter matched.
(DEBUG) --> File is excluded.
(DEBUG) Check if /home/felipe/zephyrproject/zephyr-course/twister-out/native_sim_native/host_gnu/zephyr-course/tests/ring_buf/homework.unit.ring_buf/zephyr/arch/arch/posix/core/CMakeFiles/arch__posix__core.dir/swap.c.gcda is included (trace)...
(DEBUG)   No filter matched.
(DEBUG) --> File is excluded.
(DEBUG) Check if /home/felipe/zephyrproject/zephyr-course/twister-out/native_sim_native/host_gnu/zephyr-course/tests/ring_buf/homework.unit.ring_buf/zephyr/arch/arch/posix/core/CMakeFiles/arch__posix__core.dir/swap.c.gcda is included (trace)...
(DEBUG) --> File is excluded.
(DEBUG) Check if swap.c##8195e469d97020b79667ff0e0252a4d9.gcov is included (gcov file)...
(DEBUG)   Filter AlwaysMatchFilter() matched.
(DEBUG) --> File is included.
(DEBUG) Check if arch.h##f17e3501b457fcbd947bf4189b99bd89.gcov is included (gcov file)...
(DEBUG) --> File is included.
(DEBUG) Check if /home/felipe/zephyrproject/zephyr-course/twister-out/arch.h##f17e3501b457fcbd947bf4189b99bd89.gcov is included (trace)...
(DEBUG) --> File is excluded.
(DEBUG) Finding source file corresponding to a gcov data file
  gcov_fname   /home/felipe/zephyrproject/zephyr-course/twister-out/arch.h##f17e3501b457fcbd947bf4189b99bd89.gcov
  current_dir  /home/felipe/zephyrproject/zephyr-course/twister-out
  root         /home/felipe/zephyrproject/zephyr-course/app/modules/ring_buf
  starting_dir /home/felipe/zephyrproject/zephyr-course
  obj_dir      /home/felipe/zephyrproject/zephyr-course/twister-out
  gcda_fname   native_sim_native/host_gnu/zephyr-course/tests/ring_buf/homework.unit.ring_buf/zephyr/arch/arch/posix/core/CMakeFiles/arch__posix__core.dir/swap.c.gcda
  --> fname    /home/felipe/zephyrproject/zephyr/include/zephyr/arch/posix/arch.h
(DEBUG) Check if /home/felipe/zephyrproject/zephyr/include/zephyr/arch/posix/arch.h is included (source file)...
(DEBUG) --> File is excluded.
(DEBUG) Check if /home/felipe/zephyrproject/zephyr-course/twister-out/swap.c##8195e469d97020b79667ff0e0252a4d9.gcov is included (trace)...
(DEBUG)   No filter matched.
(DEBUG) --> File is excluded.
(DEBUG) Finding source file corresponding to a gcov data file
  gcov_fname   /home/felipe/zephyrproject/zephyr-course/twister-out/swap.c##8195e469d97020b79667ff0e0252a4d9.gcov
  current_dir  /home/felipe/zephyrproject/zephyr-course/twister-out
  root         /home/felipe/zephyrproject/zephyr-course/app/modules/ring_buf
  starting_dir /home/felipe/zephyrproject/zephyr-course
  obj_dir      /home/felipe/zephyrproject/zephyr-course/twister-out
  gcda_fname   native_sim_native/host_gnu/zephyr-course/tests/ring_buf/homework.unit.ring_buf/zephyr/arch/arch/posix/core/CMakeFiles/arch__posix__core.dir/swap.c.gcda
  --> fname    /home/felipe/zephyrproject/zephyr/arch/posix/core/swap.c
(DEBUG) Check if /home/felipe/zephyrproject/zephyr/arch/posix/core/swap.c is included (source file)...
(DEBUG)   No filter matched.
(DEBUG) --> File is excluded.
(DEBUG) Check if /home/felipe/zephyrproject/zephyr-course/twister-out/native_sim_native/host_gnu/zephyr-course/tests/ring_buf/homework.unit.ring_buf/zephyr/arch/arch/posix/core/CMakeFiles/arch__posix__core.dir/thread.c.gcda is included (trace)...
(DEBUG)   No filter matched.
(DEBUG) --> File is excluded.
(DEBUG) Check if /home/felipe/zephyrproject/zephyr-course/twister-out/native_sim_native/host_gnu/zephyr-course/tests/ring_buf/homework.unit.ring_buf/zephyr/arch/arch/posix/core/CMakeFiles/arch__posix__core.dir/thread.c.gcda is included (trace)...
(DEBUG) --> File is excluded.
(DEBUG) Check if thread.c##e581cba0878b759bdb2072ffb665d295.gcov is included (gcov file)...
(DEBUG)   Filter AlwaysMatchFilter() matched.
(DEBUG) --> File is included.
(DEBUG) Check if arch.h##f17e3501b457fcbd947bf4189b99bd89.gcov is included (gcov file)...
(DEBUG) --> File is included.
(DEBUG) Check if /home/felipe/zephyrproject/zephyr-course/twister-out/arch.h##f17e3501b457fcbd947bf4189b99bd89.gcov is included (trace)...
(DEBUG) --> File is excluded.
(DEBUG) Finding source file corresponding to a gcov data file
  gcov_fname   /home/felipe/zephyrproject/zephyr-course/twister-out/arch.h##f17e3501b457fcbd947bf4189b99bd89.gcov
  current_dir  /home/felipe/zephyrproject/zephyr-course/twister-out
  root         /home/felipe/zephyrproject/zephyr-course/app/modules/ring_buf
  starting_dir /home/felipe/zephyrproject/zephyr-course
  obj_dir      /home/felipe/zephyrproject/zephyr-course/twister-out
  gcda_fname   native_sim_native/host_gnu/zephyr-course/tests/ring_buf/homework.unit.ring_buf/zephyr/arch/arch/posix/core/CMakeFiles/arch__posix__core.dir/thread.c.gcda
  --> fname    /home/felipe/zephyrproject/zephyr/include/zephyr/arch/posix/arch.h
(DEBUG) Check if /home/felipe/zephyrproject/zephyr/include/zephyr/arch/posix/arch.h is included (source file)...
(DEBUG) --> File is excluded.
(DEBUG) Check if /home/felipe/zephyrproject/zephyr-course/twister-out/thread.c##e581cba0878b759bdb2072ffb665d295.gcov is included (trace)...
(DEBUG)   No filter matched.
(DEBUG) --> File is excluded.
(DEBUG) Finding source file corresponding to a gcov data file
  gcov_fname   /home/felipe/zephyrproject/zephyr-course/twister-out/thread.c##e581cba0878b759bdb2072ffb665d295.gcov
  current_dir  /home/felipe/zephyrproject/zephyr-course/twister-out
  root         /home/felipe/zephyrproject/zephyr-course/app/modules/ring_buf
  starting_dir /home/felipe/zephyrproject/zephyr-course
  obj_dir      /home/felipe/zephyrproject/zephyr-course/twister-out
  gcda_fname   native_sim_native/host_gnu/zephyr-course/tests/ring_buf/homework.unit.ring_buf/zephyr/arch/arch/posix/core/CMakeFiles/arch__posix__core.dir/thread.c.gcda
  --> fname    /home/felipe/zephyrproject/zephyr/arch/posix/core/thread.c
(DEBUG) Check if /home/felipe/zephyrproject/zephyr/arch/posix/core/thread.c is included (source file)...
(DEBUG)   No filter matched.
(DEBUG) --> File is excluded.
(DEBUG) Check if /home/felipe/zephyrproject/zephyr-course/twister-out/native_sim_native/host_gnu/zephyr-course/tests/ring_buf/homework.unit.ring_buf/zephyr/arch/common/CMakeFiles/arch__common.dir/init.c.gcda is included (trace)...
(DEBUG)   No filter matched.
(DEBUG) --> File is excluded.
(DEBUG) Check if /home/felipe/zephyrproject/zephyr-course/twister-out/native_sim_native/host_gnu/zephyr-course/tests/ring_buf/homework.unit.ring_buf/zephyr/arch/common/CMakeFiles/arch__common.dir/init.c.gcda is included (trace)...
(DEBUG) --> File is excluded.
(DEBUG) Check if init.c##ff0fa30bb99bfa81a7f35f4642234f7d.gcov is included (gcov file)...
(DEBUG)   Filter AlwaysMatchFilter() matched.
(DEBUG) --> File is included.
(DEBUG) Check if /home/felipe/zephyrproject/zephyr-course/twister-out/init.c##ff0fa30bb99bfa81a7f35f4642234f7d.gcov is included (trace)...
(DEBUG)   No filter matched.
(DEBUG) --> File is excluded.
(DEBUG) Finding source file corresponding to a gcov data file
  gcov_fname   /home/felipe/zephyrproject/zephyr-course/twister-out/init.c##ff0fa30bb99bfa81a7f35f4642234f7d.gcov
  current_dir  /home/felipe/zephyrproject/zephyr-course/twister-out
  root         /home/felipe/zephyrproject/zephyr-course/app/modules/ring_buf
  starting_dir /home/felipe/zephyrproject/zephyr-course
  obj_dir      /home/felipe/zephyrproject/zephyr-course/twister-out
  gcda_fname   native_sim_native/host_gnu/zephyr-course/tests/ring_buf/homework.unit.ring_buf/zephyr/arch/common/CMakeFiles/arch__common.dir/init.c.gcda
  --> fname    /home/felipe/zephyrproject/zephyr/arch/common/init.c
(DEBUG) Check if /home/felipe/zephyrproject/zephyr/arch/common/init.c is included (source file)...
(DEBUG)   No filter matched.
(DEBUG) --> File is excluded.
(DEBUG) Check if /home/felipe/zephyrproject/zephyr-course/twister-out/native_sim_native/host_gnu/zephyr-course/tests/ring_buf/homework.unit.ring_buf/zephyr/boards/native/native_sim/CMakeFiles/boards__native__native_sim.dir/cmdline.c.gcda is included (trace)...
(DEBUG)   No filter matched.
(DEBUG) --> File is excluded.
(DEBUG) Check if /home/felipe/zephyrproject/zephyr-course/twister-out/native_sim_native/host_gnu/zephyr-course/tests/ring_buf/homework.unit.ring_buf/zephyr/boards/native/native_sim/CMakeFiles/boards__native__native_sim.dir/cmdline.c.gcda is included (trace)...
(DEBUG) --> File is excluded.
(DEBUG) Check if cmdline.c##158f7f964fd1fa6642940a5f7991d392.gcov is included (gcov file)...
(DEBUG)   Filter AlwaysMatchFilter() matched.
(DEBUG) --> File is included.
(DEBUG) Check if /home/felipe/zephyrproject/zephyr-course/twister-out/cmdline.c##158f7f964fd1fa6642940a5f7991d392.gcov is included (trace)...
(DEBUG)   No filter matched.
(DEBUG) --> File is excluded.
(DEBUG) Finding source file corresponding to a gcov data file
  gcov_fname   /home/felipe/zephyrproject/zephyr-course/twister-out/cmdline.c##158f7f964fd1fa6642940a5f7991d392.gcov
  current_dir  /home/felipe/zephyrproject/zephyr-course/twister-out
  root         /home/felipe/zephyrproject/zephyr-course/app/modules/ring_buf
  starting_dir /home/felipe/zephyrproject/zephyr-course
  obj_dir      /home/felipe/zephyrproject/zephyr-course/twister-out
  gcda_fname   native_sim_native/host_gnu/zephyr-course/tests/ring_buf/homework.unit.ring_buf/zephyr/boards/native/native_sim/CMakeFiles/boards__native__native_sim.dir/cmdline.c.gcda
  --> fname    /home/felipe/zephyrproject/zephyr/boards/native/native_sim/cmdline.c
(DEBUG) Check if /home/felipe/zephyrproject/zephyr/boards/native/native_sim/cmdline.c is included (source file)...
(DEBUG)   No filter matched.
(DEBUG) --> File is excluded.
(DEBUG) Check if /home/felipe/zephyrproject/zephyr-course/twister-out/native_sim_native/host_gnu/zephyr-course/tests/ring_buf/homework.unit.ring_buf/zephyr/boards/native/native_sim/CMakeFiles/boards__native__native_sim.dir/cpu_wait.c.gcda is included (trace)...
(DEBUG)   No filter matched.
(DEBUG) --> File is excluded.
(DEBUG) Check if /home/felipe/zephyrproject/zephyr-course/twister-out/native_sim_native/host_gnu/zephyr-course/tests/ring_buf/homework.unit.ring_buf/zephyr/boards/native/native_sim/CMakeFiles/boards__native__native_sim.dir/cpu_wait.c.gcda is included (trace)...
(DEBUG) --> File is excluded.
(DEBUG) Check if cpu_wait.c##56e623e7ef2054639118f190020d12df.gcov is included (gcov file)...
(DEBUG)   Filter AlwaysMatchFilter() matched.
(DEBUG) --> File is included.
(DEBUG) Check if nsi_hw_scheduler.h##18b49d179f44403c85d4a20fc3dc71ce.gcov is included (gcov file)...
(DEBUG) --> File is included.
(DEBUG) Check if /home/felipe/zephyrproject/zephyr-course/twister-out/cpu_wait.c##56e623e7ef2054639118f190020d12df.gcov is included (trace)...
(DEBUG)   No filter matched.
(DEBUG) --> File is excluded.
(DEBUG) Finding source file corresponding to a gcov data file
  gcov_fname   /home/felipe/zephyrproject/zephyr-course/twister-out/cpu_wait.c##56e623e7ef2054639118f190020d12df.gcov
  current_dir  /home/felipe/zephyrproject/zephyr-course/twister-out
  root         /home/felipe/zephyrproject/zephyr-course/app/modules/ring_buf
  starting_dir /home/felipe/zephyrproject/zephyr-course
  obj_dir      /home/felipe/zephyrproject/zephyr-course/twister-out
  gcda_fname   native_sim_native/host_gnu/zephyr-course/tests/ring_buf/homework.unit.ring_buf/zephyr/boards/native/native_sim/CMakeFiles/boards__native__native_sim.dir/cpu_wait.c.gcda
  --> fname    /home/felipe/zephyrproject/zephyr/boards/native/native_sim/cpu_wait.c
(DEBUG) Check if /home/felipe/zephyrproject/zephyr/boards/native/native_sim/cpu_wait.c is included (source file)...
(DEBUG)   No filter matched.
(DEBUG) --> File is excluded.
(DEBUG) Check if /home/felipe/zephyrproject/zephyr-course/twister-out/nsi_hw_scheduler.h##18b49d179f44403c85d4a20fc3dc71ce.gcov is included (trace)...
(DEBUG) --> File is excluded.
(DEBUG) Finding source file corresponding to a gcov data file
  gcov_fname   /home/felipe/zephyrproject/zephyr-course/twister-out/nsi_hw_scheduler.h##18b49d179f44403c85d4a20fc3dc71ce.gcov
  current_dir  /home/felipe/zephyrproject/zephyr-course/twister-out
  root         /home/felipe/zephyrproject/zephyr-course/app/modules/ring_buf
  starting_dir /home/felipe/zephyrproject/zephyr-course
  obj_dir      /home/felipe/zephyrproject/zephyr-course/twister-out
  gcda_fname   native_sim_native/host_gnu/zephyr-course/tests/ring_buf/homework.unit.ring_buf/zephyr/boards/native/native_sim/CMakeFiles/boards__native__native_sim.dir/cpu_wait.c.gcda
  --> fname    /home/felipe/zephyrproject/zephyr/scripts/native_simulator/common/src/include/nsi_hw_scheduler.h
(DEBUG) Check if /home/felipe/zephyrproject/zephyr/scripts/native_simulator/common/src/include/nsi_hw_scheduler.h is included (source file)...
(DEBUG) --> File is excluded.
(DEBUG) Check if /home/felipe/zephyrproject/zephyr-course/twister-out/native_sim_native/host_gnu/zephyr-course/tests/ring_buf/homework.unit.ring_buf/zephyr/boards/native/native_sim/CMakeFiles/boards__native__native_sim.dir/irq_handler.c.gcda is included (trace)...
(DEBUG)   No filter matched.
(DEBUG) --> File is excluded.
(DEBUG) Check if /home/felipe/zephyrproject/zephyr-course/twister-out/native_sim_native/host_gnu/zephyr-course/tests/ring_buf/homework.unit.ring_buf/zephyr/boards/native/native_sim/CMakeFiles/boards__native__native_sim.dir/irq_handler.c.gcda is included (trace)...
(DEBUG) --> File is excluded.
(DEBUG) Check if irq_handler.c##4b1677e46274d007f587de7a5a03791d.gcov is included (gcov file)...
(DEBUG)   Filter AlwaysMatchFilter() matched.
(DEBUG) --> File is included.
(DEBUG) Check if kswap.h##4cdb6ee45e09bab001793a605d74fb66.gcov is included (gcov file)...
(DEBUG)   Filter AlwaysMatchFilter() matched.
(DEBUG) --> File is included.
(DEBUG) Check if arch.h##f17e3501b457fcbd947bf4189b99bd89.gcov is included (gcov file)...
(DEBUG) --> File is included.
(DEBUG) Check if /home/felipe/zephyrproject/zephyr-course/twister-out/kswap.h##4cdb6ee45e09bab001793a605d74fb66.gcov is included (trace)...
(DEBUG)   No filter matched.
(DEBUG) --> File is excluded.
(DEBUG) Finding source file corresponding to a gcov data file
  gcov_fname   /home/felipe/zephyrproject/zephyr-course/twister-out/kswap.h##4cdb6ee45e09bab001793a605d74fb66.gcov
  current_dir  /home/felipe/zephyrproject/zephyr-course/twister-out
  root         /home/felipe/zephyrproject/zephyr-course/app/modules/ring_buf
  starting_dir /home/felipe/zephyrproject/zephyr-course
  obj_dir      /home/felipe/zephyrproject/zephyr-course/twister-out
  gcda_fname   native_sim_native/host_gnu/zephyr-course/tests/ring_buf/homework.unit.ring_buf/zephyr/boards/native/native_sim/CMakeFiles/boards__native__native_sim.dir/irq_handler.c.gcda
  --> fname    /home/felipe/zephyrproject/zephyr/kernel/include/kswap.h
(DEBUG) Check if /home/felipe/zephyrproject/zephyr/kernel/include/kswap.h is included (source file)...
(DEBUG)   No filter matched.
(DEBUG) --> File is excluded.
(DEBUG) Check if /home/felipe/zephyrproject/zephyr-course/twister-out/arch.h##f17e3501b457fcbd947bf4189b99bd89.gcov is included (trace)...
(DEBUG) --> File is excluded.
(DEBUG) Finding source file corresponding to a gcov data file
  gcov_fname   /home/felipe/zephyrproject/zephyr-course/twister-out/arch.h##f17e3501b457fcbd947bf4189b99bd89.gcov
  current_dir  /home/felipe/zephyrproject/zephyr-course/twister-out
  root         /home/felipe/zephyrproject/zephyr-course/app/modules/ring_buf
  starting_dir /home/felipe/zephyrproject/zephyr-course
  obj_dir      /home/felipe/zephyrproject/zephyr-course/twister-out
  gcda_fname   native_sim_native/host_gnu/zephyr-course/tests/ring_buf/homework.unit.ring_buf/zephyr/boards/native/native_sim/CMakeFiles/boards__native__native_sim.dir/irq_handler.c.gcda
  --> fname    /home/felipe/zephyrproject/zephyr/include/zephyr/arch/posix/arch.h
(DEBUG) Check if /home/felipe/zephyrproject/zephyr/include/zephyr/arch/posix/arch.h is included (source file)...
(DEBUG) --> File is excluded.
(DEBUG) Check if /home/felipe/zephyrproject/zephyr-course/twister-out/irq_handler.c##4b1677e46274d007f587de7a5a03791d.gcov is included (trace)...
(DEBUG)   No filter matched.
(DEBUG) --> File is excluded.
(DEBUG) Finding source file corresponding to a gcov data file
  gcov_fname   /home/felipe/zephyrproject/zephyr-course/twister-out/irq_handler.c##4b1677e46274d007f587de7a5a03791d.gcov
  current_dir  /home/felipe/zephyrproject/zephyr-course/twister-out
  root         /home/felipe/zephyrproject/zephyr-course/app/modules/ring_buf
  starting_dir /home/felipe/zephyrproject/zephyr-course
  obj_dir      /home/felipe/zephyrproject/zephyr-course/twister-out
  gcda_fname   native_sim_native/host_gnu/zephyr-course/tests/ring_buf/homework.unit.ring_buf/zephyr/boards/native/native_sim/CMakeFiles/boards__native__native_sim.dir/irq_handler.c.gcda
  --> fname    /home/felipe/zephyrproject/zephyr/boards/native/native_sim/irq_handler.c
(DEBUG) Check if /home/felipe/zephyrproject/zephyr/boards/native/native_sim/irq_handler.c is included (source file)...
(DEBUG)   No filter matched.
(DEBUG) --> File is excluded.
(DEBUG) Check if /home/felipe/zephyrproject/zephyr-course/twister-out/native_sim_native/host_gnu/zephyr-course/tests/ring_buf/homework.unit.ring_buf/zephyr/boards/native/native_sim/CMakeFiles/boards__native__native_sim.dir/misc.c.gcno is included (trace)...
(DEBUG)   No filter matched.
(DEBUG) --> File is excluded.
(DEBUG) Check if /home/felipe/zephyrproject/zephyr-course/twister-out/native_sim_native/host_gnu/zephyr-course/tests/ring_buf/homework.unit.ring_buf/zephyr/boards/native/native_sim/CMakeFiles/boards__native__native_sim.dir/misc.c.gcno is included (trace)...
(DEBUG) --> File is excluded.
(DEBUG) Check if /home/felipe/zephyrproject/zephyr-course/twister-out/native_sim_native/host_gnu/zephyr-course/tests/ring_buf/homework.unit.ring_buf/zephyr/boards/native/native_sim/CMakeFiles/boards__native__native_sim.dir/nsi_if.c.gcda is included (trace)...
(DEBUG)   No filter matched.
(DEBUG) --> File is excluded.
(DEBUG) Check if /home/felipe/zephyrproject/zephyr-course/twister-out/native_sim_native/host_gnu/zephyr-course/tests/ring_buf/homework.unit.ring_buf/zephyr/boards/native/native_sim/CMakeFiles/boards__native__native_sim.dir/nsi_if.c.gcda is included (trace)...
(DEBUG) --> File is excluded.
(DEBUG) Check if nsi_if.c##47c60d456a5a123724b4b699649a9f06.gcov is included (gcov file)...
(DEBUG)   Filter AlwaysMatchFilter() matched.
(DEBUG) --> File is included.
(DEBUG) Check if /home/felipe/zephyrproject/zephyr-course/twister-out/nsi_if.c##47c60d456a5a123724b4b699649a9f06.gcov is included (trace)...
(DEBUG)   No filter matched.
(DEBUG) --> File is excluded.
(DEBUG) Finding source file corresponding to a gcov data file
  gcov_fname   /home/felipe/zephyrproject/zephyr-course/twister-out/nsi_if.c##47c60d456a5a123724b4b699649a9f06.gcov
  current_dir  /home/felipe/zephyrproject/zephyr-course/twister-out
  root         /home/felipe/zephyrproject/zephyr-course/app/modules/ring_buf
  starting_dir /home/felipe/zephyrproject/zephyr-course
  obj_dir      /home/felipe/zephyrproject/zephyr-course/twister-out
  gcda_fname   native_sim_native/host_gnu/zephyr-course/tests/ring_buf/homework.unit.ring_buf/zephyr/boards/native/native_sim/CMakeFiles/boards__native__native_sim.dir/nsi_if.c.gcda
  --> fname    /home/felipe/zephyrproject/zephyr/boards/native/native_sim/nsi_if.c
(DEBUG) Check if /home/felipe/zephyrproject/zephyr/boards/native/native_sim/nsi_if.c is included (source file)...
(DEBUG)   No filter matched.
(DEBUG) --> File is excluded.
(DEBUG) Check if /home/felipe/zephyrproject/zephyr-course/twister-out/native_sim_native/host_gnu/zephyr-course/tests/ring_buf/homework.unit.ring_buf/zephyr/boards/native/native_sim/CMakeFiles/boards__native__native_sim.dir/posix_arch_if.c.gcda is included (trace)...
(DEBUG)   No filter matched.
(DEBUG) --> File is excluded.
(DEBUG) Check if /home/felipe/zephyrproject/zephyr-course/twister-out/native_sim_native/host_gnu/zephyr-course/tests/ring_buf/homework.unit.ring_buf/zephyr/boards/native/native_sim/CMakeFiles/boards__native__native_sim.dir/posix_arch_if.c.gcda is included (trace)...
(DEBUG) --> File is excluded.
(DEBUG) Check if posix_arch_if.c##c9d8aa634eb2d68825921f1210bfd438.gcov is included (gcov file)...
(DEBUG)   Filter AlwaysMatchFilter() matched.
(DEBUG) --> File is included.
(DEBUG) Check if nsi_hw_scheduler.h##18b49d179f44403c85d4a20fc3dc71ce.gcov is included (gcov file)...
(DEBUG) --> File is included.
(DEBUG) Check if /home/felipe/zephyrproject/zephyr-course/twister-out/posix_arch_if.c##c9d8aa634eb2d68825921f1210bfd438.gcov is included (trace)...
(DEBUG)   No filter matched.
(DEBUG) --> File is excluded.
(DEBUG) Finding source file corresponding to a gcov data file
  gcov_fname   /home/felipe/zephyrproject/zephyr-course/twister-out/posix_arch_if.c##c9d8aa634eb2d68825921f1210bfd438.gcov
  current_dir  /home/felipe/zephyrproject/zephyr-course/twister-out
  root         /home/felipe/zephyrproject/zephyr-course/app/modules/ring_buf
  starting_dir /home/felipe/zephyrproject/zephyr-course
  obj_dir      /home/felipe/zephyrproject/zephyr-course/twister-out
  gcda_fname   native_sim_native/host_gnu/zephyr-course/tests/ring_buf/homework.unit.ring_buf/zephyr/boards/native/native_sim/CMakeFiles/boards__native__native_sim.dir/posix_arch_if.c.gcda
  --> fname    /home/felipe/zephyrproject/zephyr/boards/native/native_sim/posix_arch_if.c
(DEBUG) Check if /home/felipe/zephyrproject/zephyr/boards/native/native_sim/posix_arch_if.c is included (source file)...
(DEBUG)   No filter matched.
(DEBUG) --> File is excluded.
(DEBUG) Check if /home/felipe/zephyrproject/zephyr-course/twister-out/nsi_hw_scheduler.h##18b49d179f44403c85d4a20fc3dc71ce.gcov is included (trace)...
(DEBUG) --> File is excluded.
(DEBUG) Finding source file corresponding to a gcov data file
  gcov_fname   /home/felipe/zephyrproject/zephyr-course/twister-out/nsi_hw_scheduler.h##18b49d179f44403c85d4a20fc3dc71ce.gcov
  current_dir  /home/felipe/zephyrproject/zephyr-course/twister-out
  root         /home/felipe/zephyrproject/zephyr-course/app/modules/ring_buf
  starting_dir /home/felipe/zephyrproject/zephyr-course
  obj_dir      /home/felipe/zephyrproject/zephyr-course/twister-out
  gcda_fname   native_sim_native/host_gnu/zephyr-course/tests/ring_buf/homework.unit.ring_buf/zephyr/boards/native/native_sim/CMakeFiles/boards__native__native_sim.dir/posix_arch_if.c.gcda
  --> fname    /home/felipe/zephyrproject/zephyr/scripts/native_simulator/common/src/include/nsi_hw_scheduler.h
(DEBUG) Check if /home/felipe/zephyrproject/zephyr/scripts/native_simulator/common/src/include/nsi_hw_scheduler.h is included (source file)...
(DEBUG) --> File is excluded.
(DEBUG) Check if /home/felipe/zephyrproject/zephyr-course/twister-out/native_sim_native/host_gnu/zephyr-course/tests/ring_buf/homework.unit.ring_buf/zephyr/drivers/console/CMakeFiles/drivers__console.dir/posix_arch_console.c.gcda is included (trace)...
(DEBUG)   No filter matched.
(DEBUG) --> File is excluded.
(DEBUG) Check if /home/felipe/zephyrproject/zephyr-course/twister-out/native_sim_native/host_gnu/zephyr-course/tests/ring_buf/homework.unit.ring_buf/zephyr/drivers/console/CMakeFiles/drivers__console.dir/posix_arch_console.c.gcda is included (trace)...
(DEBUG) --> File is excluded.
(DEBUG) Check if posix_arch_console.c##04438244b06cbaff5488f5b51e4592ec.gcov is included (gcov file)...
(DEBUG)   Filter AlwaysMatchFilter() matched.
(DEBUG) --> File is included.
(DEBUG) Check if /home/felipe/zephyrproject/zephyr-course/twister-out/posix_arch_console.c##04438244b06cbaff5488f5b51e4592ec.gcov is included (trace)...
(DEBUG)   No filter matched.
(DEBUG) --> File is excluded.
(DEBUG) Finding source file corresponding to a gcov data file
  gcov_fname   /home/felipe/zephyrproject/zephyr-course/twister-out/posix_arch_console.c##04438244b06cbaff5488f5b51e4592ec.gcov
  current_dir  /home/felipe/zephyrproject/zephyr-course/twister-out
  root         /home/felipe/zephyrproject/zephyr-course/app/modules/ring_buf
  starting_dir /home/felipe/zephyrproject/zephyr-course
  obj_dir      /home/felipe/zephyrproject/zephyr-course/twister-out
  gcda_fname   native_sim_native/host_gnu/zephyr-course/tests/ring_buf/homework.unit.ring_buf/zephyr/drivers/console/CMakeFiles/drivers__console.dir/posix_arch_console.c.gcda
  --> fname    /home/felipe/zephyrproject/zephyr/drivers/console/posix_arch_console.c
(DEBUG) Check if /home/felipe/zephyrproject/zephyr/drivers/console/posix_arch_console.c is included (source file)...
(DEBUG)   No filter matched.
(DEBUG) --> File is excluded.
(DEBUG) Check if /home/felipe/zephyrproject/zephyr-course/twister-out/native_sim_native/host_gnu/zephyr-course/tests/ring_buf/homework.unit.ring_buf/zephyr/drivers/timer/CMakeFiles/drivers__timer.dir/native_sim_timer.c.gcda is included (trace)...
(DEBUG)   No filter matched.
(DEBUG) --> File is excluded.
(DEBUG) Check if /home/felipe/zephyrproject/zephyr-course/twister-out/native_sim_native/host_gnu/zephyr-course/tests/ring_buf/homework.unit.ring_buf/zephyr/drivers/timer/CMakeFiles/drivers__timer.dir/native_sim_timer.c.gcda is included (trace)...
(DEBUG) --> File is excluded.
(DEBUG) Check if native_sim_timer.c##6bd24c332ef66cd3bb2c38c04cdbc1a5.gcov is included (gcov file)...
(DEBUG)   Filter AlwaysMatchFilter() matched.
(DEBUG) --> File is included.
(DEBUG) Check if nsi_hw_scheduler.h##18b49d179f44403c85d4a20fc3dc71ce.gcov is included (gcov file)...
(DEBUG) --> File is included.
(DEBUG) Check if /home/felipe/zephyrproject/zephyr-course/twister-out/native_sim_timer.c##6bd24c332ef66cd3bb2c38c04cdbc1a5.gcov is included (trace)...
(DEBUG)   No filter matched.
(DEBUG) --> File is excluded.
(DEBUG) Finding source file corresponding to a gcov data file
  gcov_fname   /home/felipe/zephyrproject/zephyr-course/twister-out/native_sim_timer.c##6bd24c332ef66cd3bb2c38c04cdbc1a5.gcov
  current_dir  /home/felipe/zephyrproject/zephyr-course/twister-out
  root         /home/felipe/zephyrproject/zephyr-course/app/modules/ring_buf
  starting_dir /home/felipe/zephyrproject/zephyr-course
  obj_dir      /home/felipe/zephyrproject/zephyr-course/twister-out
  gcda_fname   native_sim_native/host_gnu/zephyr-course/tests/ring_buf/homework.unit.ring_buf/zephyr/drivers/timer/CMakeFiles/drivers__timer.dir/native_sim_timer.c.gcda
  --> fname    /home/felipe/zephyrproject/zephyr/drivers/timer/native_sim_timer.c
(DEBUG) Check if /home/felipe/zephyrproject/zephyr/drivers/timer/native_sim_timer.c is included (source file)...
(DEBUG)   No filter matched.
(DEBUG) --> File is excluded.
(DEBUG) Check if /home/felipe/zephyrproject/zephyr-course/twister-out/nsi_hw_scheduler.h##18b49d179f44403c85d4a20fc3dc71ce.gcov is included (trace)...
(DEBUG) --> File is excluded.
(DEBUG) Finding source file corresponding to a gcov data file
  gcov_fname   /home/felipe/zephyrproject/zephyr-course/twister-out/nsi_hw_scheduler.h##18b49d179f44403c85d4a20fc3dc71ce.gcov
  current_dir  /home/felipe/zephyrproject/zephyr-course/twister-out
  root         /home/felipe/zephyrproject/zephyr-course/app/modules/ring_buf
  starting_dir /home/felipe/zephyrproject/zephyr-course
  obj_dir      /home/felipe/zephyrproject/zephyr-course/twister-out
  gcda_fname   native_sim_native/host_gnu/zephyr-course/tests/ring_buf/homework.unit.ring_buf/zephyr/drivers/timer/CMakeFiles/drivers__timer.dir/native_sim_timer.c.gcda
  --> fname    /home/felipe/zephyrproject/zephyr/scripts/native_simulator/common/src/include/nsi_hw_scheduler.h
(DEBUG) Check if /home/felipe/zephyrproject/zephyr/scripts/native_simulator/common/src/include/nsi_hw_scheduler.h is included (source file)...
(DEBUG) --> File is excluded.
(DEBUG) Check if /home/felipe/zephyrproject/zephyr-course/twister-out/native_sim_native/host_gnu/zephyr-course/tests/ring_buf/homework.unit.ring_buf/zephyr/drivers/timer/CMakeFiles/drivers__timer.dir/sys_clock_init.c.gcda is included (trace)...
(DEBUG)   No filter matched.
(DEBUG) --> File is excluded.
(DEBUG) Check if /home/felipe/zephyrproject/zephyr-course/twister-out/native_sim_native/host_gnu/zephyr-course/tests/ring_buf/homework.unit.ring_buf/zephyr/drivers/timer/CMakeFiles/drivers__timer.dir/sys_clock_init.c.gcda is included (trace)...
(DEBUG) --> File is excluded.
(DEBUG) Check if sys_clock_init.c##03c6a3666a3227cc4c3f315eabfbde2a.gcov is included (gcov file)...
(DEBUG)   Filter AlwaysMatchFilter() matched.
(DEBUG) --> File is included.
(DEBUG) Check if /home/felipe/zephyrproject/zephyr-course/twister-out/sys_clock_init.c##03c6a3666a3227cc4c3f315eabfbde2a.gcov is included (trace)...
(DEBUG)   No filter matched.
(DEBUG) --> File is excluded.
(DEBUG) Finding source file corresponding to a gcov data file
  gcov_fname   /home/felipe/zephyrproject/zephyr-course/twister-out/sys_clock_init.c##03c6a3666a3227cc4c3f315eabfbde2a.gcov
  current_dir  /home/felipe/zephyrproject/zephyr-course/twister-out
  root         /home/felipe/zephyrproject/zephyr-course/app/modules/ring_buf
  starting_dir /home/felipe/zephyrproject/zephyr-course
  obj_dir      /home/felipe/zephyrproject/zephyr-course/twister-out
  gcda_fname   native_sim_native/host_gnu/zephyr-course/tests/ring_buf/homework.unit.ring_buf/zephyr/drivers/timer/CMakeFiles/drivers__timer.dir/sys_clock_init.c.gcda
  --> fname    /home/felipe/zephyrproject/zephyr/drivers/timer/sys_clock_init.c
(DEBUG) Check if /home/felipe/zephyrproject/zephyr/drivers/timer/sys_clock_init.c is included (source file)...
(DEBUG)   No filter matched.
(DEBUG) --> File is excluded.
(DEBUG) Check if /home/felipe/zephyrproject/zephyr-course/twister-out/native_sim_native/host_gnu/zephyr-course/tests/ring_buf/homework.unit.ring_buf/zephyr/kernel/CMakeFiles/kernel.dir/banner.c.gcda is included (trace)...
(DEBUG)   No filter matched.
(DEBUG) --> File is excluded.
(DEBUG) Check if /home/felipe/zephyrproject/zephyr-course/twister-out/native_sim_native/host_gnu/zephyr-course/tests/ring_buf/homework.unit.ring_buf/zephyr/kernel/CMakeFiles/kernel.dir/banner.c.gcda is included (trace)...
(DEBUG) --> File is excluded.
(DEBUG) Check if banner.c##770f00dc825268d626130dc4c4b82217.gcov is included (gcov file)...
(DEBUG)   Filter AlwaysMatchFilter() matched.
(DEBUG) --> File is included.
(DEBUG) Check if /home/felipe/zephyrproject/zephyr-course/twister-out/banner.c##770f00dc825268d626130dc4c4b82217.gcov is included (trace)...
(DEBUG)   No filter matched.
(DEBUG) --> File is excluded.
(DEBUG) Finding source file corresponding to a gcov data file
  gcov_fname   /home/felipe/zephyrproject/zephyr-course/twister-out/banner.c##770f00dc825268d626130dc4c4b82217.gcov
  current_dir  /home/felipe/zephyrproject/zephyr-course/twister-out
  root         /home/felipe/zephyrproject/zephyr-course/app/modules/ring_buf
  starting_dir /home/felipe/zephyrproject/zephyr-course
  obj_dir      /home/felipe/zephyrproject/zephyr-course/twister-out
  gcda_fname   native_sim_native/host_gnu/zephyr-course/tests/ring_buf/homework.unit.ring_buf/zephyr/kernel/CMakeFiles/kernel.dir/banner.c.gcda
  --> fname    /home/felipe/zephyrproject/zephyr/kernel/banner.c
(DEBUG) Check if /home/felipe/zephyrproject/zephyr/kernel/banner.c is included (source file)...
(DEBUG)   No filter matched.
(DEBUG) --> File is excluded.
(DEBUG) Check if /home/felipe/zephyrproject/zephyr-course/twister-out/native_sim_native/host_gnu/zephyr-course/tests/ring_buf/homework.unit.ring_buf/zephyr/kernel/CMakeFiles/kernel.dir/busy_wait.c.gcno is included (trace)...
(DEBUG)   No filter matched.
(DEBUG) --> File is excluded.
(DEBUG) Check if /home/felipe/zephyrproject/zephyr-course/twister-out/native_sim_native/host_gnu/zephyr-course/tests/ring_buf/homework.unit.ring_buf/zephyr/kernel/CMakeFiles/kernel.dir/busy_wait.c.gcno is included (trace)...
(DEBUG) --> File is excluded.
(DEBUG) Check if busy_wait.c##252cfd7d843d29168da2c08535a7c7f0.gcov is included (gcov file)...
(DEBUG)   Filter AlwaysMatchFilter() matched.
(DEBUG) --> File is included.
(DEBUG) Check if /home/felipe/zephyrproject/zephyr-course/twister-out/busy_wait.c##252cfd7d843d29168da2c08535a7c7f0.gcov is included (trace)...
(DEBUG)   No filter matched.
(DEBUG) --> File is excluded.
(DEBUG) Finding source file corresponding to a gcov data file
  gcov_fname   /home/felipe/zephyrproject/zephyr-course/twister-out/busy_wait.c##252cfd7d843d29168da2c08535a7c7f0.gcov
  current_dir  /home/felipe/zephyrproject/zephyr-course/twister-out
  root         /home/felipe/zephyrproject/zephyr-course/app/modules/ring_buf
  starting_dir /home/felipe/zephyrproject/zephyr-course
  obj_dir      /home/felipe/zephyrproject/zephyr-course/twister-out
  gcda_fname   native_sim_native/host_gnu/zephyr-course/tests/ring_buf/homework.unit.ring_buf/zephyr/kernel/CMakeFiles/kernel.dir/busy_wait.c.gcno
  --> fname    /home/felipe/zephyrproject/zephyr/kernel/busy_wait.c
(DEBUG) Check if /home/felipe/zephyrproject/zephyr/kernel/busy_wait.c is included (source file)...
(DEBUG)   No filter matched.
(DEBUG) --> File is excluded.
(DEBUG) Check if /home/felipe/zephyrproject/zephyr-course/twister-out/native_sim_native/host_gnu/zephyr-course/tests/ring_buf/homework.unit.ring_buf/zephyr/kernel/CMakeFiles/kernel.dir/condvar.c.gcno is included (trace)...
(DEBUG)   No filter matched.
(DEBUG) --> File is excluded.
(DEBUG) Check if /home/felipe/zephyrproject/zephyr-course/twister-out/native_sim_native/host_gnu/zephyr-course/tests/ring_buf/homework.unit.ring_buf/zephyr/kernel/CMakeFiles/kernel.dir/condvar.c.gcno is included (trace)...
(DEBUG) --> File is excluded.
(DEBUG) Check if condvar.c##d6fa9919e6362ea08b34bb7bcffbc38f.gcov is included (gcov file)...
(DEBUG)   Filter AlwaysMatchFilter() matched.
(DEBUG) --> File is included.
(DEBUG) Check if wait_q.h##c55cb3824a8e32844a6026ec1729c33e.gcov is included (gcov file)...
(DEBUG)   Filter AlwaysMatchFilter() matched.
(DEBUG) --> File is included.
(DEBUG) Check if ksched.h##0cebf465783caf800468063ad71827b7.gcov is included (gcov file)...
(DEBUG)   Filter AlwaysMatchFilter() matched.
(DEBUG) --> File is included.
(DEBUG) Check if priority_q.h##b43b8b9793e0b1f450fbd5ad330f5149.gcov is included (gcov file)...
(DEBUG)   Filter AlwaysMatchFilter() matched.
(DEBUG) --> File is included.
(DEBUG) Check if kthread.h##9409f455419132bfc3b9c8e76c631198.gcov is included (gcov file)...
(DEBUG)   Filter AlwaysMatchFilter() matched.
(DEBUG) --> File is included.
(DEBUG) Check if timeout_q.h##90d851c3f83778dd36dd8b7e2ad60ead.gcov is included (gcov file)...
(DEBUG)   Filter AlwaysMatchFilter() matched.
(DEBUG) --> File is included.
(DEBUG) Check if kernel_arch_func.h##32b155e641adc9cd48584db3704df6c2.gcov is included (gcov file)...
(DEBUG)   Filter AlwaysMatchFilter() matched.
(DEBUG) --> File is included.
(DEBUG) Check if kernel.h##02fe483cd34741e407932cea525697b1.gcov is included (gcov file)...
(DEBUG) --> File is included.
(DEBUG) Check if kobject_internal.h##a8c30b7c0aaee4fff0317a3d8ddf7a57.gcov is included (gcov file)...
(DEBUG)   Filter AlwaysMatchFilter() matched.
(DEBUG) --> File is included.
(DEBUG) Check if spinlock.h##d07917f143d2ca5ff94f2d220e528568.gcov is included (gcov file)...
(DEBUG) --> File is included.
(DEBUG) Check if arch.h##f17e3501b457fcbd947bf4189b99bd89.gcov is included (gcov file)...
(DEBUG) --> File is included.
(DEBUG) Check if dlist.h##0f388b119e698d4d0bf30b616f109283.gcov is included (gcov file)...
(DEBUG)   Filter AlwaysMatchFilter() matched.
(DEBUG) --> File is included.
(DEBUG) Check if /home/felipe/zephyrproject/zephyr-course/twister-out/timeout_q.h##90d851c3f83778dd36dd8b7e2ad60ead.gcov is included (trace)...
(DEBUG)   No filter matched.
(DEBUG) --> File is excluded.
(DEBUG) Finding source file corresponding to a gcov data file
  gcov_fname   /home/felipe/zephyrproject/zephyr-course/twister-out/timeout_q.h##90d851c3f83778dd36dd8b7e2ad60ead.gcov
  current_dir  /home/felipe/zephyrproject/zephyr-course/twister-out
  root         /home/felipe/zephyrproject/zephyr-course/app/modules/ring_buf
  starting_dir /home/felipe/zephyrproject/zephyr-course
  obj_dir      /home/felipe/zephyrproject/zephyr-course/twister-out
  gcda_fname   native_sim_native/host_gnu/zephyr-course/tests/ring_buf/homework.unit.ring_buf/zephyr/kernel/CMakeFiles/kernel.dir/condvar.c.gcno
  --> fname    /home/felipe/zephyrproject/zephyr/kernel/include/timeout_q.h
(DEBUG) Check if /home/felipe/zephyrproject/zephyr/kernel/include/timeout_q.h is included (source file)...
(DEBUG)   No filter matched.
(DEBUG) --> File is excluded.
(DEBUG) Check if /home/felipe/zephyrproject/zephyr-course/twister-out/condvar.c##d6fa9919e6362ea08b34bb7bcffbc38f.gcov is included (trace)...
(DEBUG)   No filter matched.
(DEBUG) --> File is excluded.
(DEBUG) Finding source file corresponding to a gcov data file
  gcov_fname   /home/felipe/zephyrproject/zephyr-course/twister-out/condvar.c##d6fa9919e6362ea08b34bb7bcffbc38f.gcov
  current_dir  /home/felipe/zephyrproject/zephyr-course/twister-out
  root         /home/felipe/zephyrproject/zephyr-course/app/modules/ring_buf
  starting_dir /home/felipe/zephyrproject/zephyr-course
  obj_dir      /home/felipe/zephyrproject/zephyr-course/twister-out
  gcda_fname   native_sim_native/host_gnu/zephyr-course/tests/ring_buf/homework.unit.ring_buf/zephyr/kernel/CMakeFiles/kernel.dir/condvar.c.gcno
  --> fname    /home/felipe/zephyrproject/zephyr/kernel/condvar.c
(DEBUG) Check if /home/felipe/zephyrproject/zephyr/kernel/condvar.c is included (source file)...
(DEBUG)   No filter matched.
(DEBUG) --> File is excluded.
(DEBUG) Check if /home/felipe/zephyrproject/zephyr-course/twister-out/kernel_arch_func.h##32b155e641adc9cd48584db3704df6c2.gcov is included (trace)...
(DEBUG)   No filter matched.
(DEBUG) --> File is excluded.
(DEBUG) Finding source file corresponding to a gcov data file
  gcov_fname   /home/felipe/zephyrproject/zephyr-course/twister-out/kernel_arch_func.h##32b155e641adc9cd48584db3704df6c2.gcov
  current_dir  /home/felipe/zephyrproject/zephyr-course/twister-out
  root         /home/felipe/zephyrproject/zephyr-course/app/modules/ring_buf
  starting_dir /home/felipe/zephyrproject/zephyr-course
  obj_dir      /home/felipe/zephyrproject/zephyr-course/twister-out
  gcda_fname   native_sim_native/host_gnu/zephyr-course/tests/ring_buf/homework.unit.ring_buf/zephyr/kernel/CMakeFiles/kernel.dir/condvar.c.gcno
  --> fname    /home/felipe/zephyrproject/zephyr/arch/posix/include/kernel_arch_func.h
(DEBUG) Check if /home/felipe/zephyrproject/zephyr/arch/posix/include/kernel_arch_func.h is included (source file)...
(DEBUG)   No filter matched.
(DEBUG) --> File is excluded.
(DEBUG) Check if /home/felipe/zephyrproject/zephyr-course/twister-out/kthread.h##9409f455419132bfc3b9c8e76c631198.gcov is included (trace)...
(DEBUG)   No filter matched.
(DEBUG) --> File is excluded.
(DEBUG) Finding source file corresponding to a gcov data file
  gcov_fname   /home/felipe/zephyrproject/zephyr-course/twister-out/kthread.h##9409f455419132bfc3b9c8e76c631198.gcov
  current_dir  /home/felipe/zephyrproject/zephyr-course/twister-out
  root         /home/felipe/zephyrproject/zephyr-course/app/modules/ring_buf
  starting_dir /home/felipe/zephyrproject/zephyr-course
  obj_dir      /home/felipe/zephyrproject/zephyr-course/twister-out
  gcda_fname   native_sim_native/host_gnu/zephyr-course/tests/ring_buf/homework.unit.ring_buf/zephyr/kernel/CMakeFiles/kernel.dir/condvar.c.gcno
  --> fname    /home/felipe/zephyrproject/zephyr/kernel/include/kthread.h
(DEBUG) Check if /home/felipe/zephyrproject/zephyr/kernel/include/kthread.h is included (source file)...
(DEBUG)   No filter matched.
(DEBUG) --> File is excluded.
(DEBUG) Check if /home/felipe/zephyrproject/zephyr-course/twister-out/kernel.h##02fe483cd34741e407932cea525697b1.gcov is included (trace)...
(DEBUG) --> File is excluded.
(DEBUG) Finding source file corresponding to a gcov data file
  gcov_fname   /home/felipe/zephyrproject/zephyr-course/twister-out/kernel.h##02fe483cd34741e407932cea525697b1.gcov
  current_dir  /home/felipe/zephyrproject/zephyr-course/twister-out
  root         /home/felipe/zephyrproject/zephyr-course/app/modules/ring_buf
  starting_dir /home/felipe/zephyrproject/zephyr-course
  obj_dir      /home/felipe/zephyrproject/zephyr-course/twister-out
  gcda_fname   native_sim_native/host_gnu/zephyr-course/tests/ring_buf/homework.unit.ring_buf/zephyr/kernel/CMakeFiles/kernel.dir/condvar.c.gcno
  --> fname    /home/felipe/zephyrproject/zephyr-course/twister-out/native_sim_native/host_gnu/zephyr-course/tests/ring_buf/homework.unit.ring_buf/zephyr/include/generated/zephyr/syscalls/kernel.h
(DEBUG) Check if /home/felipe/zephyrproject/zephyr-course/twister-out/native_sim_native/host_gnu/zephyr-course/tests/ring_buf/homework.unit.ring_buf/zephyr/include/generated/zephyr/syscalls/kernel.h is included (source file)...
(DEBUG) --> File is excluded.
(DEBUG) Check if /home/felipe/zephyrproject/zephyr-course/twister-out/kobject_internal.h##a8c30b7c0aaee4fff0317a3d8ddf7a57.gcov is included (trace)...
(DEBUG)   No filter matched.
(DEBUG) --> File is excluded.
(DEBUG) Finding source file corresponding to a gcov data file
  gcov_fname   /home/felipe/zephyrproject/zephyr-course/twister-out/kobject_internal.h##a8c30b7c0aaee4fff0317a3d8ddf7a57.gcov
  current_dir  /home/felipe/zephyrproject/zephyr-course/twister-out
  root         /home/felipe/zephyrproject/zephyr-course/app/modules/ring_buf
  starting_dir /home/felipe/zephyrproject/zephyr-course
  obj_dir      /home/felipe/zephyrproject/zephyr-course/twister-out
  gcda_fname   native_sim_native/host_gnu/zephyr-course/tests/ring_buf/homework.unit.ring_buf/zephyr/kernel/CMakeFiles/kernel.dir/condvar.c.gcno
  --> fname    /home/felipe/zephyrproject/zephyr/include/zephyr/sys/internal/kobject_internal.h
(DEBUG) Check if /home/felipe/zephyrproject/zephyr/include/zephyr/sys/internal/kobject_internal.h is included (source file)...
(DEBUG)   No filter matched.
(DEBUG) --> File is excluded.
(DEBUG) Check if /home/felipe/zephyrproject/zephyr-course/twister-out/wait_q.h##c55cb3824a8e32844a6026ec1729c33e.gcov is included (trace)...
(DEBUG)   No filter matched.
(DEBUG) --> File is excluded.
(DEBUG) Finding source file corresponding to a gcov data file
  gcov_fname   /home/felipe/zephyrproject/zephyr-course/twister-out/wait_q.h##c55cb3824a8e32844a6026ec1729c33e.gcov
  current_dir  /home/felipe/zephyrproject/zephyr-course/twister-out
  root         /home/felipe/zephyrproject/zephyr-course/app/modules/ring_buf
  starting_dir /home/felipe/zephyrproject/zephyr-course
  obj_dir      /home/felipe/zephyrproject/zephyr-course/twister-out
  gcda_fname   native_sim_native/host_gnu/zephyr-course/tests/ring_buf/homework.unit.ring_buf/zephyr/kernel/CMakeFiles/kernel.dir/condvar.c.gcno
  --> fname    /home/felipe/zephyrproject/zephyr/kernel/include/wait_q.h
(DEBUG) Check if /home/felipe/zephyrproject/zephyr/kernel/include/wait_q.h is included (source file)...
(DEBUG)   No filter matched.
(DEBUG) --> File is excluded.
(DEBUG) Check if /home/felipe/zephyrproject/zephyr-course/twister-out/dlist.h##0f388b119e698d4d0bf30b616f109283.gcov is included (trace)...
(DEBUG)   No filter matched.
(DEBUG) --> File is excluded.
(DEBUG) Finding source file corresponding to a gcov data file
  gcov_fname   /home/felipe/zephyrproject/zephyr-course/twister-out/dlist.h##0f388b119e698d4d0bf30b616f109283.gcov
  current_dir  /home/felipe/zephyrproject/zephyr-course/twister-out
  root         /home/felipe/zephyrproject/zephyr-course/app/modules/ring_buf
  starting_dir /home/felipe/zephyrproject/zephyr-course
  obj_dir      /home/felipe/zephyrproject/zephyr-course/twister-out
  gcda_fname   native_sim_native/host_gnu/zephyr-course/tests/ring_buf/homework.unit.ring_buf/zephyr/kernel/CMakeFiles/kernel.dir/condvar.c.gcno
  --> fname    /home/felipe/zephyrproject/zephyr/include/zephyr/sys/dlist.h
(DEBUG) Check if /home/felipe/zephyrproject/zephyr/include/zephyr/sys/dlist.h is included (source file)...
(DEBUG)   No filter matched.
(DEBUG) --> File is excluded.
(DEBUG) Check if /home/felipe/zephyrproject/zephyr-course/twister-out/arch.h##f17e3501b457fcbd947bf4189b99bd89.gcov is included (trace)...
(DEBUG) --> File is excluded.
(DEBUG) Finding source file corresponding to a gcov data file
  gcov_fname   /home/felipe/zephyrproject/zephyr-course/twister-out/arch.h##f17e3501b457fcbd947bf4189b99bd89.gcov
  current_dir  /home/felipe/zephyrproject/zephyr-course/twister-out
  root         /home/felipe/zephyrproject/zephyr-course/app/modules/ring_buf
  starting_dir /home/felipe/zephyrproject/zephyr-course
  obj_dir      /home/felipe/zephyrproject/zephyr-course/twister-out
  gcda_fname   native_sim_native/host_gnu/zephyr-course/tests/ring_buf/homework.unit.ring_buf/zephyr/kernel/CMakeFiles/kernel.dir/condvar.c.gcno
  --> fname    /home/felipe/zephyrproject/zephyr/include/zephyr/arch/posix/arch.h
(DEBUG) Check if /home/felipe/zephyrproject/zephyr/include/zephyr/arch/posix/arch.h is included (source file)...
(DEBUG) --> File is excluded.
(DEBUG) Check if /home/felipe/zephyrproject/zephyr-course/twister-out/priority_q.h##b43b8b9793e0b1f450fbd5ad330f5149.gcov is included (trace)...
(DEBUG)   No filter matched.
(DEBUG) --> File is excluded.
(DEBUG) Finding source file corresponding to a gcov data file
  gcov_fname   /home/felipe/zephyrproject/zephyr-course/twister-out/priority_q.h##b43b8b9793e0b1f450fbd5ad330f5149.gcov
  current_dir  /home/felipe/zephyrproject/zephyr-course/twister-out
  root         /home/felipe/zephyrproject/zephyr-course/app/modules/ring_buf
  starting_dir /home/felipe/zephyrproject/zephyr-course
  obj_dir      /home/felipe/zephyrproject/zephyr-course/twister-out
  gcda_fname   native_sim_native/host_gnu/zephyr-course/tests/ring_buf/homework.unit.ring_buf/zephyr/kernel/CMakeFiles/kernel.dir/condvar.c.gcno
  --> fname    /home/felipe/zephyrproject/zephyr/kernel/include/priority_q.h
(DEBUG) Check if /home/felipe/zephyrproject/zephyr/kernel/include/priority_q.h is included (source file)...
(DEBUG)   No filter matched.
(DEBUG) --> File is excluded.
(DEBUG) Check if /home/felipe/zephyrproject/zephyr-course/twister-out/spinlock.h##d07917f143d2ca5ff94f2d220e528568.gcov is included (trace)...
(DEBUG) --> File is excluded.
(DEBUG) Finding source file corresponding to a gcov data file
  gcov_fname   /home/felipe/zephyrproject/zephyr-course/twister-out/spinlock.h##d07917f143d2ca5ff94f2d220e528568.gcov
  current_dir  /home/felipe/zephyrproject/zephyr-course/twister-out
  root         /home/felipe/zephyrproject/zephyr-course/app/modules/ring_buf
  starting_dir /home/felipe/zephyrproject/zephyr-course
  obj_dir      /home/felipe/zephyrproject/zephyr-course/twister-out
  gcda_fname   native_sim_native/host_gnu/zephyr-course/tests/ring_buf/homework.unit.ring_buf/zephyr/kernel/CMakeFiles/kernel.dir/condvar.c.gcno
  --> fname    /home/felipe/zephyrproject/zephyr/include/zephyr/spinlock.h
(DEBUG) Check if /home/felipe/zephyrproject/zephyr/include/zephyr/spinlock.h is included (source file)...
(DEBUG) --> File is excluded.
(DEBUG) Check if /home/felipe/zephyrproject/zephyr-course/twister-out/ksched.h##0cebf465783caf800468063ad71827b7.gcov is included (trace)...
(DEBUG)   No filter matched.
(DEBUG) --> File is excluded.
(DEBUG) Finding source file corresponding to a gcov data file
  gcov_fname   /home/felipe/zephyrproject/zephyr-course/twister-out/ksched.h##0cebf465783caf800468063ad71827b7.gcov
  current_dir  /home/felipe/zephyrproject/zephyr-course/twister-out
  root         /home/felipe/zephyrproject/zephyr-course/app/modules/ring_buf
  starting_dir /home/felipe/zephyrproject/zephyr-course
  obj_dir      /home/felipe/zephyrproject/zephyr-course/twister-out
  gcda_fname   native_sim_native/host_gnu/zephyr-course/tests/ring_buf/homework.unit.ring_buf/zephyr/kernel/CMakeFiles/kernel.dir/condvar.c.gcno
  --> fname    /home/felipe/zephyrproject/zephyr/kernel/include/ksched.h
(DEBUG) Check if /home/felipe/zephyrproject/zephyr/kernel/include/ksched.h is included (source file)...
(DEBUG)   No filter matched.
(DEBUG) --> File is excluded.
(DEBUG) Check if /home/felipe/zephyrproject/zephyr-course/twister-out/native_sim_native/host_gnu/zephyr-course/tests/ring_buf/homework.unit.ring_buf/zephyr/kernel/CMakeFiles/kernel.dir/device.c.gcda is included (trace)...
(DEBUG)   No filter matched.
(DEBUG) --> File is excluded.
(DEBUG) Check if /home/felipe/zephyrproject/zephyr-course/twister-out/native_sim_native/host_gnu/zephyr-course/tests/ring_buf/homework.unit.ring_buf/zephyr/kernel/CMakeFiles/kernel.dir/device.c.gcda is included (trace)...
(DEBUG) --> File is excluded.
(DEBUG) Check if device.c##42a53317ac627755696c3eac7ecb3ff6.gcov is included (gcov file)...
(DEBUG)   Filter AlwaysMatchFilter() matched.
(DEBUG) --> File is included.
(DEBUG) Check if device_runtime.h##40daded1102ae8f982c113937205fb72.gcov is included (gcov file)...
(DEBUG)   Filter AlwaysMatchFilter() matched.
(DEBUG) --> File is included.
(DEBUG) Check if /home/felipe/zephyrproject/zephyr-course/twister-out/device.c##42a53317ac627755696c3eac7ecb3ff6.gcov is included (trace)...
(DEBUG)   No filter matched.
(DEBUG) --> File is excluded.
(DEBUG) Finding source file corresponding to a gcov data file
  gcov_fname   /home/felipe/zephyrproject/zephyr-course/twister-out/device.c##42a53317ac627755696c3eac7ecb3ff6.gcov
  current_dir  /home/felipe/zephyrproject/zephyr-course/twister-out
  root         /home/felipe/zephyrproject/zephyr-course/app/modules/ring_buf
  starting_dir /home/felipe/zephyrproject/zephyr-course
  obj_dir      /home/felipe/zephyrproject/zephyr-course/twister-out
  gcda_fname   native_sim_native/host_gnu/zephyr-course/tests/ring_buf/homework.unit.ring_buf/zephyr/kernel/CMakeFiles/kernel.dir/device.c.gcda
  --> fname    /home/felipe/zephyrproject/zephyr/kernel/device.c
(DEBUG) Check if /home/felipe/zephyrproject/zephyr/kernel/device.c is included (source file)...
(DEBUG)   No filter matched.
(DEBUG) --> File is excluded.
(DEBUG) Check if /home/felipe/zephyrproject/zephyr-course/twister-out/device_runtime.h##40daded1102ae8f982c113937205fb72.gcov is included (trace)...
(DEBUG)   No filter matched.
(DEBUG) --> File is excluded.
(DEBUG) Finding source file corresponding to a gcov data file
  gcov_fname   /home/felipe/zephyrproject/zephyr-course/twister-out/device_runtime.h##40daded1102ae8f982c113937205fb72.gcov
  current_dir  /home/felipe/zephyrproject/zephyr-course/twister-out
  root         /home/felipe/zephyrproject/zephyr-course/app/modules/ring_buf
  starting_dir /home/felipe/zephyrproject/zephyr-course
  obj_dir      /home/felipe/zephyrproject/zephyr-course/twister-out
  gcda_fname   native_sim_native/host_gnu/zephyr-course/tests/ring_buf/homework.unit.ring_buf/zephyr/kernel/CMakeFiles/kernel.dir/device.c.gcda
  --> fname    /home/felipe/zephyrproject/zephyr/include/zephyr/pm/device_runtime.h
(DEBUG) Check if /home/felipe/zephyrproject/zephyr/include/zephyr/pm/device_runtime.h is included (source file)...
(DEBUG)   No filter matched.
(DEBUG) --> File is excluded.
(DEBUG) Check if /home/felipe/zephyrproject/zephyr-course/twister-out/native_sim_native/host_gnu/zephyr-course/tests/ring_buf/homework.unit.ring_buf/zephyr/kernel/CMakeFiles/kernel.dir/dynamic_disabled.c.gcno is included (trace)...
(DEBUG)   No filter matched.
(DEBUG) --> File is excluded.
(DEBUG) Check if /home/felipe/zephyrproject/zephyr-course/twister-out/native_sim_native/host_gnu/zephyr-course/tests/ring_buf/homework.unit.ring_buf/zephyr/kernel/CMakeFiles/kernel.dir/dynamic_disabled.c.gcno is included (trace)...
(DEBUG) --> File is excluded.
(DEBUG) Check if dynamic_disabled.c##e8cc4e3607c1f3f69561bb71379d30c8.gcov is included (gcov file)...
(DEBUG)   Filter AlwaysMatchFilter() matched.
(DEBUG) --> File is included.
(DEBUG) Check if /home/felipe/zephyrproject/zephyr-course/twister-out/dynamic_disabled.c##e8cc4e3607c1f3f69561bb71379d30c8.gcov is included (trace)...
(DEBUG)   No filter matched.
(DEBUG) --> File is excluded.
(DEBUG) Finding source file corresponding to a gcov data file
  gcov_fname   /home/felipe/zephyrproject/zephyr-course/twister-out/dynamic_disabled.c##e8cc4e3607c1f3f69561bb71379d30c8.gcov
  current_dir  /home/felipe/zephyrproject/zephyr-course/twister-out
  root         /home/felipe/zephyrproject/zephyr-course/app/modules/ring_buf
  starting_dir /home/felipe/zephyrproject/zephyr-course
  obj_dir      /home/felipe/zephyrproject/zephyr-course/twister-out
  gcda_fname   native_sim_native/host_gnu/zephyr-course/tests/ring_buf/homework.unit.ring_buf/zephyr/kernel/CMakeFiles/kernel.dir/dynamic_disabled.c.gcno
  --> fname    /home/felipe/zephyrproject/zephyr/kernel/dynamic_disabled.c
(DEBUG) Check if /home/felipe/zephyrproject/zephyr/kernel/dynamic_disabled.c is included (source file)...
(DEBUG)   No filter matched.
(DEBUG) --> File is excluded.
(DEBUG) Check if /home/felipe/zephyrproject/zephyr-course/twister-out/native_sim_native/host_gnu/zephyr-course/tests/ring_buf/homework.unit.ring_buf/zephyr/kernel/CMakeFiles/kernel.dir/errno.c.gcno is included (trace)...
(DEBUG)   No filter matched.
(DEBUG) --> File is excluded.
(DEBUG) Check if /home/felipe/zephyrproject/zephyr-course/twister-out/native_sim_native/host_gnu/zephyr-course/tests/ring_buf/homework.unit.ring_buf/zephyr/kernel/CMakeFiles/kernel.dir/errno.c.gcno is included (trace)...
(DEBUG) --> File is excluded.
(DEBUG) Check if errno.c##69e1e770a0174795d3914dfb7b0f86f4.gcov is included (gcov file)...
(DEBUG)   Filter AlwaysMatchFilter() matched.
(DEBUG) --> File is included.
(DEBUG) Check if /home/felipe/zephyrproject/zephyr-course/twister-out/errno.c##69e1e770a0174795d3914dfb7b0f86f4.gcov is included (trace)...
(DEBUG)   No filter matched.
(DEBUG) --> File is excluded.
(DEBUG) Finding source file corresponding to a gcov data file
  gcov_fname   /home/felipe/zephyrproject/zephyr-course/twister-out/errno.c##69e1e770a0174795d3914dfb7b0f86f4.gcov
  current_dir  /home/felipe/zephyrproject/zephyr-course/twister-out
  root         /home/felipe/zephyrproject/zephyr-course/app/modules/ring_buf
  starting_dir /home/felipe/zephyrproject/zephyr-course
  obj_dir      /home/felipe/zephyrproject/zephyr-course/twister-out
  gcda_fname   native_sim_native/host_gnu/zephyr-course/tests/ring_buf/homework.unit.ring_buf/zephyr/kernel/CMakeFiles/kernel.dir/errno.c.gcno
  --> fname    /home/felipe/zephyrproject/zephyr/kernel/errno.c
(DEBUG) Check if /home/felipe/zephyrproject/zephyr/kernel/errno.c is included (source file)...
(DEBUG)   No filter matched.
(DEBUG) --> File is excluded.
(DEBUG) Check if /home/felipe/zephyrproject/zephyr-course/twister-out/native_sim_native/host_gnu/zephyr-course/tests/ring_buf/homework.unit.ring_buf/zephyr/kernel/CMakeFiles/kernel.dir/fatal.c.gcda is included (trace)...
(DEBUG)   No filter matched.
(DEBUG) --> File is excluded.
(DEBUG) Check if /home/felipe/zephyrproject/zephyr-course/twister-out/native_sim_native/host_gnu/zephyr-course/tests/ring_buf/homework.unit.ring_buf/zephyr/kernel/CMakeFiles/kernel.dir/fatal.c.gcda is included (trace)...
(DEBUG) --> File is excluded.
(DEBUG) Check if fatal.c##7bd2324eb9e955a9a9cacdaf7e04c4b2.gcov is included (gcov file)...
(DEBUG)   Filter AlwaysMatchFilter() matched.
(DEBUG) --> File is included.
(DEBUG) Check if coredump.h##11ab3e12a871be808faab6c68510def0.gcov is included (gcov file)...
(DEBUG)   Filter AlwaysMatchFilter() matched.
(DEBUG) --> File is included.
(DEBUG) Check if log_ctrl.h##bc7291ddb353fe8c15fcc40af1692eaa.gcov is included (gcov file)...
(DEBUG) --> File is included.
(DEBUG) Check if log_msg.h##8e71b5010d1ef358ceb2fe0042f1ff82.gcov is included (gcov file)...
(DEBUG) --> File is included.
(DEBUG) Check if kernel.h##02fe483cd34741e407932cea525697b1.gcov is included (gcov file)...
(DEBUG) --> File is included.
(DEBUG) Check if arch.h##f17e3501b457fcbd947bf4189b99bd89.gcov is included (gcov file)...
(DEBUG) --> File is included.
(DEBUG) Check if /home/felipe/zephyrproject/zephyr-course/twister-out/kernel.h##02fe483cd34741e407932cea525697b1.gcov is included (trace)...
(DEBUG) --> File is excluded.
(DEBUG) Finding source file corresponding to a gcov data file
  gcov_fname   /home/felipe/zephyrproject/zephyr-course/twister-out/kernel.h##02fe483cd34741e407932cea525697b1.gcov
  current_dir  /home/felipe/zephyrproject/zephyr-course/twister-out
  root         /home/felipe/zephyrproject/zephyr-course/app/modules/ring_buf
  starting_dir /home/felipe/zephyrproject/zephyr-course
  obj_dir      /home/felipe/zephyrproject/zephyr-course/twister-out
  gcda_fname   native_sim_native/host_gnu/zephyr-course/tests/ring_buf/homework.unit.ring_buf/zephyr/kernel/CMakeFiles/kernel.dir/fatal.c.gcda
  --> fname    /home/felipe/zephyrproject/zephyr-course/twister-out/native_sim_native/host_gnu/zephyr-course/tests/ring_buf/homework.unit.ring_buf/zephyr/include/generated/zephyr/syscalls/kernel.h
(DEBUG) Check if /home/felipe/zephyrproject/zephyr-course/twister-out/native_sim_native/host_gnu/zephyr-course/tests/ring_buf/homework.unit.ring_buf/zephyr/include/generated/zephyr/syscalls/kernel.h is included (source file)...
(DEBUG) --> File is excluded.
(DEBUG) Check if /home/felipe/zephyrproject/zephyr-course/twister-out/fatal.c##7bd2324eb9e955a9a9cacdaf7e04c4b2.gcov is included (trace)...
(DEBUG)   No filter matched.
(DEBUG) --> File is excluded.
(DEBUG) Finding source file corresponding to a gcov data file
  gcov_fname   /home/felipe/zephyrproject/zephyr-course/twister-out/fatal.c##7bd2324eb9e955a9a9cacdaf7e04c4b2.gcov
  current_dir  /home/felipe/zephyrproject/zephyr-course/twister-out
  root         /home/felipe/zephyrproject/zephyr-course/app/modules/ring_buf
  starting_dir /home/felipe/zephyrproject/zephyr-course
  obj_dir      /home/felipe/zephyrproject/zephyr-course/twister-out
  gcda_fname   native_sim_native/host_gnu/zephyr-course/tests/ring_buf/homework.unit.ring_buf/zephyr/kernel/CMakeFiles/kernel.dir/fatal.c.gcda
  --> fname    /home/felipe/zephyrproject/zephyr/kernel/fatal.c
(DEBUG) Check if /home/felipe/zephyrproject/zephyr/kernel/fatal.c is included (source file)...
(DEBUG)   No filter matched.
(DEBUG) --> File is excluded.
(DEBUG) Check if /home/felipe/zephyrproject/zephyr-course/twister-out/arch.h##f17e3501b457fcbd947bf4189b99bd89.gcov is included (trace)...
(DEBUG) --> File is excluded.
(DEBUG) Finding source file corresponding to a gcov data file
  gcov_fname   /home/felipe/zephyrproject/zephyr-course/twister-out/arch.h##f17e3501b457fcbd947bf4189b99bd89.gcov
  current_dir  /home/felipe/zephyrproject/zephyr-course/twister-out
  root         /home/felipe/zephyrproject/zephyr-course/app/modules/ring_buf
  starting_dir /home/felipe/zephyrproject/zephyr-course
  obj_dir      /home/felipe/zephyrproject/zephyr-course/twister-out
  gcda_fname   native_sim_native/host_gnu/zephyr-course/tests/ring_buf/homework.unit.ring_buf/zephyr/kernel/CMakeFiles/kernel.dir/fatal.c.gcda
  --> fname    /home/felipe/zephyrproject/zephyr/include/zephyr/arch/posix/arch.h
(DEBUG) Check if /home/felipe/zephyrproject/zephyr/include/zephyr/arch/posix/arch.h is included (source file)...
(DEBUG) --> File is excluded.
(DEBUG) Check if /home/felipe/zephyrproject/zephyr-course/twister-out/log_ctrl.h##bc7291ddb353fe8c15fcc40af1692eaa.gcov is included (trace)...
(DEBUG) --> File is excluded.
(DEBUG) Finding source file corresponding to a gcov data file
  gcov_fname   /home/felipe/zephyrproject/zephyr-course/twister-out/log_ctrl.h##bc7291ddb353fe8c15fcc40af1692eaa.gcov
  current_dir  /home/felipe/zephyrproject/zephyr-course/twister-out
  root         /home/felipe/zephyrproject/zephyr-course/app/modules/ring_buf
  starting_dir /home/felipe/zephyrproject/zephyr-course
  obj_dir      /home/felipe/zephyrproject/zephyr-course/twister-out
  gcda_fname   native_sim_native/host_gnu/zephyr-course/tests/ring_buf/homework.unit.ring_buf/zephyr/kernel/CMakeFiles/kernel.dir/fatal.c.gcda
  --> fname    /home/felipe/zephyrproject/zephyr-course/twister-out/native_sim_native/host_gnu/zephyr-course/tests/ring_buf/homework.unit.ring_buf/zephyr/include/generated/zephyr/syscalls/log_ctrl.h
(DEBUG) Check if /home/felipe/zephyrproject/zephyr-course/twister-out/native_sim_native/host_gnu/zephyr-course/tests/ring_buf/homework.unit.ring_buf/zephyr/include/generated/zephyr/syscalls/log_ctrl.h is included (source file)...
(DEBUG) --> File is excluded.
(DEBUG) Check if /home/felipe/zephyrproject/zephyr-course/twister-out/log_msg.h##8e71b5010d1ef358ceb2fe0042f1ff82.gcov is included (trace)...
(DEBUG) --> File is excluded.
(DEBUG) Finding source file corresponding to a gcov data file
  gcov_fname   /home/felipe/zephyrproject/zephyr-course/twister-out/log_msg.h##8e71b5010d1ef358ceb2fe0042f1ff82.gcov
  current_dir  /home/felipe/zephyrproject/zephyr-course/twister-out
  root         /home/felipe/zephyrproject/zephyr-course/app/modules/ring_buf
  starting_dir /home/felipe/zephyrproject/zephyr-course
  obj_dir      /home/felipe/zephyrproject/zephyr-course/twister-out
  gcda_fname   native_sim_native/host_gnu/zephyr-course/tests/ring_buf/homework.unit.ring_buf/zephyr/kernel/CMakeFiles/kernel.dir/fatal.c.gcda
  --> fname    /home/felipe/zephyrproject/zephyr/include/zephyr/logging/log_msg.h
(DEBUG) Check if /home/felipe/zephyrproject/zephyr/include/zephyr/logging/log_msg.h is included (source file)...
(DEBUG) --> File is excluded.
(DEBUG) Check if /home/felipe/zephyrproject/zephyr-course/twister-out/coredump.h##11ab3e12a871be808faab6c68510def0.gcov is included (trace)...
(DEBUG)   No filter matched.
(DEBUG) --> File is excluded.
(DEBUG) Finding source file corresponding to a gcov data file
  gcov_fname   /home/felipe/zephyrproject/zephyr-course/twister-out/coredump.h##11ab3e12a871be808faab6c68510def0.gcov
  current_dir  /home/felipe/zephyrproject/zephyr-course/twister-out
  root         /home/felipe/zephyrproject/zephyr-course/app/modules/ring_buf
  starting_dir /home/felipe/zephyrproject/zephyr-course
  obj_dir      /home/felipe/zephyrproject/zephyr-course/twister-out
  gcda_fname   native_sim_native/host_gnu/zephyr-course/tests/ring_buf/homework.unit.ring_buf/zephyr/kernel/CMakeFiles/kernel.dir/fatal.c.gcda
  --> fname    /home/felipe/zephyrproject/zephyr/include/zephyr/debug/coredump.h
(DEBUG) Check if /home/felipe/zephyrproject/zephyr/include/zephyr/debug/coredump.h is included (source file)...
(DEBUG)   No filter matched.
(DEBUG) --> File is excluded.
(DEBUG) Check if /home/felipe/zephyrproject/zephyr-course/twister-out/native_sim_native/host_gnu/zephyr-course/tests/ring_buf/homework.unit.ring_buf/zephyr/kernel/CMakeFiles/kernel.dir/float.c.gcno is included (trace)...
(DEBUG)   No filter matched.
(DEBUG) --> File is excluded.
(DEBUG) Check if /home/felipe/zephyrproject/zephyr-course/twister-out/native_sim_native/host_gnu/zephyr-course/tests/ring_buf/homework.unit.ring_buf/zephyr/kernel/CMakeFiles/kernel.dir/float.c.gcno is included (trace)...
(DEBUG) --> File is excluded.
(DEBUG) Check if float.c##46ed9fee27312e460c2c48f2f75f09bd.gcov is included (gcov file)...
(DEBUG)   Filter AlwaysMatchFilter() matched.
(DEBUG) --> File is included.
(DEBUG) Check if /home/felipe/zephyrproject/zephyr-course/twister-out/float.c##46ed9fee27312e460c2c48f2f75f09bd.gcov is included (trace)...
(DEBUG)   No filter matched.
(DEBUG) --> File is excluded.
(DEBUG) Finding source file corresponding to a gcov data file
  gcov_fname   /home/felipe/zephyrproject/zephyr-course/twister-out/float.c##46ed9fee27312e460c2c48f2f75f09bd.gcov
  current_dir  /home/felipe/zephyrproject/zephyr-course/twister-out
  root         /home/felipe/zephyrproject/zephyr-course/app/modules/ring_buf
  starting_dir /home/felipe/zephyrproject/zephyr-course
  obj_dir      /home/felipe/zephyrproject/zephyr-course/twister-out
  gcda_fname   native_sim_native/host_gnu/zephyr-course/tests/ring_buf/homework.unit.ring_buf/zephyr/kernel/CMakeFiles/kernel.dir/float.c.gcno
  --> fname    /home/felipe/zephyrproject/zephyr/kernel/float.c
(DEBUG) Check if /home/felipe/zephyrproject/zephyr/kernel/float.c is included (source file)...
(DEBUG)   No filter matched.
(DEBUG) --> File is excluded.
(DEBUG) Check if /home/felipe/zephyrproject/zephyr-course/twister-out/native_sim_native/host_gnu/zephyr-course/tests/ring_buf/homework.unit.ring_buf/zephyr/kernel/CMakeFiles/kernel.dir/idle.c.gcda is included (trace)...
(DEBUG)   No filter matched.
(DEBUG) --> File is excluded.
(DEBUG) Check if /home/felipe/zephyrproject/zephyr-course/twister-out/native_sim_native/host_gnu/zephyr-course/tests/ring_buf/homework.unit.ring_buf/zephyr/kernel/CMakeFiles/kernel.dir/idle.c.gcda is included (trace)...
(DEBUG) --> File is excluded.
(DEBUG) Check if idle.c##a6e2d185e401f1dd92e8720a7c2d64db.gcov is included (gcov file)...
(DEBUG)   Filter AlwaysMatchFilter() matched.
(DEBUG) --> File is included.
(DEBUG) Check if kernel.h##8118239d1ec13e308e040c6439814b34.gcov is included (gcov file)...
(DEBUG) --> File is included.
(DEBUG) Check if arch.h##f17e3501b457fcbd947bf4189b99bd89.gcov is included (gcov file)...
(DEBUG) --> File is included.
(DEBUG) Check if /home/felipe/zephyrproject/zephyr-course/twister-out/kernel.h##8118239d1ec13e308e040c6439814b34.gcov is included (trace)...
(DEBUG) --> File is excluded.
(DEBUG) Finding source file corresponding to a gcov data file
  gcov_fname   /home/felipe/zephyrproject/zephyr-course/twister-out/kernel.h##8118239d1ec13e308e040c6439814b34.gcov
  current_dir  /home/felipe/zephyrproject/zephyr-course/twister-out
  root         /home/felipe/zephyrproject/zephyr-course/app/modules/ring_buf
  starting_dir /home/felipe/zephyrproject/zephyr-course
  obj_dir      /home/felipe/zephyrproject/zephyr-course/twister-out
  gcda_fname   native_sim_native/host_gnu/zephyr-course/tests/ring_buf/homework.unit.ring_buf/zephyr/kernel/CMakeFiles/kernel.dir/idle.c.gcda
  --> fname    /home/felipe/zephyrproject/zephyr/include/zephyr/kernel.h
(DEBUG) Check if /home/felipe/zephyrproject/zephyr/include/zephyr/kernel.h is included (source file)...
(DEBUG) --> File is excluded.
(DEBUG) Check if /home/felipe/zephyrproject/zephyr-course/twister-out/arch.h##f17e3501b457fcbd947bf4189b99bd89.gcov is included (trace)...
(DEBUG) --> File is excluded.
(DEBUG) Finding source file corresponding to a gcov data file
  gcov_fname   /home/felipe/zephyrproject/zephyr-course/twister-out/arch.h##f17e3501b457fcbd947bf4189b99bd89.gcov
  current_dir  /home/felipe/zephyrproject/zephyr-course/twister-out
  root         /home/felipe/zephyrproject/zephyr-course/app/modules/ring_buf
  starting_dir /home/felipe/zephyrproject/zephyr-course
  obj_dir      /home/felipe/zephyrproject/zephyr-course/twister-out
  gcda_fname   native_sim_native/host_gnu/zephyr-course/tests/ring_buf/homework.unit.ring_buf/zephyr/kernel/CMakeFiles/kernel.dir/idle.c.gcda
  --> fname    /home/felipe/zephyrproject/zephyr/include/zephyr/arch/posix/arch.h
(DEBUG) Check if /home/felipe/zephyrproject/zephyr/include/zephyr/arch/posix/arch.h is included (source file)...
(DEBUG) --> File is excluded.
(DEBUG) Check if /home/felipe/zephyrproject/zephyr-course/twister-out/idle.c##a6e2d185e401f1dd92e8720a7c2d64db.gcov is included (trace)...
(DEBUG)   No filter matched.
(DEBUG) --> File is excluded.
(DEBUG) Finding source file corresponding to a gcov data file
  gcov_fname   /home/felipe/zephyrproject/zephyr-course/twister-out/idle.c##a6e2d185e401f1dd92e8720a7c2d64db.gcov
  current_dir  /home/felipe/zephyrproject/zephyr-course/twister-out
  root         /home/felipe/zephyrproject/zephyr-course/app/modules/ring_buf
  starting_dir /home/felipe/zephyrproject/zephyr-course
  obj_dir      /home/felipe/zephyrproject/zephyr-course/twister-out
  gcda_fname   native_sim_native/host_gnu/zephyr-course/tests/ring_buf/homework.unit.ring_buf/zephyr/kernel/CMakeFiles/kernel.dir/idle.c.gcda
  --> fname    /home/felipe/zephyrproject/zephyr/kernel/idle.c
(DEBUG) Check if /home/felipe/zephyrproject/zephyr/kernel/idle.c is included (source file)...
(DEBUG)   No filter matched.
(DEBUG) --> File is excluded.
(DEBUG) Check if /home/felipe/zephyrproject/zephyr-course/twister-out/native_sim_native/host_gnu/zephyr-course/tests/ring_buf/homework.unit.ring_buf/zephyr/kernel/CMakeFiles/kernel.dir/init.c.gcda is included (trace)...
(DEBUG)   No filter matched.
(DEBUG) --> File is excluded.
(DEBUG) Check if /home/felipe/zephyrproject/zephyr-course/twister-out/native_sim_native/host_gnu/zephyr-course/tests/ring_buf/homework.unit.ring_buf/zephyr/kernel/CMakeFiles/kernel.dir/init.c.gcda is included (trace)...
(DEBUG) --> File is excluded.
(DEBUG) Check if init.c##0f3b4d7ce2a828a097eabd4085d84eeb.gcov is included (gcov file)...
(DEBUG)   Filter AlwaysMatchFilter() matched.
(DEBUG) --> File is included.
(DEBUG) Check if gcov.h##15e1f3801e6ad3afea6fee5f60f01ed7.gcov is included (gcov file)...
(DEBUG)   Filter AlwaysMatchFilter() matched.
(DEBUG) --> File is included.
(DEBUG) Check if kthread.h##9409f455419132bfc3b9c8e76c631198.gcov is included (gcov file)...
(DEBUG) --> File is included.
(DEBUG) Check if timeout_q.h##90d851c3f83778dd36dd8b7e2ad60ead.gcov is included (gcov file)...
(DEBUG) --> File is included.
(DEBUG) Check if kernel_arch_func.h##32b155e641adc9cd48584db3704df6c2.gcov is included (gcov file)...
(DEBUG) --> File is included.
(DEBUG) Check if kernel.h##02fe483cd34741e407932cea525697b1.gcov is included (gcov file)...
(DEBUG) --> File is included.
(DEBUG) Check if kernel.h##8118239d1ec13e308e040c6439814b34.gcov is included (gcov file)...
(DEBUG) --> File is included.
(DEBUG) Check if kobject_internal.h##a8c30b7c0aaee4fff0317a3d8ddf7a57.gcov is included (gcov file)...
(DEBUG) --> File is included.
(DEBUG) Check if thread_stack.h##315e381aeee88a6ae64366dc5eacb4a9.gcov is included (gcov file)...
(DEBUG)   Filter AlwaysMatchFilter() matched.
(DEBUG) --> File is included.
(DEBUG) Check if arch.h##f17e3501b457fcbd947bf4189b99bd89.gcov is included (gcov file)...
(DEBUG) --> File is included.
(DEBUG) Check if /home/felipe/zephyrproject/zephyr-course/twister-out/gcov.h##15e1f3801e6ad3afea6fee5f60f01ed7.gcov is included (trace)...
(DEBUG)   No filter matched.
(DEBUG) --> File is excluded.
(DEBUG) Finding source file corresponding to a gcov data file
  gcov_fname   /home/felipe/zephyrproject/zephyr-course/twister-out/gcov.h##15e1f3801e6ad3afea6fee5f60f01ed7.gcov
  current_dir  /home/felipe/zephyrproject/zephyr-course/twister-out
  root         /home/felipe/zephyrproject/zephyr-course/app/modules/ring_buf
  starting_dir /home/felipe/zephyrproject/zephyr-course
  obj_dir      /home/felipe/zephyrproject/zephyr-course/twister-out
  gcda_fname   native_sim_native/host_gnu/zephyr-course/tests/ring_buf/homework.unit.ring_buf/zephyr/kernel/CMakeFiles/kernel.dir/init.c.gcda
  --> fname    /home/felipe/zephyrproject/zephyr/include/zephyr/debug/gcov.h
(DEBUG) Check if /home/felipe/zephyrproject/zephyr/include/zephyr/debug/gcov.h is included (source file)...
(DEBUG)   No filter matched.
(DEBUG) --> File is excluded.
(DEBUG) Check if /home/felipe/zephyrproject/zephyr-course/twister-out/timeout_q.h##90d851c3f83778dd36dd8b7e2ad60ead.gcov is included (trace)...
(DEBUG) --> File is excluded.
(DEBUG) Finding source file corresponding to a gcov data file
  gcov_fname   /home/felipe/zephyrproject/zephyr-course/twister-out/timeout_q.h##90d851c3f83778dd36dd8b7e2ad60ead.gcov
  current_dir  /home/felipe/zephyrproject/zephyr-course/twister-out
  root         /home/felipe/zephyrproject/zephyr-course/app/modules/ring_buf
  starting_dir /home/felipe/zephyrproject/zephyr-course
  obj_dir      /home/felipe/zephyrproject/zephyr-course/twister-out
  gcda_fname   native_sim_native/host_gnu/zephyr-course/tests/ring_buf/homework.unit.ring_buf/zephyr/kernel/CMakeFiles/kernel.dir/init.c.gcda
  --> fname    /home/felipe/zephyrproject/zephyr/kernel/include/timeout_q.h
(DEBUG) Check if /home/felipe/zephyrproject/zephyr/kernel/include/timeout_q.h is included (source file)...
(DEBUG) --> File is excluded.
(DEBUG) Check if /home/felipe/zephyrproject/zephyr-course/twister-out/kernel_arch_func.h##32b155e641adc9cd48584db3704df6c2.gcov is included (trace)...
(DEBUG) --> File is excluded.
(DEBUG) Finding source file corresponding to a gcov data file
  gcov_fname   /home/felipe/zephyrproject/zephyr-course/twister-out/kernel_arch_func.h##32b155e641adc9cd48584db3704df6c2.gcov
  current_dir  /home/felipe/zephyrproject/zephyr-course/twister-out
  root         /home/felipe/zephyrproject/zephyr-course/app/modules/ring_buf
  starting_dir /home/felipe/zephyrproject/zephyr-course
  obj_dir      /home/felipe/zephyrproject/zephyr-course/twister-out
  gcda_fname   native_sim_native/host_gnu/zephyr-course/tests/ring_buf/homework.unit.ring_buf/zephyr/kernel/CMakeFiles/kernel.dir/init.c.gcda
  --> fname    /home/felipe/zephyrproject/zephyr/arch/posix/include/kernel_arch_func.h
(DEBUG) Check if /home/felipe/zephyrproject/zephyr/arch/posix/include/kernel_arch_func.h is included (source file)...
(DEBUG) --> File is excluded.
(DEBUG) Check if /home/felipe/zephyrproject/zephyr-course/twister-out/kthread.h##9409f455419132bfc3b9c8e76c631198.gcov is included (trace)...
(DEBUG) --> File is excluded.
(DEBUG) Finding source file corresponding to a gcov data file
  gcov_fname   /home/felipe/zephyrproject/zephyr-course/twister-out/kthread.h##9409f455419132bfc3b9c8e76c631198.gcov
  current_dir  /home/felipe/zephyrproject/zephyr-course/twister-out
  root         /home/felipe/zephyrproject/zephyr-course/app/modules/ring_buf
  starting_dir /home/felipe/zephyrproject/zephyr-course
  obj_dir      /home/felipe/zephyrproject/zephyr-course/twister-out
  gcda_fname   native_sim_native/host_gnu/zephyr-course/tests/ring_buf/homework.unit.ring_buf/zephyr/kernel/CMakeFiles/kernel.dir/init.c.gcda
  --> fname    /home/felipe/zephyrproject/zephyr/kernel/include/kthread.h
(DEBUG) Check if /home/felipe/zephyrproject/zephyr/kernel/include/kthread.h is included (source file)...
(DEBUG) --> File is excluded.
(DEBUG) Check if /home/felipe/zephyrproject/zephyr-course/twister-out/init.c##0f3b4d7ce2a828a097eabd4085d84eeb.gcov is included (trace)...
(DEBUG)   No filter matched.
(DEBUG) --> File is excluded.
(DEBUG) Finding source file corresponding to a gcov data file
  gcov_fname   /home/felipe/zephyrproject/zephyr-course/twister-out/init.c##0f3b4d7ce2a828a097eabd4085d84eeb.gcov
  current_dir  /home/felipe/zephyrproject/zephyr-course/twister-out
  root         /home/felipe/zephyrproject/zephyr-course/app/modules/ring_buf
  starting_dir /home/felipe/zephyrproject/zephyr-course
  obj_dir      /home/felipe/zephyrproject/zephyr-course/twister-out
  gcda_fname   native_sim_native/host_gnu/zephyr-course/tests/ring_buf/homework.unit.ring_buf/zephyr/kernel/CMakeFiles/kernel.dir/init.c.gcda
  --> fname    /home/felipe/zephyrproject/zephyr/kernel/init.c
(DEBUG) Check if /home/felipe/zephyrproject/zephyr/kernel/init.c is included (source file)...
(DEBUG)   No filter matched.
(DEBUG) --> File is excluded.
(DEBUG) Check if /home/felipe/zephyrproject/zephyr-course/twister-out/kernel.h##02fe483cd34741e407932cea525697b1.gcov is included (trace)...
(DEBUG) --> File is excluded.
(DEBUG) Finding source file corresponding to a gcov data file
  gcov_fname   /home/felipe/zephyrproject/zephyr-course/twister-out/kernel.h##02fe483cd34741e407932cea525697b1.gcov
  current_dir  /home/felipe/zephyrproject/zephyr-course/twister-out
  root         /home/felipe/zephyrproject/zephyr-course/app/modules/ring_buf
  starting_dir /home/felipe/zephyrproject/zephyr-course
  obj_dir      /home/felipe/zephyrproject/zephyr-course/twister-out
  gcda_fname   native_sim_native/host_gnu/zephyr-course/tests/ring_buf/homework.unit.ring_buf/zephyr/kernel/CMakeFiles/kernel.dir/init.c.gcda
  --> fname    /home/felipe/zephyrproject/zephyr-course/twister-out/native_sim_native/host_gnu/zephyr-course/tests/ring_buf/homework.unit.ring_buf/zephyr/include/generated/zephyr/syscalls/kernel.h
(DEBUG) Check if /home/felipe/zephyrproject/zephyr-course/twister-out/native_sim_native/host_gnu/zephyr-course/tests/ring_buf/homework.unit.ring_buf/zephyr/include/generated/zephyr/syscalls/kernel.h is included (source file)...
(DEBUG) --> File is excluded.
(DEBUG) Check if /home/felipe/zephyrproject/zephyr-course/twister-out/kobject_internal.h##a8c30b7c0aaee4fff0317a3d8ddf7a57.gcov is included (trace)...
(DEBUG) --> File is excluded.
(DEBUG) Finding source file corresponding to a gcov data file
  gcov_fname   /home/felipe/zephyrproject/zephyr-course/twister-out/kobject_internal.h##a8c30b7c0aaee4fff0317a3d8ddf7a57.gcov
  current_dir  /home/felipe/zephyrproject/zephyr-course/twister-out
  root         /home/felipe/zephyrproject/zephyr-course/app/modules/ring_buf
  starting_dir /home/felipe/zephyrproject/zephyr-course
  obj_dir      /home/felipe/zephyrproject/zephyr-course/twister-out
  gcda_fname   native_sim_native/host_gnu/zephyr-course/tests/ring_buf/homework.unit.ring_buf/zephyr/kernel/CMakeFiles/kernel.dir/init.c.gcda
  --> fname    /home/felipe/zephyrproject/zephyr/include/zephyr/sys/internal/kobject_internal.h
(DEBUG) Check if /home/felipe/zephyrproject/zephyr/include/zephyr/sys/internal/kobject_internal.h is included (source file)...
(DEBUG) --> File is excluded.
(DEBUG) Check if /home/felipe/zephyrproject/zephyr-course/twister-out/arch.h##f17e3501b457fcbd947bf4189b99bd89.gcov is included (trace)...
(DEBUG) --> File is excluded.
(DEBUG) Finding source file corresponding to a gcov data file
  gcov_fname   /home/felipe/zephyrproject/zephyr-course/twister-out/arch.h##f17e3501b457fcbd947bf4189b99bd89.gcov
  current_dir  /home/felipe/zephyrproject/zephyr-course/twister-out
  root         /home/felipe/zephyrproject/zephyr-course/app/modules/ring_buf
  starting_dir /home/felipe/zephyrproject/zephyr-course
  obj_dir      /home/felipe/zephyrproject/zephyr-course/twister-out
  gcda_fname   native_sim_native/host_gnu/zephyr-course/tests/ring_buf/homework.unit.ring_buf/zephyr/kernel/CMakeFiles/kernel.dir/init.c.gcda
  --> fname    /home/felipe/zephyrproject/zephyr/include/zephyr/arch/posix/arch.h
(DEBUG) Check if /home/felipe/zephyrproject/zephyr/include/zephyr/arch/posix/arch.h is included (source file)...
(DEBUG) --> File is excluded.
(DEBUG) Check if /home/felipe/zephyrproject/zephyr-course/twister-out/thread_stack.h##315e381aeee88a6ae64366dc5eacb4a9.gcov is included (trace)...
(DEBUG)   No filter matched.
(DEBUG) --> File is excluded.
(DEBUG) Finding source file corresponding to a gcov data file
  gcov_fname   /home/felipe/zephyrproject/zephyr-course/twister-out/thread_stack.h##315e381aeee88a6ae64366dc5eacb4a9.gcov
  current_dir  /home/felipe/zephyrproject/zephyr-course/twister-out
  root         /home/felipe/zephyrproject/zephyr-course/app/modules/ring_buf
  starting_dir /home/felipe/zephyrproject/zephyr-course
  obj_dir      /home/felipe/zephyrproject/zephyr-course/twister-out
  gcda_fname   native_sim_native/host_gnu/zephyr-course/tests/ring_buf/homework.unit.ring_buf/zephyr/kernel/CMakeFiles/kernel.dir/init.c.gcda
  --> fname    /home/felipe/zephyrproject/zephyr/include/zephyr/kernel/thread_stack.h
(DEBUG) Check if /home/felipe/zephyrproject/zephyr/include/zephyr/kernel/thread_stack.h is included (source file)...
(DEBUG)   No filter matched.
(DEBUG) --> File is excluded.
(DEBUG) Check if /home/felipe/zephyrproject/zephyr-course/twister-out/kernel.h##8118239d1ec13e308e040c6439814b34.gcov is included (trace)...
(DEBUG) --> File is excluded.
(DEBUG) Finding source file corresponding to a gcov data file
  gcov_fname   /home/felipe/zephyrproject/zephyr-course/twister-out/kernel.h##8118239d1ec13e308e040c6439814b34.gcov
  current_dir  /home/felipe/zephyrproject/zephyr-course/twister-out
  root         /home/felipe/zephyrproject/zephyr-course/app/modules/ring_buf
  starting_dir /home/felipe/zephyrproject/zephyr-course
  obj_dir      /home/felipe/zephyrproject/zephyr-course/twister-out
  gcda_fname   native_sim_native/host_gnu/zephyr-course/tests/ring_buf/homework.unit.ring_buf/zephyr/kernel/CMakeFiles/kernel.dir/init.c.gcda
  --> fname    /home/felipe/zephyrproject/zephyr/include/zephyr/kernel.h
(DEBUG) Check if /home/felipe/zephyrproject/zephyr/include/zephyr/kernel.h is included (source file)...
(DEBUG) --> File is excluded.
(DEBUG) Check if /home/felipe/zephyrproject/zephyr-course/twister-out/native_sim_native/host_gnu/zephyr-course/tests/ring_buf/homework.unit.ring_buf/zephyr/kernel/CMakeFiles/kernel.dir/kheap.c.gcno is included (trace)...
(DEBUG)   No filter matched.
(DEBUG) --> File is excluded.
(DEBUG) Check if /home/felipe/zephyrproject/zephyr-course/twister-out/native_sim_native/host_gnu/zephyr-course/tests/ring_buf/homework.unit.ring_buf/zephyr/kernel/CMakeFiles/kernel.dir/kheap.c.gcno is included (trace)...
(DEBUG) --> File is excluded.
(DEBUG) Check if kheap.c##548c7fcfebb7bb64f063c7ccc8ecb665.gcov is included (gcov file)...
(DEBUG)   Filter AlwaysMatchFilter() matched.
(DEBUG) --> File is included.
(DEBUG) Check if wait_q.h##c55cb3824a8e32844a6026ec1729c33e.gcov is included (gcov file)...
(DEBUG) --> File is included.
(DEBUG) Check if math_extras_impl.h##5be93e8864918add166a9f02eace5500.gcov is included (gcov file)...
(DEBUG) --> File is included.
(DEBUG) Check if kernel_arch_func.h##32b155e641adc9cd48584db3704df6c2.gcov is included (gcov file)...
(DEBUG) --> File is included.
(DEBUG) Check if spinlock.h##d07917f143d2ca5ff94f2d220e528568.gcov is included (gcov file)...
(DEBUG) --> File is included.
(DEBUG) Check if arch.h##f17e3501b457fcbd947bf4189b99bd89.gcov is included (gcov file)...
(DEBUG) --> File is included.
(DEBUG) Check if dlist.h##0f388b119e698d4d0bf30b616f109283.gcov is included (gcov file)...
(DEBUG) --> File is included.
(DEBUG) Check if /home/felipe/zephyrproject/zephyr-course/twister-out/kernel_arch_func.h##32b155e641adc9cd48584db3704df6c2.gcov is included (trace)...
(DEBUG) --> File is excluded.
(DEBUG) Finding source file corresponding to a gcov data file
  gcov_fname   /home/felipe/zephyrproject/zephyr-course/twister-out/kernel_arch_func.h##32b155e641adc9cd48584db3704df6c2.gcov
  current_dir  /home/felipe/zephyrproject/zephyr-course/twister-out
  root         /home/felipe/zephyrproject/zephyr-course/app/modules/ring_buf
  starting_dir /home/felipe/zephyrproject/zephyr-course
  obj_dir      /home/felipe/zephyrproject/zephyr-course/twister-out
  gcda_fname   native_sim_native/host_gnu/zephyr-course/tests/ring_buf/homework.unit.ring_buf/zephyr/kernel/CMakeFiles/kernel.dir/kheap.c.gcno
  --> fname    /home/felipe/zephyrproject/zephyr/arch/posix/include/kernel_arch_func.h
(DEBUG) Check if /home/felipe/zephyrproject/zephyr/arch/posix/include/kernel_arch_func.h is included (source file)...
(DEBUG) --> File is excluded.
(DEBUG) Check if /home/felipe/zephyrproject/zephyr-course/twister-out/dlist.h##0f388b119e698d4d0bf30b616f109283.gcov is included (trace)...
(DEBUG) --> File is excluded.
(DEBUG) Finding source file corresponding to a gcov data file
  gcov_fname   /home/felipe/zephyrproject/zephyr-course/twister-out/dlist.h##0f388b119e698d4d0bf30b616f109283.gcov
  current_dir  /home/felipe/zephyrproject/zephyr-course/twister-out
  root         /home/felipe/zephyrproject/zephyr-course/app/modules/ring_buf
  starting_dir /home/felipe/zephyrproject/zephyr-course
  obj_dir      /home/felipe/zephyrproject/zephyr-course/twister-out
  gcda_fname   native_sim_native/host_gnu/zephyr-course/tests/ring_buf/homework.unit.ring_buf/zephyr/kernel/CMakeFiles/kernel.dir/kheap.c.gcno
  --> fname    /home/felipe/zephyrproject/zephyr/include/zephyr/sys/dlist.h
(DEBUG) Check if /home/felipe/zephyrproject/zephyr/include/zephyr/sys/dlist.h is included (source file)...
(DEBUG) --> File is excluded.
(DEBUG) Check if /home/felipe/zephyrproject/zephyr-course/twister-out/wait_q.h##c55cb3824a8e32844a6026ec1729c33e.gcov is included (trace)...
(DEBUG) --> File is excluded.
(DEBUG) Finding source file corresponding to a gcov data file
  gcov_fname   /home/felipe/zephyrproject/zephyr-course/twister-out/wait_q.h##c55cb3824a8e32844a6026ec1729c33e.gcov
  current_dir  /home/felipe/zephyrproject/zephyr-course/twister-out
  root         /home/felipe/zephyrproject/zephyr-course/app/modules/ring_buf
  starting_dir /home/felipe/zephyrproject/zephyr-course
  obj_dir      /home/felipe/zephyrproject/zephyr-course/twister-out
  gcda_fname   native_sim_native/host_gnu/zephyr-course/tests/ring_buf/homework.unit.ring_buf/zephyr/kernel/CMakeFiles/kernel.dir/kheap.c.gcno
  --> fname    /home/felipe/zephyrproject/zephyr/kernel/include/wait_q.h
(DEBUG) Check if /home/felipe/zephyrproject/zephyr/kernel/include/wait_q.h is included (source file)...
(DEBUG) --> File is excluded.
(DEBUG) Check if /home/felipe/zephyrproject/zephyr-course/twister-out/arch.h##f17e3501b457fcbd947bf4189b99bd89.gcov is included (trace)...
(DEBUG) --> File is excluded.
(DEBUG) Finding source file corresponding to a gcov data file
  gcov_fname   /home/felipe/zephyrproject/zephyr-course/twister-out/arch.h##f17e3501b457fcbd947bf4189b99bd89.gcov
  current_dir  /home/felipe/zephyrproject/zephyr-course/twister-out
  root         /home/felipe/zephyrproject/zephyr-course/app/modules/ring_buf
  starting_dir /home/felipe/zephyrproject/zephyr-course
  obj_dir      /home/felipe/zephyrproject/zephyr-course/twister-out
  gcda_fname   native_sim_native/host_gnu/zephyr-course/tests/ring_buf/homework.unit.ring_buf/zephyr/kernel/CMakeFiles/kernel.dir/kheap.c.gcno
  --> fname    /home/felipe/zephyrproject/zephyr/include/zephyr/arch/posix/arch.h
(DEBUG) Check if /home/felipe/zephyrproject/zephyr/include/zephyr/arch/posix/arch.h is included (source file)...
(DEBUG) --> File is excluded.
(DEBUG) Check if /home/felipe/zephyrproject/zephyr-course/twister-out/kheap.c##548c7fcfebb7bb64f063c7ccc8ecb665.gcov is included (trace)...
(DEBUG)   No filter matched.
(DEBUG) --> File is excluded.
(DEBUG) Finding source file corresponding to a gcov data file
  gcov_fname   /home/felipe/zephyrproject/zephyr-course/twister-out/kheap.c##548c7fcfebb7bb64f063c7ccc8ecb665.gcov
  current_dir  /home/felipe/zephyrproject/zephyr-course/twister-out
  root         /home/felipe/zephyrproject/zephyr-course/app/modules/ring_buf
  starting_dir /home/felipe/zephyrproject/zephyr-course
  obj_dir      /home/felipe/zephyrproject/zephyr-course/twister-out
  gcda_fname   native_sim_native/host_gnu/zephyr-course/tests/ring_buf/homework.unit.ring_buf/zephyr/kernel/CMakeFiles/kernel.dir/kheap.c.gcno
  --> fname    /home/felipe/zephyrproject/zephyr/kernel/kheap.c
(DEBUG) Check if /home/felipe/zephyrproject/zephyr/kernel/kheap.c is included (source file)...
(DEBUG)   No filter matched.
(DEBUG) --> File is excluded.
(DEBUG) Check if /home/felipe/zephyrproject/zephyr-course/twister-out/spinlock.h##d07917f143d2ca5ff94f2d220e528568.gcov is included (trace)...
(DEBUG) --> File is excluded.
(DEBUG) Finding source file corresponding to a gcov data file
  gcov_fname   /home/felipe/zephyrproject/zephyr-course/twister-out/spinlock.h##d07917f143d2ca5ff94f2d220e528568.gcov
  current_dir  /home/felipe/zephyrproject/zephyr-course/twister-out
  root         /home/felipe/zephyrproject/zephyr-course/app/modules/ring_buf
  starting_dir /home/felipe/zephyrproject/zephyr-course
  obj_dir      /home/felipe/zephyrproject/zephyr-course/twister-out
  gcda_fname   native_sim_native/host_gnu/zephyr-course/tests/ring_buf/homework.unit.ring_buf/zephyr/kernel/CMakeFiles/kernel.dir/kheap.c.gcno
  --> fname    /home/felipe/zephyrproject/zephyr/include/zephyr/spinlock.h
(DEBUG) Check if /home/felipe/zephyrproject/zephyr/include/zephyr/spinlock.h is included (source file)...
(DEBUG) --> File is excluded.
(DEBUG) Check if /home/felipe/zephyrproject/zephyr-course/twister-out/math_extras_impl.h##5be93e8864918add166a9f02eace5500.gcov is included (trace)...
(DEBUG) --> File is excluded.
(DEBUG) Finding source file corresponding to a gcov data file
  gcov_fname   /home/felipe/zephyrproject/zephyr-course/twister-out/math_extras_impl.h##5be93e8864918add166a9f02eace5500.gcov
  current_dir  /home/felipe/zephyrproject/zephyr-course/twister-out
  root         /home/felipe/zephyrproject/zephyr-course/app/modules/ring_buf
  starting_dir /home/felipe/zephyrproject/zephyr-course
  obj_dir      /home/felipe/zephyrproject/zephyr-course/twister-out
  gcda_fname   native_sim_native/host_gnu/zephyr-course/tests/ring_buf/homework.unit.ring_buf/zephyr/kernel/CMakeFiles/kernel.dir/kheap.c.gcno
  --> fname    /home/felipe/zephyrproject/zephyr/include/zephyr/sys/math_extras_impl.h
(DEBUG) Check if /home/felipe/zephyrproject/zephyr/include/zephyr/sys/math_extras_impl.h is included (source file)...
(DEBUG) --> File is excluded.
(DEBUG) Check if /home/felipe/zephyrproject/zephyr-course/twister-out/native_sim_native/host_gnu/zephyr-course/tests/ring_buf/homework.unit.ring_buf/zephyr/kernel/CMakeFiles/kernel.dir/mailbox.c.gcno is included (trace)...
(DEBUG)   No filter matched.
(DEBUG) --> File is excluded.
(DEBUG) Check if /home/felipe/zephyrproject/zephyr-course/twister-out/native_sim_native/host_gnu/zephyr-course/tests/ring_buf/homework.unit.ring_buf/zephyr/kernel/CMakeFiles/kernel.dir/mailbox.c.gcno is included (trace)...
(DEBUG) --> File is excluded.
(DEBUG) Check if mailbox.c##1bbb0314cca2528fe62ebfc6ff0fe953.gcov is included (gcov file)...
(DEBUG)   Filter AlwaysMatchFilter() matched.
(DEBUG) --> File is included.
(DEBUG) Check if wait_q.h##c55cb3824a8e32844a6026ec1729c33e.gcov is included (gcov file)...
(DEBUG) --> File is included.
(DEBUG) Check if ksched.h##0cebf465783caf800468063ad71827b7.gcov is included (gcov file)...
(DEBUG) --> File is included.
(DEBUG) Check if kthread.h##9409f455419132bfc3b9c8e76c631198.gcov is included (gcov file)...
(DEBUG) --> File is included.
(DEBUG) Check if kernel_arch_func.h##32b155e641adc9cd48584db3704df6c2.gcov is included (gcov file)...
(DEBUG) --> File is included.
(DEBUG) Check if kernel.h##02fe483cd34741e407932cea525697b1.gcov is included (gcov file)...
(DEBUG) --> File is included.
(DEBUG) Check if spinlock.h##d07917f143d2ca5ff94f2d220e528568.gcov is included (gcov file)...
(DEBUG) --> File is included.
(DEBUG) Check if arch.h##f17e3501b457fcbd947bf4189b99bd89.gcov is included (gcov file)...
(DEBUG) --> File is included.
(DEBUG) Check if dlist.h##0f388b119e698d4d0bf30b616f109283.gcov is included (gcov file)...
(DEBUG) --> File is included.
(DEBUG) Check if /home/felipe/zephyrproject/zephyr-course/twister-out/kernel_arch_func.h##32b155e641adc9cd48584db3704df6c2.gcov is included (trace)...
(DEBUG) --> File is excluded.
(DEBUG) Finding source file corresponding to a gcov data file
  gcov_fname   /home/felipe/zephyrproject/zephyr-course/twister-out/kernel_arch_func.h##32b155e641adc9cd48584db3704df6c2.gcov
  current_dir  /home/felipe/zephyrproject/zephyr-course/twister-out
  root         /home/felipe/zephyrproject/zephyr-course/app/modules/ring_buf
  starting_dir /home/felipe/zephyrproject/zephyr-course
  obj_dir      /home/felipe/zephyrproject/zephyr-course/twister-out
  gcda_fname   native_sim_native/host_gnu/zephyr-course/tests/ring_buf/homework.unit.ring_buf/zephyr/kernel/CMakeFiles/kernel.dir/mailbox.c.gcno
  --> fname    /home/felipe/zephyrproject/zephyr/arch/posix/include/kernel_arch_func.h
(DEBUG) Check if /home/felipe/zephyrproject/zephyr/arch/posix/include/kernel_arch_func.h is included (source file)...
(DEBUG) --> File is excluded.
(DEBUG) Check if /home/felipe/zephyrproject/zephyr-course/twister-out/kernel.h##02fe483cd34741e407932cea525697b1.gcov is included (trace)...
(DEBUG) --> File is excluded.
(DEBUG) Finding source file corresponding to a gcov data file
  gcov_fname   /home/felipe/zephyrproject/zephyr-course/twister-out/kernel.h##02fe483cd34741e407932cea525697b1.gcov
  current_dir  /home/felipe/zephyrproject/zephyr-course/twister-out
  root         /home/felipe/zephyrproject/zephyr-course/app/modules/ring_buf
  starting_dir /home/felipe/zephyrproject/zephyr-course
  obj_dir      /home/felipe/zephyrproject/zephyr-course/twister-out
  gcda_fname   native_sim_native/host_gnu/zephyr-course/tests/ring_buf/homework.unit.ring_buf/zephyr/kernel/CMakeFiles/kernel.dir/mailbox.c.gcno
  --> fname    /home/felipe/zephyrproject/zephyr-course/twister-out/native_sim_native/host_gnu/zephyr-course/tests/ring_buf/homework.unit.ring_buf/zephyr/include/generated/zephyr/syscalls/kernel.h
(DEBUG) Check if /home/felipe/zephyrproject/zephyr-course/twister-out/native_sim_native/host_gnu/zephyr-course/tests/ring_buf/homework.unit.ring_buf/zephyr/include/generated/zephyr/syscalls/kernel.h is included (source file)...
(DEBUG) --> File is excluded.
(DEBUG) Check if /home/felipe/zephyrproject/zephyr-course/twister-out/kthread.h##9409f455419132bfc3b9c8e76c631198.gcov is included (trace)...
(DEBUG) --> File is excluded.
(DEBUG) Finding source file corresponding to a gcov data file
  gcov_fname   /home/felipe/zephyrproject/zephyr-course/twister-out/kthread.h##9409f455419132bfc3b9c8e76c631198.gcov
  current_dir  /home/felipe/zephyrproject/zephyr-course/twister-out
  root         /home/felipe/zephyrproject/zephyr-course/app/modules/ring_buf
  starting_dir /home/felipe/zephyrproject/zephyr-course
  obj_dir      /home/felipe/zephyrproject/zephyr-course/twister-out
  gcda_fname   native_sim_native/host_gnu/zephyr-course/tests/ring_buf/homework.unit.ring_buf/zephyr/kernel/CMakeFiles/kernel.dir/mailbox.c.gcno
  --> fname    /home/felipe/zephyrproject/zephyr/kernel/include/kthread.h
(DEBUG) Check if /home/felipe/zephyrproject/zephyr/kernel/include/kthread.h is included (source file)...
(DEBUG) --> File is excluded.
(DEBUG) Check if /home/felipe/zephyrproject/zephyr-course/twister-out/dlist.h##0f388b119e698d4d0bf30b616f109283.gcov is included (trace)...
(DEBUG) --> File is excluded.
(DEBUG) Finding source file corresponding to a gcov data file
  gcov_fname   /home/felipe/zephyrproject/zephyr-course/twister-out/dlist.h##0f388b119e698d4d0bf30b616f109283.gcov
  current_dir  /home/felipe/zephyrproject/zephyr-course/twister-out
  root         /home/felipe/zephyrproject/zephyr-course/app/modules/ring_buf
  starting_dir /home/felipe/zephyrproject/zephyr-course
  obj_dir      /home/felipe/zephyrproject/zephyr-course/twister-out
  gcda_fname   native_sim_native/host_gnu/zephyr-course/tests/ring_buf/homework.unit.ring_buf/zephyr/kernel/CMakeFiles/kernel.dir/mailbox.c.gcno
  --> fname    /home/felipe/zephyrproject/zephyr/include/zephyr/sys/dlist.h
(DEBUG) Check if /home/felipe/zephyrproject/zephyr/include/zephyr/sys/dlist.h is included (source file)...
(DEBUG) --> File is excluded.
(DEBUG) Check if /home/felipe/zephyrproject/zephyr-course/twister-out/wait_q.h##c55cb3824a8e32844a6026ec1729c33e.gcov is included (trace)...
(DEBUG) --> File is excluded.
(DEBUG) Finding source file corresponding to a gcov data file
  gcov_fname   /home/felipe/zephyrproject/zephyr-course/twister-out/wait_q.h##c55cb3824a8e32844a6026ec1729c33e.gcov
  current_dir  /home/felipe/zephyrproject/zephyr-course/twister-out
  root         /home/felipe/zephyrproject/zephyr-course/app/modules/ring_buf
  starting_dir /home/felipe/zephyrproject/zephyr-course
  obj_dir      /home/felipe/zephyrproject/zephyr-course/twister-out
  gcda_fname   native_sim_native/host_gnu/zephyr-course/tests/ring_buf/homework.unit.ring_buf/zephyr/kernel/CMakeFiles/kernel.dir/mailbox.c.gcno
  --> fname    /home/felipe/zephyrproject/zephyr/kernel/include/wait_q.h
(DEBUG) Check if /home/felipe/zephyrproject/zephyr/kernel/include/wait_q.h is included (source file)...
(DEBUG) --> File is excluded.
(DEBUG) Check if /home/felipe/zephyrproject/zephyr-course/twister-out/arch.h##f17e3501b457fcbd947bf4189b99bd89.gcov is included (trace)...
(DEBUG) --> File is excluded.
(DEBUG) Finding source file corresponding to a gcov data file
  gcov_fname   /home/felipe/zephyrproject/zephyr-course/twister-out/arch.h##f17e3501b457fcbd947bf4189b99bd89.gcov
  current_dir  /home/felipe/zephyrproject/zephyr-course/twister-out
  root         /home/felipe/zephyrproject/zephyr-course/app/modules/ring_buf
  starting_dir /home/felipe/zephyrproject/zephyr-course
  obj_dir      /home/felipe/zephyrproject/zephyr-course/twister-out
  gcda_fname   native_sim_native/host_gnu/zephyr-course/tests/ring_buf/homework.unit.ring_buf/zephyr/kernel/CMakeFiles/kernel.dir/mailbox.c.gcno
  --> fname    /home/felipe/zephyrproject/zephyr/include/zephyr/arch/posix/arch.h
(DEBUG) Check if /home/felipe/zephyrproject/zephyr/include/zephyr/arch/posix/arch.h is included (source file)...
(DEBUG) --> File is excluded.
(DEBUG) Check if /home/felipe/zephyrproject/zephyr-course/twister-out/spinlock.h##d07917f143d2ca5ff94f2d220e528568.gcov is included (trace)...
(DEBUG) --> File is excluded.
(DEBUG) Finding source file corresponding to a gcov data file
  gcov_fname   /home/felipe/zephyrproject/zephyr-course/twister-out/spinlock.h##d07917f143d2ca5ff94f2d220e528568.gcov
  current_dir  /home/felipe/zephyrproject/zephyr-course/twister-out
  root         /home/felipe/zephyrproject/zephyr-course/app/modules/ring_buf
  starting_dir /home/felipe/zephyrproject/zephyr-course
  obj_dir      /home/felipe/zephyrproject/zephyr-course/twister-out
  gcda_fname   native_sim_native/host_gnu/zephyr-course/tests/ring_buf/homework.unit.ring_buf/zephyr/kernel/CMakeFiles/kernel.dir/mailbox.c.gcno
  --> fname    /home/felipe/zephyrproject/zephyr/include/zephyr/spinlock.h
(DEBUG) Check if /home/felipe/zephyrproject/zephyr/include/zephyr/spinlock.h is included (source file)...
(DEBUG) --> File is excluded.
(DEBUG) Check if /home/felipe/zephyrproject/zephyr-course/twister-out/mailbox.c##1bbb0314cca2528fe62ebfc6ff0fe953.gcov is included (trace)...
(DEBUG)   No filter matched.
(DEBUG) --> File is excluded.
(DEBUG) Finding source file corresponding to a gcov data file
  gcov_fname   /home/felipe/zephyrproject/zephyr-course/twister-out/mailbox.c##1bbb0314cca2528fe62ebfc6ff0fe953.gcov
  current_dir  /home/felipe/zephyrproject/zephyr-course/twister-out
  root         /home/felipe/zephyrproject/zephyr-course/app/modules/ring_buf
  starting_dir /home/felipe/zephyrproject/zephyr-course
  obj_dir      /home/felipe/zephyrproject/zephyr-course/twister-out
  gcda_fname   native_sim_native/host_gnu/zephyr-course/tests/ring_buf/homework.unit.ring_buf/zephyr/kernel/CMakeFiles/kernel.dir/mailbox.c.gcno
  --> fname    /home/felipe/zephyrproject/zephyr/kernel/mailbox.c
(DEBUG) Check if /home/felipe/zephyrproject/zephyr/kernel/mailbox.c is included (source file)...
(DEBUG)   No filter matched.
(DEBUG) --> File is excluded.
(DEBUG) Check if /home/felipe/zephyrproject/zephyr-course/twister-out/ksched.h##0cebf465783caf800468063ad71827b7.gcov is included (trace)...
(DEBUG) --> File is excluded.
(DEBUG) Finding source file corresponding to a gcov data file
  gcov_fname   /home/felipe/zephyrproject/zephyr-course/twister-out/ksched.h##0cebf465783caf800468063ad71827b7.gcov
  current_dir  /home/felipe/zephyrproject/zephyr-course/twister-out
  root         /home/felipe/zephyrproject/zephyr-course/app/modules/ring_buf
  starting_dir /home/felipe/zephyrproject/zephyr-course
  obj_dir      /home/felipe/zephyrproject/zephyr-course/twister-out
  gcda_fname   native_sim_native/host_gnu/zephyr-course/tests/ring_buf/homework.unit.ring_buf/zephyr/kernel/CMakeFiles/kernel.dir/mailbox.c.gcno
  --> fname    /home/felipe/zephyrproject/zephyr/kernel/include/ksched.h
(DEBUG) Check if /home/felipe/zephyrproject/zephyr/kernel/include/ksched.h is included (source file)...
(DEBUG) --> File is excluded.
(DEBUG) Check if /home/felipe/zephyrproject/zephyr-course/twister-out/native_sim_native/host_gnu/zephyr-course/tests/ring_buf/homework.unit.ring_buf/zephyr/kernel/CMakeFiles/kernel.dir/main_weak.c.gcno is included (trace)...
(DEBUG)   No filter matched.
(DEBUG) --> File is excluded.
(DEBUG) Check if /home/felipe/zephyrproject/zephyr-course/twister-out/native_sim_native/host_gnu/zephyr-course/tests/ring_buf/homework.unit.ring_buf/zephyr/kernel/CMakeFiles/kernel.dir/main_weak.c.gcno is included (trace)...
(DEBUG) --> File is excluded.
(DEBUG) Check if main_weak.c##3a8e89ca5f88bbecda06c84be794f85f.gcov is included (gcov file)...
(DEBUG)   Filter AlwaysMatchFilter() matched.
(DEBUG) --> File is included.
(DEBUG) Check if arch.h##f17e3501b457fcbd947bf4189b99bd89.gcov is included (gcov file)...
(DEBUG) --> File is included.
(DEBUG) Check if /home/felipe/zephyrproject/zephyr-course/twister-out/main_weak.c##3a8e89ca5f88bbecda06c84be794f85f.gcov is included (trace)...
(DEBUG)   No filter matched.
(DEBUG) --> File is excluded.
(DEBUG) Finding source file corresponding to a gcov data file
  gcov_fname   /home/felipe/zephyrproject/zephyr-course/twister-out/main_weak.c##3a8e89ca5f88bbecda06c84be794f85f.gcov
  current_dir  /home/felipe/zephyrproject/zephyr-course/twister-out
  root         /home/felipe/zephyrproject/zephyr-course/app/modules/ring_buf
  starting_dir /home/felipe/zephyrproject/zephyr-course
  obj_dir      /home/felipe/zephyrproject/zephyr-course/twister-out
  gcda_fname   native_sim_native/host_gnu/zephyr-course/tests/ring_buf/homework.unit.ring_buf/zephyr/kernel/CMakeFiles/kernel.dir/main_weak.c.gcno
  --> fname    /home/felipe/zephyrproject/zephyr/kernel/main_weak.c
(DEBUG) Check if /home/felipe/zephyrproject/zephyr/kernel/main_weak.c is included (source file)...
(DEBUG)   No filter matched.
(DEBUG) --> File is excluded.
(DEBUG) Check if /home/felipe/zephyrproject/zephyr-course/twister-out/arch.h##f17e3501b457fcbd947bf4189b99bd89.gcov is included (trace)...
(DEBUG) --> File is excluded.
(DEBUG) Finding source file corresponding to a gcov data file
  gcov_fname   /home/felipe/zephyrproject/zephyr-course/twister-out/arch.h##f17e3501b457fcbd947bf4189b99bd89.gcov
  current_dir  /home/felipe/zephyrproject/zephyr-course/twister-out
  root         /home/felipe/zephyrproject/zephyr-course/app/modules/ring_buf
  starting_dir /home/felipe/zephyrproject/zephyr-course
  obj_dir      /home/felipe/zephyrproject/zephyr-course/twister-out
  gcda_fname   native_sim_native/host_gnu/zephyr-course/tests/ring_buf/homework.unit.ring_buf/zephyr/kernel/CMakeFiles/kernel.dir/main_weak.c.gcno
  --> fname    /home/felipe/zephyrproject/zephyr/include/zephyr/arch/posix/arch.h
(DEBUG) Check if /home/felipe/zephyrproject/zephyr/include/zephyr/arch/posix/arch.h is included (source file)...
(DEBUG) --> File is excluded.
(DEBUG) Check if /home/felipe/zephyrproject/zephyr-course/twister-out/native_sim_native/host_gnu/zephyr-course/tests/ring_buf/homework.unit.ring_buf/zephyr/kernel/CMakeFiles/kernel.dir/mem_slab.c.gcno is included (trace)...
(DEBUG)   No filter matched.
(DEBUG) --> File is excluded.
(DEBUG) Check if /home/felipe/zephyrproject/zephyr-course/twister-out/native_sim_native/host_gnu/zephyr-course/tests/ring_buf/homework.unit.ring_buf/zephyr/kernel/CMakeFiles/kernel.dir/mem_slab.c.gcno is included (trace)...
(DEBUG) --> File is excluded.
(DEBUG) Check if mem_slab.c##9dccc1e506d7cc9bad54b9cc3549c235.gcov is included (gcov file)...
(DEBUG)   Filter AlwaysMatchFilter() matched.
(DEBUG) --> File is included.
(DEBUG) Check if wait_q.h##c55cb3824a8e32844a6026ec1729c33e.gcov is included (gcov file)...
(DEBUG) --> File is included.
(DEBUG) Check if ksched.h##0cebf465783caf800468063ad71827b7.gcov is included (gcov file)...
(DEBUG) --> File is included.
(DEBUG) Check if priority_q.h##b43b8b9793e0b1f450fbd5ad330f5149.gcov is included (gcov file)...
(DEBUG) --> File is included.
(DEBUG) Check if math_extras_impl.h##5be93e8864918add166a9f02eace5500.gcov is included (gcov file)...
(DEBUG) --> File is included.
(DEBUG) Check if kernel_internal.h##3b95e9c6edb7551da96548b3f2925c98.gcov is included (gcov file)...
(DEBUG)   Filter AlwaysMatchFilter() matched.
(DEBUG) --> File is included.
(DEBUG) Check if kthread.h##9409f455419132bfc3b9c8e76c631198.gcov is included (gcov file)...
(DEBUG) --> File is included.
(DEBUG) Check if timeout_q.h##90d851c3f83778dd36dd8b7e2ad60ead.gcov is included (gcov file)...
(DEBUG) --> File is included.
(DEBUG) Check if kernel_arch_func.h##32b155e641adc9cd48584db3704df6c2.gcov is included (gcov file)...
(DEBUG) --> File is included.
(DEBUG) Check if kobject_internal.h##a8c30b7c0aaee4fff0317a3d8ddf7a57.gcov is included (gcov file)...
(DEBUG) --> File is included.
(DEBUG) Check if spinlock.h##d07917f143d2ca5ff94f2d220e528568.gcov is included (gcov file)...
(DEBUG) --> File is included.
(DEBUG) Check if arch.h##f17e3501b457fcbd947bf4189b99bd89.gcov is included (gcov file)...
(DEBUG) --> File is included.
(DEBUG) Check if dlist.h##0f388b119e698d4d0bf30b616f109283.gcov is included (gcov file)...
(DEBUG) --> File is included.
(DEBUG) Check if /home/felipe/zephyrproject/zephyr-course/twister-out/kernel_internal.h##3b95e9c6edb7551da96548b3f2925c98.gcov is included (trace)...
(DEBUG)   No filter matched.
(DEBUG) --> File is excluded.
(DEBUG) Finding source file corresponding to a gcov data file
  gcov_fname   /home/felipe/zephyrproject/zephyr-course/twister-out/kernel_internal.h##3b95e9c6edb7551da96548b3f2925c98.gcov
  current_dir  /home/felipe/zephyrproject/zephyr-course/twister-out
  root         /home/felipe/zephyrproject/zephyr-course/app/modules/ring_buf
  starting_dir /home/felipe/zephyrproject/zephyr-course
  obj_dir      /home/felipe/zephyrproject/zephyr-course/twister-out
  gcda_fname   native_sim_native/host_gnu/zephyr-course/tests/ring_buf/homework.unit.ring_buf/zephyr/kernel/CMakeFiles/kernel.dir/mem_slab.c.gcno
  --> fname    /home/felipe/zephyrproject/zephyr/kernel/include/kernel_internal.h
(DEBUG) Check if /home/felipe/zephyrproject/zephyr/kernel/include/kernel_internal.h is included (source file)...
(DEBUG)   No filter matched.
(DEBUG) --> File is excluded.
(DEBUG) Check if /home/felipe/zephyrproject/zephyr-course/twister-out/timeout_q.h##90d851c3f83778dd36dd8b7e2ad60ead.gcov is included (trace)...
(DEBUG) --> File is excluded.
(DEBUG) Finding source file corresponding to a gcov data file
  gcov_fname   /home/felipe/zephyrproject/zephyr-course/twister-out/timeout_q.h##90d851c3f83778dd36dd8b7e2ad60ead.gcov
  current_dir  /home/felipe/zephyrproject/zephyr-course/twister-out
  root         /home/felipe/zephyrproject/zephyr-course/app/modules/ring_buf
  starting_dir /home/felipe/zephyrproject/zephyr-course
  obj_dir      /home/felipe/zephyrproject/zephyr-course/twister-out
  gcda_fname   native_sim_native/host_gnu/zephyr-course/tests/ring_buf/homework.unit.ring_buf/zephyr/kernel/CMakeFiles/kernel.dir/mem_slab.c.gcno
  --> fname    /home/felipe/zephyrproject/zephyr/kernel/include/timeout_q.h
(DEBUG) Check if /home/felipe/zephyrproject/zephyr/kernel/include/timeout_q.h is included (source file)...
(DEBUG) --> File is excluded.
(DEBUG) Check if /home/felipe/zephyrproject/zephyr-course/twister-out/kernel_arch_func.h##32b155e641adc9cd48584db3704df6c2.gcov is included (trace)...
(DEBUG) --> File is excluded.
(DEBUG) Finding source file corresponding to a gcov data file
  gcov_fname   /home/felipe/zephyrproject/zephyr-course/twister-out/kernel_arch_func.h##32b155e641adc9cd48584db3704df6c2.gcov
  current_dir  /home/felipe/zephyrproject/zephyr-course/twister-out
  root         /home/felipe/zephyrproject/zephyr-course/app/modules/ring_buf
  starting_dir /home/felipe/zephyrproject/zephyr-course
  obj_dir      /home/felipe/zephyrproject/zephyr-course/twister-out
  gcda_fname   native_sim_native/host_gnu/zephyr-course/tests/ring_buf/homework.unit.ring_buf/zephyr/kernel/CMakeFiles/kernel.dir/mem_slab.c.gcno
  --> fname    /home/felipe/zephyrproject/zephyr/arch/posix/include/kernel_arch_func.h
(DEBUG) Check if /home/felipe/zephyrproject/zephyr/arch/posix/include/kernel_arch_func.h is included (source file)...
(DEBUG) --> File is excluded.
(DEBUG) Check if /home/felipe/zephyrproject/zephyr-course/twister-out/kobject_internal.h##a8c30b7c0aaee4fff0317a3d8ddf7a57.gcov is included (trace)...
(DEBUG) --> File is excluded.
(DEBUG) Finding source file corresponding to a gcov data file
  gcov_fname   /home/felipe/zephyrproject/zephyr-course/twister-out/kobject_internal.h##a8c30b7c0aaee4fff0317a3d8ddf7a57.gcov
  current_dir  /home/felipe/zephyrproject/zephyr-course/twister-out
  root         /home/felipe/zephyrproject/zephyr-course/app/modules/ring_buf
  starting_dir /home/felipe/zephyrproject/zephyr-course
  obj_dir      /home/felipe/zephyrproject/zephyr-course/twister-out
  gcda_fname   native_sim_native/host_gnu/zephyr-course/tests/ring_buf/homework.unit.ring_buf/zephyr/kernel/CMakeFiles/kernel.dir/mem_slab.c.gcno
  --> fname    /home/felipe/zephyrproject/zephyr/include/zephyr/sys/internal/kobject_internal.h
(DEBUG) Check if /home/felipe/zephyrproject/zephyr/include/zephyr/sys/internal/kobject_internal.h is included (source file)...
(DEBUG) --> File is excluded.
(DEBUG) Check if /home/felipe/zephyrproject/zephyr-course/twister-out/kthread.h##9409f455419132bfc3b9c8e76c631198.gcov is included (trace)...
(DEBUG) --> File is excluded.
(DEBUG) Finding source file corresponding to a gcov data file
  gcov_fname   /home/felipe/zephyrproject/zephyr-course/twister-out/kthread.h##9409f455419132bfc3b9c8e76c631198.gcov
  current_dir  /home/felipe/zephyrproject/zephyr-course/twister-out
  root         /home/felipe/zephyrproject/zephyr-course/app/modules/ring_buf
  starting_dir /home/felipe/zephyrproject/zephyr-course
  obj_dir      /home/felipe/zephyrproject/zephyr-course/twister-out
  gcda_fname   native_sim_native/host_gnu/zephyr-course/tests/ring_buf/homework.unit.ring_buf/zephyr/kernel/CMakeFiles/kernel.dir/mem_slab.c.gcno
  --> fname    /home/felipe/zephyrproject/zephyr/kernel/include/kthread.h
(DEBUG) Check if /home/felipe/zephyrproject/zephyr/kernel/include/kthread.h is included (source file)...
(DEBUG) --> File is excluded.
(DEBUG) Check if /home/felipe/zephyrproject/zephyr-course/twister-out/dlist.h##0f388b119e698d4d0bf30b616f109283.gcov is included (trace)...
(DEBUG) --> File is excluded.
(DEBUG) Finding source file corresponding to a gcov data file
  gcov_fname   /home/felipe/zephyrproject/zephyr-course/twister-out/dlist.h##0f388b119e698d4d0bf30b616f109283.gcov
  current_dir  /home/felipe/zephyrproject/zephyr-course/twister-out
  root         /home/felipe/zephyrproject/zephyr-course/app/modules/ring_buf
  starting_dir /home/felipe/zephyrproject/zephyr-course
  obj_dir      /home/felipe/zephyrproject/zephyr-course/twister-out
  gcda_fname   native_sim_native/host_gnu/zephyr-course/tests/ring_buf/homework.unit.ring_buf/zephyr/kernel/CMakeFiles/kernel.dir/mem_slab.c.gcno
  --> fname    /home/felipe/zephyrproject/zephyr/include/zephyr/sys/dlist.h
(DEBUG) Check if /home/felipe/zephyrproject/zephyr/include/zephyr/sys/dlist.h is included (source file)...
(DEBUG) --> File is excluded.
(DEBUG) Check if /home/felipe/zephyrproject/zephyr-course/twister-out/wait_q.h##c55cb3824a8e32844a6026ec1729c33e.gcov is included (trace)...
(DEBUG) --> File is excluded.
(DEBUG) Finding source file corresponding to a gcov data file
  gcov_fname   /home/felipe/zephyrproject/zephyr-course/twister-out/wait_q.h##c55cb3824a8e32844a6026ec1729c33e.gcov
  current_dir  /home/felipe/zephyrproject/zephyr-course/twister-out
  root         /home/felipe/zephyrproject/zephyr-course/app/modules/ring_buf
  starting_dir /home/felipe/zephyrproject/zephyr-course
  obj_dir      /home/felipe/zephyrproject/zephyr-course/twister-out
  gcda_fname   native_sim_native/host_gnu/zephyr-course/tests/ring_buf/homework.unit.ring_buf/zephyr/kernel/CMakeFiles/kernel.dir/mem_slab.c.gcno
  --> fname    /home/felipe/zephyrproject/zephyr/kernel/include/wait_q.h
(DEBUG) Check if /home/felipe/zephyrproject/zephyr/kernel/include/wait_q.h is included (source file)...
(DEBUG) --> File is excluded.
(DEBUG) Check if /home/felipe/zephyrproject/zephyr-course/twister-out/arch.h##f17e3501b457fcbd947bf4189b99bd89.gcov is included (trace)...
(DEBUG) --> File is excluded.
(DEBUG) Finding source file corresponding to a gcov data file
  gcov_fname   /home/felipe/zephyrproject/zephyr-course/twister-out/arch.h##f17e3501b457fcbd947bf4189b99bd89.gcov
  current_dir  /home/felipe/zephyrproject/zephyr-course/twister-out
  root         /home/felipe/zephyrproject/zephyr-course/app/modules/ring_buf
  starting_dir /home/felipe/zephyrproject/zephyr-course
  obj_dir      /home/felipe/zephyrproject/zephyr-course/twister-out
  gcda_fname   native_sim_native/host_gnu/zephyr-course/tests/ring_buf/homework.unit.ring_buf/zephyr/kernel/CMakeFiles/kernel.dir/mem_slab.c.gcno
  --> fname    /home/felipe/zephyrproject/zephyr/include/zephyr/arch/posix/arch.h
(DEBUG) Check if /home/felipe/zephyrproject/zephyr/include/zephyr/arch/posix/arch.h is included (source file)...
(DEBUG) --> File is excluded.
(DEBUG) Check if /home/felipe/zephyrproject/zephyr-course/twister-out/mem_slab.c##9dccc1e506d7cc9bad54b9cc3549c235.gcov is included (trace)...
(DEBUG)   No filter matched.
(DEBUG) --> File is excluded.
(DEBUG) Finding source file corresponding to a gcov data file
  gcov_fname   /home/felipe/zephyrproject/zephyr-course/twister-out/mem_slab.c##9dccc1e506d7cc9bad54b9cc3549c235.gcov
  current_dir  /home/felipe/zephyrproject/zephyr-course/twister-out
  root         /home/felipe/zephyrproject/zephyr-course/app/modules/ring_buf
  starting_dir /home/felipe/zephyrproject/zephyr-course
  obj_dir      /home/felipe/zephyrproject/zephyr-course/twister-out
  gcda_fname   native_sim_native/host_gnu/zephyr-course/tests/ring_buf/homework.unit.ring_buf/zephyr/kernel/CMakeFiles/kernel.dir/mem_slab.c.gcno
  --> fname    /home/felipe/zephyrproject/zephyr/kernel/mem_slab.c
(DEBUG) Check if /home/felipe/zephyrproject/zephyr/kernel/mem_slab.c is included (source file)...
(DEBUG)   No filter matched.
(DEBUG) --> File is excluded.
(DEBUG) Check if /home/felipe/zephyrproject/zephyr-course/twister-out/priority_q.h##b43b8b9793e0b1f450fbd5ad330f5149.gcov is included (trace)...
(DEBUG) --> File is excluded.
(DEBUG) Finding source file corresponding to a gcov data file
  gcov_fname   /home/felipe/zephyrproject/zephyr-course/twister-out/priority_q.h##b43b8b9793e0b1f450fbd5ad330f5149.gcov
  current_dir  /home/felipe/zephyrproject/zephyr-course/twister-out
  root         /home/felipe/zephyrproject/zephyr-course/app/modules/ring_buf
  starting_dir /home/felipe/zephyrproject/zephyr-course
  obj_dir      /home/felipe/zephyrproject/zephyr-course/twister-out
  gcda_fname   native_sim_native/host_gnu/zephyr-course/tests/ring_buf/homework.unit.ring_buf/zephyr/kernel/CMakeFiles/kernel.dir/mem_slab.c.gcno
  --> fname    /home/felipe/zephyrproject/zephyr/kernel/include/priority_q.h
(DEBUG) Check if /home/felipe/zephyrproject/zephyr/kernel/include/priority_q.h is included (source file)...
(DEBUG) --> File is excluded.
(DEBUG) Check if /home/felipe/zephyrproject/zephyr-course/twister-out/spinlock.h##d07917f143d2ca5ff94f2d220e528568.gcov is included (trace)...
(DEBUG) --> File is excluded.
(DEBUG) Finding source file corresponding to a gcov data file
  gcov_fname   /home/felipe/zephyrproject/zephyr-course/twister-out/spinlock.h##d07917f143d2ca5ff94f2d220e528568.gcov
  current_dir  /home/felipe/zephyrproject/zephyr-course/twister-out
  root         /home/felipe/zephyrproject/zephyr-course/app/modules/ring_buf
  starting_dir /home/felipe/zephyrproject/zephyr-course
  obj_dir      /home/felipe/zephyrproject/zephyr-course/twister-out
  gcda_fname   native_sim_native/host_gnu/zephyr-course/tests/ring_buf/homework.unit.ring_buf/zephyr/kernel/CMakeFiles/kernel.dir/mem_slab.c.gcno
  --> fname    /home/felipe/zephyrproject/zephyr/include/zephyr/spinlock.h
(DEBUG) Check if /home/felipe/zephyrproject/zephyr/include/zephyr/spinlock.h is included (source file)...
(DEBUG) --> File is excluded.
(DEBUG) Check if /home/felipe/zephyrproject/zephyr-course/twister-out/math_extras_impl.h##5be93e8864918add166a9f02eace5500.gcov is included (trace)...
(DEBUG) --> File is excluded.
(DEBUG) Finding source file corresponding to a gcov data file
  gcov_fname   /home/felipe/zephyrproject/zephyr-course/twister-out/math_extras_impl.h##5be93e8864918add166a9f02eace5500.gcov
  current_dir  /home/felipe/zephyrproject/zephyr-course/twister-out
  root         /home/felipe/zephyrproject/zephyr-course/app/modules/ring_buf
  starting_dir /home/felipe/zephyrproject/zephyr-course
  obj_dir      /home/felipe/zephyrproject/zephyr-course/twister-out
  gcda_fname   native_sim_native/host_gnu/zephyr-course/tests/ring_buf/homework.unit.ring_buf/zephyr/kernel/CMakeFiles/kernel.dir/mem_slab.c.gcno
  --> fname    /home/felipe/zephyrproject/zephyr/include/zephyr/sys/math_extras_impl.h
(DEBUG) Check if /home/felipe/zephyrproject/zephyr/include/zephyr/sys/math_extras_impl.h is included (source file)...
(DEBUG) --> File is excluded.
(DEBUG) Check if /home/felipe/zephyrproject/zephyr-course/twister-out/ksched.h##0cebf465783caf800468063ad71827b7.gcov is included (trace)...
(DEBUG) --> File is excluded.
(DEBUG) Finding source file corresponding to a gcov data file
  gcov_fname   /home/felipe/zephyrproject/zephyr-course/twister-out/ksched.h##0cebf465783caf800468063ad71827b7.gcov
  current_dir  /home/felipe/zephyrproject/zephyr-course/twister-out
  root         /home/felipe/zephyrproject/zephyr-course/app/modules/ring_buf
  starting_dir /home/felipe/zephyrproject/zephyr-course
  obj_dir      /home/felipe/zephyrproject/zephyr-course/twister-out
  gcda_fname   native_sim_native/host_gnu/zephyr-course/tests/ring_buf/homework.unit.ring_buf/zephyr/kernel/CMakeFiles/kernel.dir/mem_slab.c.gcno
  --> fname    /home/felipe/zephyrproject/zephyr/kernel/include/ksched.h
(DEBUG) Check if /home/felipe/zephyrproject/zephyr/kernel/include/ksched.h is included (source file)...
(DEBUG) --> File is excluded.
(DEBUG) Check if /home/felipe/zephyrproject/zephyr-course/twister-out/native_sim_native/host_gnu/zephyr-course/tests/ring_buf/homework.unit.ring_buf/zephyr/kernel/CMakeFiles/kernel.dir/mempool.c.gcno is included (trace)...
(DEBUG)   No filter matched.
(DEBUG) --> File is excluded.
(DEBUG) Check if /home/felipe/zephyrproject/zephyr-course/twister-out/native_sim_native/host_gnu/zephyr-course/tests/ring_buf/homework.unit.ring_buf/zephyr/kernel/CMakeFiles/kernel.dir/mempool.c.gcno is included (trace)...
(DEBUG) --> File is excluded.
(DEBUG) Check if mempool.c##79a65e9dc8665147a9c95a1ab370bee7.gcov is included (gcov file)...
(DEBUG)   Filter AlwaysMatchFilter() matched.
(DEBUG) --> File is included.
(DEBUG) Check if math_extras_impl.h##5be93e8864918add166a9f02eace5500.gcov is included (gcov file)...
(DEBUG) --> File is included.
(DEBUG) Check if spinlock.h##d07917f143d2ca5ff94f2d220e528568.gcov is included (gcov file)...
(DEBUG) --> File is included.
(DEBUG) Check if arch.h##f17e3501b457fcbd947bf4189b99bd89.gcov is included (gcov file)...
(DEBUG) --> File is included.
(DEBUG) Check if /home/felipe/zephyrproject/zephyr-course/twister-out/mempool.c##79a65e9dc8665147a9c95a1ab370bee7.gcov is included (trace)...
(DEBUG)   No filter matched.
(DEBUG) --> File is excluded.
(DEBUG) Finding source file corresponding to a gcov data file
  gcov_fname   /home/felipe/zephyrproject/zephyr-course/twister-out/mempool.c##79a65e9dc8665147a9c95a1ab370bee7.gcov
  current_dir  /home/felipe/zephyrproject/zephyr-course/twister-out
  root         /home/felipe/zephyrproject/zephyr-course/app/modules/ring_buf
  starting_dir /home/felipe/zephyrproject/zephyr-course
  obj_dir      /home/felipe/zephyrproject/zephyr-course/twister-out
  gcda_fname   native_sim_native/host_gnu/zephyr-course/tests/ring_buf/homework.unit.ring_buf/zephyr/kernel/CMakeFiles/kernel.dir/mempool.c.gcno
  --> fname    /home/felipe/zephyrproject/zephyr/kernel/mempool.c
(DEBUG) Check if /home/felipe/zephyrproject/zephyr/kernel/mempool.c is included (source file)...
(DEBUG)   No filter matched.
(DEBUG) --> File is excluded.
(DEBUG) Check if /home/felipe/zephyrproject/zephyr-course/twister-out/spinlock.h##d07917f143d2ca5ff94f2d220e528568.gcov is included (trace)...
(DEBUG) --> File is excluded.
(DEBUG) Finding source file corresponding to a gcov data file
  gcov_fname   /home/felipe/zephyrproject/zephyr-course/twister-out/spinlock.h##d07917f143d2ca5ff94f2d220e528568.gcov
  current_dir  /home/felipe/zephyrproject/zephyr-course/twister-out
  root         /home/felipe/zephyrproject/zephyr-course/app/modules/ring_buf
  starting_dir /home/felipe/zephyrproject/zephyr-course
  obj_dir      /home/felipe/zephyrproject/zephyr-course/twister-out
  gcda_fname   native_sim_native/host_gnu/zephyr-course/tests/ring_buf/homework.unit.ring_buf/zephyr/kernel/CMakeFiles/kernel.dir/mempool.c.gcno
  --> fname    /home/felipe/zephyrproject/zephyr/include/zephyr/spinlock.h
(DEBUG) Check if /home/felipe/zephyrproject/zephyr/include/zephyr/spinlock.h is included (source file)...
(DEBUG) --> File is excluded.
(DEBUG) Check if /home/felipe/zephyrproject/zephyr-course/twister-out/arch.h##f17e3501b457fcbd947bf4189b99bd89.gcov is included (trace)...
(DEBUG) --> File is excluded.
(DEBUG) Finding source file corresponding to a gcov data file
  gcov_fname   /home/felipe/zephyrproject/zephyr-course/twister-out/arch.h##f17e3501b457fcbd947bf4189b99bd89.gcov
  current_dir  /home/felipe/zephyrproject/zephyr-course/twister-out
  root         /home/felipe/zephyrproject/zephyr-course/app/modules/ring_buf
  starting_dir /home/felipe/zephyrproject/zephyr-course
  obj_dir      /home/felipe/zephyrproject/zephyr-course/twister-out
  gcda_fname   native_sim_native/host_gnu/zephyr-course/tests/ring_buf/homework.unit.ring_buf/zephyr/kernel/CMakeFiles/kernel.dir/mempool.c.gcno
  --> fname    /home/felipe/zephyrproject/zephyr/include/zephyr/arch/posix/arch.h
(DEBUG) Check if /home/felipe/zephyrproject/zephyr/include/zephyr/arch/posix/arch.h is included (source file)...
(DEBUG) --> File is excluded.
(DEBUG) Check if /home/felipe/zephyrproject/zephyr-course/twister-out/math_extras_impl.h##5be93e8864918add166a9f02eace5500.gcov is included (trace)...
(DEBUG) --> File is excluded.
(DEBUG) Finding source file corresponding to a gcov data file
  gcov_fname   /home/felipe/zephyrproject/zephyr-course/twister-out/math_extras_impl.h##5be93e8864918add166a9f02eace5500.gcov
  current_dir  /home/felipe/zephyrproject/zephyr-course/twister-out
  root         /home/felipe/zephyrproject/zephyr-course/app/modules/ring_buf
  starting_dir /home/felipe/zephyrproject/zephyr-course
  obj_dir      /home/felipe/zephyrproject/zephyr-course/twister-out
  gcda_fname   native_sim_native/host_gnu/zephyr-course/tests/ring_buf/homework.unit.ring_buf/zephyr/kernel/CMakeFiles/kernel.dir/mempool.c.gcno
  --> fname    /home/felipe/zephyrproject/zephyr/include/zephyr/sys/math_extras_impl.h
(DEBUG) Check if /home/felipe/zephyrproject/zephyr/include/zephyr/sys/math_extras_impl.h is included (source file)...
(DEBUG) --> File is excluded.
(DEBUG) Check if /home/felipe/zephyrproject/zephyr-course/twister-out/native_sim_native/host_gnu/zephyr-course/tests/ring_buf/homework.unit.ring_buf/zephyr/kernel/CMakeFiles/kernel.dir/msg_q.c.gcno is included (trace)...
(DEBUG)   No filter matched.
(DEBUG) --> File is excluded.
(DEBUG) Check if /home/felipe/zephyrproject/zephyr-course/twister-out/native_sim_native/host_gnu/zephyr-course/tests/ring_buf/homework.unit.ring_buf/zephyr/kernel/CMakeFiles/kernel.dir/msg_q.c.gcno is included (trace)...
(DEBUG) --> File is excluded.
(DEBUG) Check if msg_q.c##b4f551c0fbe60402d7abc6ae541bbaf2.gcov is included (gcov file)...
(DEBUG)   Filter AlwaysMatchFilter() matched.
(DEBUG) --> File is included.
(DEBUG) Check if wait_q.h##c55cb3824a8e32844a6026ec1729c33e.gcov is included (gcov file)...
(DEBUG) --> File is included.
(DEBUG) Check if ksched.h##0cebf465783caf800468063ad71827b7.gcov is included (gcov file)...
(DEBUG) --> File is included.
(DEBUG) Check if priority_q.h##b43b8b9793e0b1f450fbd5ad330f5149.gcov is included (gcov file)...
(DEBUG) --> File is included.
(DEBUG) Check if math_extras_impl.h##5be93e8864918add166a9f02eace5500.gcov is included (gcov file)...
(DEBUG) --> File is included.
(DEBUG) Check if kthread.h##9409f455419132bfc3b9c8e76c631198.gcov is included (gcov file)...
(DEBUG) --> File is included.
(DEBUG) Check if timeout_q.h##90d851c3f83778dd36dd8b7e2ad60ead.gcov is included (gcov file)...
(DEBUG) --> File is included.
(DEBUG) Check if kernel_arch_func.h##32b155e641adc9cd48584db3704df6c2.gcov is included (gcov file)...
(DEBUG) --> File is included.
(DEBUG) Check if kobject_internal.h##a8c30b7c0aaee4fff0317a3d8ddf7a57.gcov is included (gcov file)...
(DEBUG) --> File is included.
(DEBUG) Check if spinlock.h##d07917f143d2ca5ff94f2d220e528568.gcov is included (gcov file)...
(DEBUG) --> File is included.
(DEBUG) Check if arch.h##f17e3501b457fcbd947bf4189b99bd89.gcov is included (gcov file)...
(DEBUG) --> File is included.
(DEBUG) Check if dlist.h##0f388b119e698d4d0bf30b616f109283.gcov is included (gcov file)...
(DEBUG) --> File is included.
(DEBUG) Check if /home/felipe/zephyrproject/zephyr-course/twister-out/timeout_q.h##90d851c3f83778dd36dd8b7e2ad60ead.gcov is included (trace)...
(DEBUG) --> File is excluded.
(DEBUG) Finding source file corresponding to a gcov data file
  gcov_fname   /home/felipe/zephyrproject/zephyr-course/twister-out/timeout_q.h##90d851c3f83778dd36dd8b7e2ad60ead.gcov
  current_dir  /home/felipe/zephyrproject/zephyr-course/twister-out
  root         /home/felipe/zephyrproject/zephyr-course/app/modules/ring_buf
  starting_dir /home/felipe/zephyrproject/zephyr-course
  obj_dir      /home/felipe/zephyrproject/zephyr-course/twister-out
  gcda_fname   native_sim_native/host_gnu/zephyr-course/tests/ring_buf/homework.unit.ring_buf/zephyr/kernel/CMakeFiles/kernel.dir/msg_q.c.gcno
  --> fname    /home/felipe/zephyrproject/zephyr/kernel/include/timeout_q.h
(DEBUG) Check if /home/felipe/zephyrproject/zephyr/kernel/include/timeout_q.h is included (source file)...
(DEBUG) --> File is excluded.
(DEBUG) Check if /home/felipe/zephyrproject/zephyr-course/twister-out/kernel_arch_func.h##32b155e641adc9cd48584db3704df6c2.gcov is included (trace)...
(DEBUG) --> File is excluded.
(DEBUG) Finding source file corresponding to a gcov data file
  gcov_fname   /home/felipe/zephyrproject/zephyr-course/twister-out/kernel_arch_func.h##32b155e641adc9cd48584db3704df6c2.gcov
  current_dir  /home/felipe/zephyrproject/zephyr-course/twister-out
  root         /home/felipe/zephyrproject/zephyr-course/app/modules/ring_buf
  starting_dir /home/felipe/zephyrproject/zephyr-course
  obj_dir      /home/felipe/zephyrproject/zephyr-course/twister-out
  gcda_fname   native_sim_native/host_gnu/zephyr-course/tests/ring_buf/homework.unit.ring_buf/zephyr/kernel/CMakeFiles/kernel.dir/msg_q.c.gcno
  --> fname    /home/felipe/zephyrproject/zephyr/arch/posix/include/kernel_arch_func.h
(DEBUG) Check if /home/felipe/zephyrproject/zephyr/arch/posix/include/kernel_arch_func.h is included (source file)...
(DEBUG) --> File is excluded.
(DEBUG) Check if /home/felipe/zephyrproject/zephyr-course/twister-out/kobject_internal.h##a8c30b7c0aaee4fff0317a3d8ddf7a57.gcov is included (trace)...
(DEBUG) --> File is excluded.
(DEBUG) Finding source file corresponding to a gcov data file
  gcov_fname   /home/felipe/zephyrproject/zephyr-course/twister-out/kobject_internal.h##a8c30b7c0aaee4fff0317a3d8ddf7a57.gcov
  current_dir  /home/felipe/zephyrproject/zephyr-course/twister-out
  root         /home/felipe/zephyrproject/zephyr-course/app/modules/ring_buf
  starting_dir /home/felipe/zephyrproject/zephyr-course
  obj_dir      /home/felipe/zephyrproject/zephyr-course/twister-out
  gcda_fname   native_sim_native/host_gnu/zephyr-course/tests/ring_buf/homework.unit.ring_buf/zephyr/kernel/CMakeFiles/kernel.dir/msg_q.c.gcno
  --> fname    /home/felipe/zephyrproject/zephyr/include/zephyr/sys/internal/kobject_internal.h
(DEBUG) Check if /home/felipe/zephyrproject/zephyr/include/zephyr/sys/internal/kobject_internal.h is included (source file)...
(DEBUG) --> File is excluded.
(DEBUG) Check if /home/felipe/zephyrproject/zephyr-course/twister-out/kthread.h##9409f455419132bfc3b9c8e76c631198.gcov is included (trace)...
(DEBUG) --> File is excluded.
(DEBUG) Finding source file corresponding to a gcov data file
  gcov_fname   /home/felipe/zephyrproject/zephyr-course/twister-out/kthread.h##9409f455419132bfc3b9c8e76c631198.gcov
  current_dir  /home/felipe/zephyrproject/zephyr-course/twister-out
  root         /home/felipe/zephyrproject/zephyr-course/app/modules/ring_buf
  starting_dir /home/felipe/zephyrproject/zephyr-course
  obj_dir      /home/felipe/zephyrproject/zephyr-course/twister-out
  gcda_fname   native_sim_native/host_gnu/zephyr-course/tests/ring_buf/homework.unit.ring_buf/zephyr/kernel/CMakeFiles/kernel.dir/msg_q.c.gcno
  --> fname    /home/felipe/zephyrproject/zephyr/kernel/include/kthread.h
(DEBUG) Check if /home/felipe/zephyrproject/zephyr/kernel/include/kthread.h is included (source file)...
(DEBUG) --> File is excluded.
(DEBUG) Check if /home/felipe/zephyrproject/zephyr-course/twister-out/dlist.h##0f388b119e698d4d0bf30b616f109283.gcov is included (trace)...
(DEBUG) --> File is excluded.
(DEBUG) Finding source file corresponding to a gcov data file
  gcov_fname   /home/felipe/zephyrproject/zephyr-course/twister-out/dlist.h##0f388b119e698d4d0bf30b616f109283.gcov
  current_dir  /home/felipe/zephyrproject/zephyr-course/twister-out
  root         /home/felipe/zephyrproject/zephyr-course/app/modules/ring_buf
  starting_dir /home/felipe/zephyrproject/zephyr-course
  obj_dir      /home/felipe/zephyrproject/zephyr-course/twister-out
  gcda_fname   native_sim_native/host_gnu/zephyr-course/tests/ring_buf/homework.unit.ring_buf/zephyr/kernel/CMakeFiles/kernel.dir/msg_q.c.gcno
  --> fname    /home/felipe/zephyrproject/zephyr/include/zephyr/sys/dlist.h
(DEBUG) Check if /home/felipe/zephyrproject/zephyr/include/zephyr/sys/dlist.h is included (source file)...
(DEBUG) --> File is excluded.
(DEBUG) Check if /home/felipe/zephyrproject/zephyr-course/twister-out/wait_q.h##c55cb3824a8e32844a6026ec1729c33e.gcov is included (trace)...
(DEBUG) --> File is excluded.
(DEBUG) Finding source file corresponding to a gcov data file
  gcov_fname   /home/felipe/zephyrproject/zephyr-course/twister-out/wait_q.h##c55cb3824a8e32844a6026ec1729c33e.gcov
  current_dir  /home/felipe/zephyrproject/zephyr-course/twister-out
  root         /home/felipe/zephyrproject/zephyr-course/app/modules/ring_buf
  starting_dir /home/felipe/zephyrproject/zephyr-course
  obj_dir      /home/felipe/zephyrproject/zephyr-course/twister-out
  gcda_fname   native_sim_native/host_gnu/zephyr-course/tests/ring_buf/homework.unit.ring_buf/zephyr/kernel/CMakeFiles/kernel.dir/msg_q.c.gcno
  --> fname    /home/felipe/zephyrproject/zephyr/kernel/include/wait_q.h
(DEBUG) Check if /home/felipe/zephyrproject/zephyr/kernel/include/wait_q.h is included (source file)...
(DEBUG) --> File is excluded.
(DEBUG) Check if /home/felipe/zephyrproject/zephyr-course/twister-out/arch.h##f17e3501b457fcbd947bf4189b99bd89.gcov is included (trace)...
(DEBUG) --> File is excluded.
(DEBUG) Finding source file corresponding to a gcov data file
  gcov_fname   /home/felipe/zephyrproject/zephyr-course/twister-out/arch.h##f17e3501b457fcbd947bf4189b99bd89.gcov
  current_dir  /home/felipe/zephyrproject/zephyr-course/twister-out
  root         /home/felipe/zephyrproject/zephyr-course/app/modules/ring_buf
  starting_dir /home/felipe/zephyrproject/zephyr-course
  obj_dir      /home/felipe/zephyrproject/zephyr-course/twister-out
  gcda_fname   native_sim_native/host_gnu/zephyr-course/tests/ring_buf/homework.unit.ring_buf/zephyr/kernel/CMakeFiles/kernel.dir/msg_q.c.gcno
  --> fname    /home/felipe/zephyrproject/zephyr/include/zephyr/arch/posix/arch.h
(DEBUG) Check if /home/felipe/zephyrproject/zephyr/include/zephyr/arch/posix/arch.h is included (source file)...
(DEBUG) --> File is excluded.
(DEBUG) Check if /home/felipe/zephyrproject/zephyr-course/twister-out/priority_q.h##b43b8b9793e0b1f450fbd5ad330f5149.gcov is included (trace)...
(DEBUG) --> File is excluded.
(DEBUG) Finding source file corresponding to a gcov data file
  gcov_fname   /home/felipe/zephyrproject/zephyr-course/twister-out/priority_q.h##b43b8b9793e0b1f450fbd5ad330f5149.gcov
  current_dir  /home/felipe/zephyrproject/zephyr-course/twister-out
  root         /home/felipe/zephyrproject/zephyr-course/app/modules/ring_buf
  starting_dir /home/felipe/zephyrproject/zephyr-course
  obj_dir      /home/felipe/zephyrproject/zephyr-course/twister-out
  gcda_fname   native_sim_native/host_gnu/zephyr-course/tests/ring_buf/homework.unit.ring_buf/zephyr/kernel/CMakeFiles/kernel.dir/msg_q.c.gcno
  --> fname    /home/felipe/zephyrproject/zephyr/kernel/include/priority_q.h
(DEBUG) Check if /home/felipe/zephyrproject/zephyr/kernel/include/priority_q.h is included (source file)...
(DEBUG) --> File is excluded.
(DEBUG) Check if /home/felipe/zephyrproject/zephyr-course/twister-out/spinlock.h##d07917f143d2ca5ff94f2d220e528568.gcov is included (trace)...
(DEBUG) --> File is excluded.
(DEBUG) Finding source file corresponding to a gcov data file
  gcov_fname   /home/felipe/zephyrproject/zephyr-course/twister-out/spinlock.h##d07917f143d2ca5ff94f2d220e528568.gcov
  current_dir  /home/felipe/zephyrproject/zephyr-course/twister-out
  root         /home/felipe/zephyrproject/zephyr-course/app/modules/ring_buf
  starting_dir /home/felipe/zephyrproject/zephyr-course
  obj_dir      /home/felipe/zephyrproject/zephyr-course/twister-out
  gcda_fname   native_sim_native/host_gnu/zephyr-course/tests/ring_buf/homework.unit.ring_buf/zephyr/kernel/CMakeFiles/kernel.dir/msg_q.c.gcno
  --> fname    /home/felipe/zephyrproject/zephyr/include/zephyr/spinlock.h
(DEBUG) Check if /home/felipe/zephyrproject/zephyr/include/zephyr/spinlock.h is included (source file)...
(DEBUG) --> File is excluded.
(DEBUG) Check if /home/felipe/zephyrproject/zephyr-course/twister-out/math_extras_impl.h##5be93e8864918add166a9f02eace5500.gcov is included (trace)...
(DEBUG) --> File is excluded.
(DEBUG) Finding source file corresponding to a gcov data file
  gcov_fname   /home/felipe/zephyrproject/zephyr-course/twister-out/math_extras_impl.h##5be93e8864918add166a9f02eace5500.gcov
  current_dir  /home/felipe/zephyrproject/zephyr-course/twister-out
  root         /home/felipe/zephyrproject/zephyr-course/app/modules/ring_buf
  starting_dir /home/felipe/zephyrproject/zephyr-course
  obj_dir      /home/felipe/zephyrproject/zephyr-course/twister-out
  gcda_fname   native_sim_native/host_gnu/zephyr-course/tests/ring_buf/homework.unit.ring_buf/zephyr/kernel/CMakeFiles/kernel.dir/msg_q.c.gcno
  --> fname    /home/felipe/zephyrproject/zephyr/include/zephyr/sys/math_extras_impl.h
(DEBUG) Check if /home/felipe/zephyrproject/zephyr/include/zephyr/sys/math_extras_impl.h is included (source file)...
(DEBUG) --> File is excluded.
(DEBUG) Check if /home/felipe/zephyrproject/zephyr-course/twister-out/msg_q.c##b4f551c0fbe60402d7abc6ae541bbaf2.gcov is included (trace)...
(DEBUG)   No filter matched.
(DEBUG) --> File is excluded.
(DEBUG) Finding source file corresponding to a gcov data file
  gcov_fname   /home/felipe/zephyrproject/zephyr-course/twister-out/msg_q.c##b4f551c0fbe60402d7abc6ae541bbaf2.gcov
  current_dir  /home/felipe/zephyrproject/zephyr-course/twister-out
  root         /home/felipe/zephyrproject/zephyr-course/app/modules/ring_buf
  starting_dir /home/felipe/zephyrproject/zephyr-course
  obj_dir      /home/felipe/zephyrproject/zephyr-course/twister-out
  gcda_fname   native_sim_native/host_gnu/zephyr-course/tests/ring_buf/homework.unit.ring_buf/zephyr/kernel/CMakeFiles/kernel.dir/msg_q.c.gcno
  --> fname    /home/felipe/zephyrproject/zephyr/kernel/msg_q.c
(DEBUG) Check if /home/felipe/zephyrproject/zephyr/kernel/msg_q.c is included (source file)...
(DEBUG)   No filter matched.
(DEBUG) --> File is excluded.
(DEBUG) Check if /home/felipe/zephyrproject/zephyr-course/twister-out/ksched.h##0cebf465783caf800468063ad71827b7.gcov is included (trace)...
(DEBUG) --> File is excluded.
(DEBUG) Finding source file corresponding to a gcov data file
  gcov_fname   /home/felipe/zephyrproject/zephyr-course/twister-out/ksched.h##0cebf465783caf800468063ad71827b7.gcov
  current_dir  /home/felipe/zephyrproject/zephyr-course/twister-out
  root         /home/felipe/zephyrproject/zephyr-course/app/modules/ring_buf
  starting_dir /home/felipe/zephyrproject/zephyr-course
  obj_dir      /home/felipe/zephyrproject/zephyr-course/twister-out
  gcda_fname   native_sim_native/host_gnu/zephyr-course/tests/ring_buf/homework.unit.ring_buf/zephyr/kernel/CMakeFiles/kernel.dir/msg_q.c.gcno
  --> fname    /home/felipe/zephyrproject/zephyr/kernel/include/ksched.h
(DEBUG) Check if /home/felipe/zephyrproject/zephyr/kernel/include/ksched.h is included (source file)...
(DEBUG) --> File is excluded.
(DEBUG) Check if /home/felipe/zephyrproject/zephyr-course/twister-out/native_sim_native/host_gnu/zephyr-course/tests/ring_buf/homework.unit.ring_buf/zephyr/kernel/CMakeFiles/kernel.dir/mutex.c.gcno is included (trace)...
(DEBUG)   No filter matched.
(DEBUG) --> File is excluded.
(DEBUG) Check if /home/felipe/zephyrproject/zephyr-course/twister-out/native_sim_native/host_gnu/zephyr-course/tests/ring_buf/homework.unit.ring_buf/zephyr/kernel/CMakeFiles/kernel.dir/mutex.c.gcno is included (trace)...
(DEBUG) --> File is excluded.
(DEBUG) Check if mutex.c##55f4ffaa460da9eff32e8cb782635b78.gcov is included (gcov file)...
(DEBUG)   Filter AlwaysMatchFilter() matched.
(DEBUG) --> File is included.
(DEBUG) Check if log_msg.h##8e71b5010d1ef358ceb2fe0042f1ff82.gcov is included (gcov file)...
(DEBUG) --> File is included.
(DEBUG) Check if wait_q.h##c55cb3824a8e32844a6026ec1729c33e.gcov is included (gcov file)...
(DEBUG) --> File is included.
(DEBUG) Check if ksched.h##0cebf465783caf800468063ad71827b7.gcov is included (gcov file)...
(DEBUG) --> File is included.
(DEBUG) Check if priority_q.h##b43b8b9793e0b1f450fbd5ad330f5149.gcov is included (gcov file)...
(DEBUG) --> File is included.
(DEBUG) Check if kthread.h##9409f455419132bfc3b9c8e76c631198.gcov is included (gcov file)...
(DEBUG) --> File is included.
(DEBUG) Check if timeout_q.h##90d851c3f83778dd36dd8b7e2ad60ead.gcov is included (gcov file)...
(DEBUG) --> File is included.
(DEBUG) Check if kernel_arch_func.h##32b155e641adc9cd48584db3704df6c2.gcov is included (gcov file)...
(DEBUG) --> File is included.
(DEBUG) Check if kobject_internal.h##a8c30b7c0aaee4fff0317a3d8ddf7a57.gcov is included (gcov file)...
(DEBUG) --> File is included.
(DEBUG) Check if spinlock.h##d07917f143d2ca5ff94f2d220e528568.gcov is included (gcov file)...
(DEBUG) --> File is included.
(DEBUG) Check if arch.h##f17e3501b457fcbd947bf4189b99bd89.gcov is included (gcov file)...
(DEBUG) --> File is included.
(DEBUG) Check if dlist.h##0f388b119e698d4d0bf30b616f109283.gcov is included (gcov file)...
(DEBUG) --> File is included.
(DEBUG) Check if /home/felipe/zephyrproject/zephyr-course/twister-out/timeout_q.h##90d851c3f83778dd36dd8b7e2ad60ead.gcov is included (trace)...
(DEBUG) --> File is excluded.
(DEBUG) Finding source file corresponding to a gcov data file
  gcov_fname   /home/felipe/zephyrproject/zephyr-course/twister-out/timeout_q.h##90d851c3f83778dd36dd8b7e2ad60ead.gcov
  current_dir  /home/felipe/zephyrproject/zephyr-course/twister-out
  root         /home/felipe/zephyrproject/zephyr-course/app/modules/ring_buf
  starting_dir /home/felipe/zephyrproject/zephyr-course
  obj_dir      /home/felipe/zephyrproject/zephyr-course/twister-out
  gcda_fname   native_sim_native/host_gnu/zephyr-course/tests/ring_buf/homework.unit.ring_buf/zephyr/kernel/CMakeFiles/kernel.dir/mutex.c.gcno
  --> fname    /home/felipe/zephyrproject/zephyr/kernel/include/timeout_q.h
(DEBUG) Check if /home/felipe/zephyrproject/zephyr/kernel/include/timeout_q.h is included (source file)...
(DEBUG) --> File is excluded.
(DEBUG) Check if /home/felipe/zephyrproject/zephyr-course/twister-out/kernel_arch_func.h##32b155e641adc9cd48584db3704df6c2.gcov is included (trace)...
(DEBUG) --> File is excluded.
(DEBUG) Finding source file corresponding to a gcov data file
  gcov_fname   /home/felipe/zephyrproject/zephyr-course/twister-out/kernel_arch_func.h##32b155e641adc9cd48584db3704df6c2.gcov
  current_dir  /home/felipe/zephyrproject/zephyr-course/twister-out
  root         /home/felipe/zephyrproject/zephyr-course/app/modules/ring_buf
  starting_dir /home/felipe/zephyrproject/zephyr-course
  obj_dir      /home/felipe/zephyrproject/zephyr-course/twister-out
  gcda_fname   native_sim_native/host_gnu/zephyr-course/tests/ring_buf/homework.unit.ring_buf/zephyr/kernel/CMakeFiles/kernel.dir/mutex.c.gcno
  --> fname    /home/felipe/zephyrproject/zephyr/arch/posix/include/kernel_arch_func.h
(DEBUG) Check if /home/felipe/zephyrproject/zephyr/arch/posix/include/kernel_arch_func.h is included (source file)...
(DEBUG) --> File is excluded.
(DEBUG) Check if /home/felipe/zephyrproject/zephyr-course/twister-out/kobject_internal.h##a8c30b7c0aaee4fff0317a3d8ddf7a57.gcov is included (trace)...
(DEBUG) --> File is excluded.
(DEBUG) Finding source file corresponding to a gcov data file
  gcov_fname   /home/felipe/zephyrproject/zephyr-course/twister-out/kobject_internal.h##a8c30b7c0aaee4fff0317a3d8ddf7a57.gcov
  current_dir  /home/felipe/zephyrproject/zephyr-course/twister-out
  root         /home/felipe/zephyrproject/zephyr-course/app/modules/ring_buf
  starting_dir /home/felipe/zephyrproject/zephyr-course
  obj_dir      /home/felipe/zephyrproject/zephyr-course/twister-out
  gcda_fname   native_sim_native/host_gnu/zephyr-course/tests/ring_buf/homework.unit.ring_buf/zephyr/kernel/CMakeFiles/kernel.dir/mutex.c.gcno
  --> fname    /home/felipe/zephyrproject/zephyr/include/zephyr/sys/internal/kobject_internal.h
(DEBUG) Check if /home/felipe/zephyrproject/zephyr/include/zephyr/sys/internal/kobject_internal.h is included (source file)...
(DEBUG) --> File is excluded.
(DEBUG) Check if /home/felipe/zephyrproject/zephyr-course/twister-out/kthread.h##9409f455419132bfc3b9c8e76c631198.gcov is included (trace)...
(DEBUG) --> File is excluded.
(DEBUG) Finding source file corresponding to a gcov data file
  gcov_fname   /home/felipe/zephyrproject/zephyr-course/twister-out/kthread.h##9409f455419132bfc3b9c8e76c631198.gcov
  current_dir  /home/felipe/zephyrproject/zephyr-course/twister-out
  root         /home/felipe/zephyrproject/zephyr-course/app/modules/ring_buf
  starting_dir /home/felipe/zephyrproject/zephyr-course
  obj_dir      /home/felipe/zephyrproject/zephyr-course/twister-out
  gcda_fname   native_sim_native/host_gnu/zephyr-course/tests/ring_buf/homework.unit.ring_buf/zephyr/kernel/CMakeFiles/kernel.dir/mutex.c.gcno
  --> fname    /home/felipe/zephyrproject/zephyr/kernel/include/kthread.h
(DEBUG) Check if /home/felipe/zephyrproject/zephyr/kernel/include/kthread.h is included (source file)...
(DEBUG) --> File is excluded.
(DEBUG) Check if /home/felipe/zephyrproject/zephyr-course/twister-out/dlist.h##0f388b119e698d4d0bf30b616f109283.gcov is included (trace)...
(DEBUG) --> File is excluded.
(DEBUG) Finding source file corresponding to a gcov data file
  gcov_fname   /home/felipe/zephyrproject/zephyr-course/twister-out/dlist.h##0f388b119e698d4d0bf30b616f109283.gcov
  current_dir  /home/felipe/zephyrproject/zephyr-course/twister-out
  root         /home/felipe/zephyrproject/zephyr-course/app/modules/ring_buf
  starting_dir /home/felipe/zephyrproject/zephyr-course
  obj_dir      /home/felipe/zephyrproject/zephyr-course/twister-out
  gcda_fname   native_sim_native/host_gnu/zephyr-course/tests/ring_buf/homework.unit.ring_buf/zephyr/kernel/CMakeFiles/kernel.dir/mutex.c.gcno
  --> fname    /home/felipe/zephyrproject/zephyr/include/zephyr/sys/dlist.h
(DEBUG) Check if /home/felipe/zephyrproject/zephyr/include/zephyr/sys/dlist.h is included (source file)...
(DEBUG) --> File is excluded.
(DEBUG) Check if /home/felipe/zephyrproject/zephyr-course/twister-out/wait_q.h##c55cb3824a8e32844a6026ec1729c33e.gcov is included (trace)...
(DEBUG) --> File is excluded.
(DEBUG) Finding source file corresponding to a gcov data file
  gcov_fname   /home/felipe/zephyrproject/zephyr-course/twister-out/wait_q.h##c55cb3824a8e32844a6026ec1729c33e.gcov
  current_dir  /home/felipe/zephyrproject/zephyr-course/twister-out
  root         /home/felipe/zephyrproject/zephyr-course/app/modules/ring_buf
  starting_dir /home/felipe/zephyrproject/zephyr-course
  obj_dir      /home/felipe/zephyrproject/zephyr-course/twister-out
  gcda_fname   native_sim_native/host_gnu/zephyr-course/tests/ring_buf/homework.unit.ring_buf/zephyr/kernel/CMakeFiles/kernel.dir/mutex.c.gcno
  --> fname    /home/felipe/zephyrproject/zephyr/kernel/include/wait_q.h
(DEBUG) Check if /home/felipe/zephyrproject/zephyr/kernel/include/wait_q.h is included (source file)...
(DEBUG) --> File is excluded.
(DEBUG) Check if /home/felipe/zephyrproject/zephyr-course/twister-out/arch.h##f17e3501b457fcbd947bf4189b99bd89.gcov is included (trace)...
(DEBUG) --> File is excluded.
(DEBUG) Finding source file corresponding to a gcov data file
  gcov_fname   /home/felipe/zephyrproject/zephyr-course/twister-out/arch.h##f17e3501b457fcbd947bf4189b99bd89.gcov
  current_dir  /home/felipe/zephyrproject/zephyr-course/twister-out
  root         /home/felipe/zephyrproject/zephyr-course/app/modules/ring_buf
  starting_dir /home/felipe/zephyrproject/zephyr-course
  obj_dir      /home/felipe/zephyrproject/zephyr-course/twister-out
  gcda_fname   native_sim_native/host_gnu/zephyr-course/tests/ring_buf/homework.unit.ring_buf/zephyr/kernel/CMakeFiles/kernel.dir/mutex.c.gcno
  --> fname    /home/felipe/zephyrproject/zephyr/include/zephyr/arch/posix/arch.h
(DEBUG) Check if /home/felipe/zephyrproject/zephyr/include/zephyr/arch/posix/arch.h is included (source file)...
(DEBUG) --> File is excluded.
(DEBUG) Check if /home/felipe/zephyrproject/zephyr-course/twister-out/mutex.c##55f4ffaa460da9eff32e8cb782635b78.gcov is included (trace)...
(DEBUG)   No filter matched.
(DEBUG) --> File is excluded.
(DEBUG) Finding source file corresponding to a gcov data file
  gcov_fname   /home/felipe/zephyrproject/zephyr-course/twister-out/mutex.c##55f4ffaa460da9eff32e8cb782635b78.gcov
  current_dir  /home/felipe/zephyrproject/zephyr-course/twister-out
  root         /home/felipe/zephyrproject/zephyr-course/app/modules/ring_buf
  starting_dir /home/felipe/zephyrproject/zephyr-course
  obj_dir      /home/felipe/zephyrproject/zephyr-course/twister-out
  gcda_fname   native_sim_native/host_gnu/zephyr-course/tests/ring_buf/homework.unit.ring_buf/zephyr/kernel/CMakeFiles/kernel.dir/mutex.c.gcno
  --> fname    /home/felipe/zephyrproject/zephyr/kernel/mutex.c
(DEBUG) Check if /home/felipe/zephyrproject/zephyr/kernel/mutex.c is included (source file)...
(DEBUG)   No filter matched.
(DEBUG) --> File is excluded.
(DEBUG) Check if /home/felipe/zephyrproject/zephyr-course/twister-out/log_msg.h##8e71b5010d1ef358ceb2fe0042f1ff82.gcov is included (trace)...
(DEBUG) --> File is excluded.
(DEBUG) Finding source file corresponding to a gcov data file
  gcov_fname   /home/felipe/zephyrproject/zephyr-course/twister-out/log_msg.h##8e71b5010d1ef358ceb2fe0042f1ff82.gcov
  current_dir  /home/felipe/zephyrproject/zephyr-course/twister-out
  root         /home/felipe/zephyrproject/zephyr-course/app/modules/ring_buf
  starting_dir /home/felipe/zephyrproject/zephyr-course
  obj_dir      /home/felipe/zephyrproject/zephyr-course/twister-out
  gcda_fname   native_sim_native/host_gnu/zephyr-course/tests/ring_buf/homework.unit.ring_buf/zephyr/kernel/CMakeFiles/kernel.dir/mutex.c.gcno
  --> fname    /home/felipe/zephyrproject/zephyr/include/zephyr/logging/log_msg.h
(DEBUG) Check if /home/felipe/zephyrproject/zephyr/include/zephyr/logging/log_msg.h is included (source file)...
(DEBUG) --> File is excluded.
(DEBUG) Check if /home/felipe/zephyrproject/zephyr-course/twister-out/priority_q.h##b43b8b9793e0b1f450fbd5ad330f5149.gcov is included (trace)...
(DEBUG) --> File is excluded.
(DEBUG) Finding source file corresponding to a gcov data file
  gcov_fname   /home/felipe/zephyrproject/zephyr-course/twister-out/priority_q.h##b43b8b9793e0b1f450fbd5ad330f5149.gcov
  current_dir  /home/felipe/zephyrproject/zephyr-course/twister-out
  root         /home/felipe/zephyrproject/zephyr-course/app/modules/ring_buf
  starting_dir /home/felipe/zephyrproject/zephyr-course
  obj_dir      /home/felipe/zephyrproject/zephyr-course/twister-out
  gcda_fname   native_sim_native/host_gnu/zephyr-course/tests/ring_buf/homework.unit.ring_buf/zephyr/kernel/CMakeFiles/kernel.dir/mutex.c.gcno
  --> fname    /home/felipe/zephyrproject/zephyr/kernel/include/priority_q.h
(DEBUG) Check if /home/felipe/zephyrproject/zephyr/kernel/include/priority_q.h is included (source file)...
(DEBUG) --> File is excluded.
(DEBUG) Check if /home/felipe/zephyrproject/zephyr-course/twister-out/spinlock.h##d07917f143d2ca5ff94f2d220e528568.gcov is included (trace)...
(DEBUG) --> File is excluded.
(DEBUG) Finding source file corresponding to a gcov data file
  gcov_fname   /home/felipe/zephyrproject/zephyr-course/twister-out/spinlock.h##d07917f143d2ca5ff94f2d220e528568.gcov
  current_dir  /home/felipe/zephyrproject/zephyr-course/twister-out
  root         /home/felipe/zephyrproject/zephyr-course/app/modules/ring_buf
  starting_dir /home/felipe/zephyrproject/zephyr-course
  obj_dir      /home/felipe/zephyrproject/zephyr-course/twister-out
  gcda_fname   native_sim_native/host_gnu/zephyr-course/tests/ring_buf/homework.unit.ring_buf/zephyr/kernel/CMakeFiles/kernel.dir/mutex.c.gcno
  --> fname    /home/felipe/zephyrproject/zephyr/include/zephyr/spinlock.h
(DEBUG) Check if /home/felipe/zephyrproject/zephyr/include/zephyr/spinlock.h is included (source file)...
(DEBUG) --> File is excluded.
(DEBUG) Check if /home/felipe/zephyrproject/zephyr-course/twister-out/ksched.h##0cebf465783caf800468063ad71827b7.gcov is included (trace)...
(DEBUG) --> File is excluded.
(DEBUG) Finding source file corresponding to a gcov data file
  gcov_fname   /home/felipe/zephyrproject/zephyr-course/twister-out/ksched.h##0cebf465783caf800468063ad71827b7.gcov
  current_dir  /home/felipe/zephyrproject/zephyr-course/twister-out
  root         /home/felipe/zephyrproject/zephyr-course/app/modules/ring_buf
  starting_dir /home/felipe/zephyrproject/zephyr-course
  obj_dir      /home/felipe/zephyrproject/zephyr-course/twister-out
  gcda_fname   native_sim_native/host_gnu/zephyr-course/tests/ring_buf/homework.unit.ring_buf/zephyr/kernel/CMakeFiles/kernel.dir/mutex.c.gcno
  --> fname    /home/felipe/zephyrproject/zephyr/kernel/include/ksched.h
(DEBUG) Check if /home/felipe/zephyrproject/zephyr/kernel/include/ksched.h is included (source file)...
(DEBUG) --> File is excluded.
(DEBUG) Check if /home/felipe/zephyrproject/zephyr-course/twister-out/native_sim_native/host_gnu/zephyr-course/tests/ring_buf/homework.unit.ring_buf/zephyr/kernel/CMakeFiles/kernel.dir/pipe.c.gcno is included (trace)...
(DEBUG)   No filter matched.
(DEBUG) --> File is excluded.
(DEBUG) Check if /home/felipe/zephyrproject/zephyr-course/twister-out/native_sim_native/host_gnu/zephyr-course/tests/ring_buf/homework.unit.ring_buf/zephyr/kernel/CMakeFiles/kernel.dir/pipe.c.gcno is included (trace)...
(DEBUG) --> File is excluded.
(DEBUG) Check if pipe.c##e01e4f205ec8ebfd7bdfdf406d60a09e.gcov is included (gcov file)...
(DEBUG)   Filter AlwaysMatchFilter() matched.
(DEBUG) --> File is included.
(DEBUG) Check if wait_q.h##c55cb3824a8e32844a6026ec1729c33e.gcov is included (gcov file)...
(DEBUG) --> File is included.
(DEBUG) Check if ksched.h##0cebf465783caf800468063ad71827b7.gcov is included (gcov file)...
(DEBUG) --> File is included.
(DEBUG) Check if priority_q.h##b43b8b9793e0b1f450fbd5ad330f5149.gcov is included (gcov file)...
(DEBUG) --> File is included.
(DEBUG) Check if kernel_internal.h##3b95e9c6edb7551da96548b3f2925c98.gcov is included (gcov file)...
(DEBUG) --> File is included.
(DEBUG) Check if kthread.h##9409f455419132bfc3b9c8e76c631198.gcov is included (gcov file)...
(DEBUG) --> File is included.
(DEBUG) Check if timeout_q.h##90d851c3f83778dd36dd8b7e2ad60ead.gcov is included (gcov file)...
(DEBUG) --> File is included.
(DEBUG) Check if kernel_arch_func.h##32b155e641adc9cd48584db3704df6c2.gcov is included (gcov file)...
(DEBUG) --> File is included.
(DEBUG) Check if ring_buffer.h##b7d6b57d4f25df1cf7a4d563678a77de.gcov is included (gcov file)...
(DEBUG) --> File is included.
(DEBUG) Check if kobject_internal.h##a8c30b7c0aaee4fff0317a3d8ddf7a57.gcov is included (gcov file)...
(DEBUG) --> File is included.
(DEBUG) Check if spinlock.h##d07917f143d2ca5ff94f2d220e528568.gcov is included (gcov file)...
(DEBUG) --> File is included.
(DEBUG) Check if arch.h##f17e3501b457fcbd947bf4189b99bd89.gcov is included (gcov file)...
(DEBUG) --> File is included.
(DEBUG) Check if dlist.h##0f388b119e698d4d0bf30b616f109283.gcov is included (gcov file)...
(DEBUG) --> File is included.
(DEBUG) Check if /home/felipe/zephyrproject/zephyr-course/twister-out/pipe.c##e01e4f205ec8ebfd7bdfdf406d60a09e.gcov is included (trace)...
(DEBUG)   No filter matched.
(DEBUG) --> File is excluded.
(DEBUG) Finding source file corresponding to a gcov data file
  gcov_fname   /home/felipe/zephyrproject/zephyr-course/twister-out/pipe.c##e01e4f205ec8ebfd7bdfdf406d60a09e.gcov
  current_dir  /home/felipe/zephyrproject/zephyr-course/twister-out
  root         /home/felipe/zephyrproject/zephyr-course/app/modules/ring_buf
  starting_dir /home/felipe/zephyrproject/zephyr-course
  obj_dir      /home/felipe/zephyrproject/zephyr-course/twister-out
  gcda_fname   native_sim_native/host_gnu/zephyr-course/tests/ring_buf/homework.unit.ring_buf/zephyr/kernel/CMakeFiles/kernel.dir/pipe.c.gcno
  --> fname    /home/felipe/zephyrproject/zephyr/kernel/pipe.c
(DEBUG) Check if /home/felipe/zephyrproject/zephyr/kernel/pipe.c is included (source file)...
(DEBUG)   No filter matched.
(DEBUG) --> File is excluded.
(DEBUG) Check if /home/felipe/zephyrproject/zephyr-course/twister-out/timeout_q.h##90d851c3f83778dd36dd8b7e2ad60ead.gcov is included (trace)...
(DEBUG) --> File is excluded.
(DEBUG) Finding source file corresponding to a gcov data file
  gcov_fname   /home/felipe/zephyrproject/zephyr-course/twister-out/timeout_q.h##90d851c3f83778dd36dd8b7e2ad60ead.gcov
  current_dir  /home/felipe/zephyrproject/zephyr-course/twister-out
  root         /home/felipe/zephyrproject/zephyr-course/app/modules/ring_buf
  starting_dir /home/felipe/zephyrproject/zephyr-course
  obj_dir      /home/felipe/zephyrproject/zephyr-course/twister-out
  gcda_fname   native_sim_native/host_gnu/zephyr-course/tests/ring_buf/homework.unit.ring_buf/zephyr/kernel/CMakeFiles/kernel.dir/pipe.c.gcno
  --> fname    /home/felipe/zephyrproject/zephyr/kernel/include/timeout_q.h
(DEBUG) Check if /home/felipe/zephyrproject/zephyr/kernel/include/timeout_q.h is included (source file)...
(DEBUG) --> File is excluded.
(DEBUG) Check if /home/felipe/zephyrproject/zephyr-course/twister-out/kernel_arch_func.h##32b155e641adc9cd48584db3704df6c2.gcov is included (trace)...
(DEBUG) --> File is excluded.
(DEBUG) Finding source file corresponding to a gcov data file
  gcov_fname   /home/felipe/zephyrproject/zephyr-course/twister-out/kernel_arch_func.h##32b155e641adc9cd48584db3704df6c2.gcov
  current_dir  /home/felipe/zephyrproject/zephyr-course/twister-out
  root         /home/felipe/zephyrproject/zephyr-course/app/modules/ring_buf
  starting_dir /home/felipe/zephyrproject/zephyr-course
  obj_dir      /home/felipe/zephyrproject/zephyr-course/twister-out
  gcda_fname   native_sim_native/host_gnu/zephyr-course/tests/ring_buf/homework.unit.ring_buf/zephyr/kernel/CMakeFiles/kernel.dir/pipe.c.gcno
  --> fname    /home/felipe/zephyrproject/zephyr/arch/posix/include/kernel_arch_func.h
(DEBUG) Check if /home/felipe/zephyrproject/zephyr/arch/posix/include/kernel_arch_func.h is included (source file)...
(DEBUG) --> File is excluded.
(DEBUG) Check if /home/felipe/zephyrproject/zephyr-course/twister-out/kthread.h##9409f455419132bfc3b9c8e76c631198.gcov is included (trace)...
(DEBUG) --> File is excluded.
(DEBUG) Finding source file corresponding to a gcov data file
  gcov_fname   /home/felipe/zephyrproject/zephyr-course/twister-out/kthread.h##9409f455419132bfc3b9c8e76c631198.gcov
  current_dir  /home/felipe/zephyrproject/zephyr-course/twister-out
  root         /home/felipe/zephyrproject/zephyr-course/app/modules/ring_buf
  starting_dir /home/felipe/zephyrproject/zephyr-course
  obj_dir      /home/felipe/zephyrproject/zephyr-course/twister-out
  gcda_fname   native_sim_native/host_gnu/zephyr-course/tests/ring_buf/homework.unit.ring_buf/zephyr/kernel/CMakeFiles/kernel.dir/pipe.c.gcno
  --> fname    /home/felipe/zephyrproject/zephyr/kernel/include/kthread.h
(DEBUG) Check if /home/felipe/zephyrproject/zephyr/kernel/include/kthread.h is included (source file)...
(DEBUG) --> File is excluded.
(DEBUG) Check if /home/felipe/zephyrproject/zephyr-course/twister-out/ring_buffer.h##b7d6b57d4f25df1cf7a4d563678a77de.gcov is included (trace)...
(DEBUG) --> File is excluded.
(DEBUG) Finding source file corresponding to a gcov data file
  gcov_fname   /home/felipe/zephyrproject/zephyr-course/twister-out/ring_buffer.h##b7d6b57d4f25df1cf7a4d563678a77de.gcov
  current_dir  /home/felipe/zephyrproject/zephyr-course/twister-out
  root         /home/felipe/zephyrproject/zephyr-course/app/modules/ring_buf
  starting_dir /home/felipe/zephyrproject/zephyr-course
  obj_dir      /home/felipe/zephyrproject/zephyr-course/twister-out
  gcda_fname   native_sim_native/host_gnu/zephyr-course/tests/ring_buf/homework.unit.ring_buf/zephyr/kernel/CMakeFiles/kernel.dir/pipe.c.gcno
  --> fname    /home/felipe/zephyrproject/zephyr/include/zephyr/sys/ring_buffer.h
(DEBUG) Check if /home/felipe/zephyrproject/zephyr/include/zephyr/sys/ring_buffer.h is included (source file)...
(DEBUG) --> File is excluded.
(DEBUG) Check if /home/felipe/zephyrproject/zephyr-course/twister-out/kobject_internal.h##a8c30b7c0aaee4fff0317a3d8ddf7a57.gcov is included (trace)...
(DEBUG) --> File is excluded.
(DEBUG) Finding source file corresponding to a gcov data file
  gcov_fname   /home/felipe/zephyrproject/zephyr-course/twister-out/kobject_internal.h##a8c30b7c0aaee4fff0317a3d8ddf7a57.gcov
  current_dir  /home/felipe/zephyrproject/zephyr-course/twister-out
  root         /home/felipe/zephyrproject/zephyr-course/app/modules/ring_buf
  starting_dir /home/felipe/zephyrproject/zephyr-course
  obj_dir      /home/felipe/zephyrproject/zephyr-course/twister-out
  gcda_fname   native_sim_native/host_gnu/zephyr-course/tests/ring_buf/homework.unit.ring_buf/zephyr/kernel/CMakeFiles/kernel.dir/pipe.c.gcno
  --> fname    /home/felipe/zephyrproject/zephyr/include/zephyr/sys/internal/kobject_internal.h
(DEBUG) Check if /home/felipe/zephyrproject/zephyr/include/zephyr/sys/internal/kobject_internal.h is included (source file)...
(DEBUG) --> File is excluded.
(DEBUG) Check if /home/felipe/zephyrproject/zephyr-course/twister-out/wait_q.h##c55cb3824a8e32844a6026ec1729c33e.gcov is included (trace)...
(DEBUG) --> File is excluded.
(DEBUG) Finding source file corresponding to a gcov data file
  gcov_fname   /home/felipe/zephyrproject/zephyr-course/twister-out/wait_q.h##c55cb3824a8e32844a6026ec1729c33e.gcov
  current_dir  /home/felipe/zephyrproject/zephyr-course/twister-out
  root         /home/felipe/zephyrproject/zephyr-course/app/modules/ring_buf
  starting_dir /home/felipe/zephyrproject/zephyr-course
  obj_dir      /home/felipe/zephyrproject/zephyr-course/twister-out
  gcda_fname   native_sim_native/host_gnu/zephyr-course/tests/ring_buf/homework.unit.ring_buf/zephyr/kernel/CMakeFiles/kernel.dir/pipe.c.gcno
  --> fname    /home/felipe/zephyrproject/zephyr/kernel/include/wait_q.h
(DEBUG) Check if /home/felipe/zephyrproject/zephyr/kernel/include/wait_q.h is included (source file)...
(DEBUG) --> File is excluded.
(DEBUG) Check if /home/felipe/zephyrproject/zephyr-course/twister-out/ksched.h##0cebf465783caf800468063ad71827b7.gcov is included (trace)...
(DEBUG) --> File is excluded.
(DEBUG) Finding source file corresponding to a gcov data file
  gcov_fname   /home/felipe/zephyrproject/zephyr-course/twister-out/ksched.h##0cebf465783caf800468063ad71827b7.gcov
  current_dir  /home/felipe/zephyrproject/zephyr-course/twister-out
  root         /home/felipe/zephyrproject/zephyr-course/app/modules/ring_buf
  starting_dir /home/felipe/zephyrproject/zephyr-course
  obj_dir      /home/felipe/zephyrproject/zephyr-course/twister-out
  gcda_fname   native_sim_native/host_gnu/zephyr-course/tests/ring_buf/homework.unit.ring_buf/zephyr/kernel/CMakeFiles/kernel.dir/pipe.c.gcno
  --> fname    /home/felipe/zephyrproject/zephyr/kernel/include/ksched.h
(DEBUG) Check if /home/felipe/zephyrproject/zephyr/kernel/include/ksched.h is included (source file)...
(DEBUG) --> File is excluded.
(DEBUG) Check if /home/felipe/zephyrproject/zephyr-course/twister-out/arch.h##f17e3501b457fcbd947bf4189b99bd89.gcov is included (trace)...
(DEBUG) --> File is excluded.
(DEBUG) Finding source file corresponding to a gcov data file
  gcov_fname   /home/felipe/zephyrproject/zephyr-course/twister-out/arch.h##f17e3501b457fcbd947bf4189b99bd89.gcov
  current_dir  /home/felipe/zephyrproject/zephyr-course/twister-out
  root         /home/felipe/zephyrproject/zephyr-course/app/modules/ring_buf
  starting_dir /home/felipe/zephyrproject/zephyr-course
  obj_dir      /home/felipe/zephyrproject/zephyr-course/twister-out
  gcda_fname   native_sim_native/host_gnu/zephyr-course/tests/ring_buf/homework.unit.ring_buf/zephyr/kernel/CMakeFiles/kernel.dir/pipe.c.gcno
  --> fname    /home/felipe/zephyrproject/zephyr/include/zephyr/arch/posix/arch.h
(DEBUG) Check if /home/felipe/zephyrproject/zephyr/include/zephyr/arch/posix/arch.h is included (source file)...
(DEBUG) --> File is excluded.
(DEBUG) Check if /home/felipe/zephyrproject/zephyr-course/twister-out/dlist.h##0f388b119e698d4d0bf30b616f109283.gcov is included (trace)...
(DEBUG) --> File is excluded.
(DEBUG) Finding source file corresponding to a gcov data file
  gcov_fname   /home/felipe/zephyrproject/zephyr-course/twister-out/dlist.h##0f388b119e698d4d0bf30b616f109283.gcov
  current_dir  /home/felipe/zephyrproject/zephyr-course/twister-out
  root         /home/felipe/zephyrproject/zephyr-course/app/modules/ring_buf
  starting_dir /home/felipe/zephyrproject/zephyr-course
  obj_dir      /home/felipe/zephyrproject/zephyr-course/twister-out
  gcda_fname   native_sim_native/host_gnu/zephyr-course/tests/ring_buf/homework.unit.ring_buf/zephyr/kernel/CMakeFiles/kernel.dir/pipe.c.gcno
  --> fname    /home/felipe/zephyrproject/zephyr/include/zephyr/sys/dlist.h
(DEBUG) Check if /home/felipe/zephyrproject/zephyr/include/zephyr/sys/dlist.h is included (source file)...
(DEBUG) --> File is excluded.
(DEBUG) Check if /home/felipe/zephyrproject/zephyr-course/twister-out/priority_q.h##b43b8b9793e0b1f450fbd5ad330f5149.gcov is included (trace)...
(DEBUG) --> File is excluded.
(DEBUG) Finding source file corresponding to a gcov data file
  gcov_fname   /home/felipe/zephyrproject/zephyr-course/twister-out/priority_q.h##b43b8b9793e0b1f450fbd5ad330f5149.gcov
  current_dir  /home/felipe/zephyrproject/zephyr-course/twister-out
  root         /home/felipe/zephyrproject/zephyr-course/app/modules/ring_buf
  starting_dir /home/felipe/zephyrproject/zephyr-course
  obj_dir      /home/felipe/zephyrproject/zephyr-course/twister-out
  gcda_fname   native_sim_native/host_gnu/zephyr-course/tests/ring_buf/homework.unit.ring_buf/zephyr/kernel/CMakeFiles/kernel.dir/pipe.c.gcno
  --> fname    /home/felipe/zephyrproject/zephyr/kernel/include/priority_q.h
(DEBUG) Check if /home/felipe/zephyrproject/zephyr/kernel/include/priority_q.h is included (source file)...
(DEBUG) --> File is excluded.
(DEBUG) Check if /home/felipe/zephyrproject/zephyr-course/twister-out/spinlock.h##d07917f143d2ca5ff94f2d220e528568.gcov is included (trace)...
(DEBUG) --> File is excluded.
(DEBUG) Finding source file corresponding to a gcov data file
  gcov_fname   /home/felipe/zephyrproject/zephyr-course/twister-out/spinlock.h##d07917f143d2ca5ff94f2d220e528568.gcov
  current_dir  /home/felipe/zephyrproject/zephyr-course/twister-out
  root         /home/felipe/zephyrproject/zephyr-course/app/modules/ring_buf
  starting_dir /home/felipe/zephyrproject/zephyr-course
  obj_dir      /home/felipe/zephyrproject/zephyr-course/twister-out
  gcda_fname   native_sim_native/host_gnu/zephyr-course/tests/ring_buf/homework.unit.ring_buf/zephyr/kernel/CMakeFiles/kernel.dir/pipe.c.gcno
  --> fname    /home/felipe/zephyrproject/zephyr/include/zephyr/spinlock.h
(DEBUG) Check if /home/felipe/zephyrproject/zephyr/include/zephyr/spinlock.h is included (source file)...
(DEBUG) --> File is excluded.
(DEBUG) Check if /home/felipe/zephyrproject/zephyr-course/twister-out/kernel_internal.h##3b95e9c6edb7551da96548b3f2925c98.gcov is included (trace)...
(DEBUG) --> File is excluded.
(DEBUG) Finding source file corresponding to a gcov data file
  gcov_fname   /home/felipe/zephyrproject/zephyr-course/twister-out/kernel_internal.h##3b95e9c6edb7551da96548b3f2925c98.gcov
  current_dir  /home/felipe/zephyrproject/zephyr-course/twister-out
  root         /home/felipe/zephyrproject/zephyr-course/app/modules/ring_buf
  starting_dir /home/felipe/zephyrproject/zephyr-course
  obj_dir      /home/felipe/zephyrproject/zephyr-course/twister-out
  gcda_fname   native_sim_native/host_gnu/zephyr-course/tests/ring_buf/homework.unit.ring_buf/zephyr/kernel/CMakeFiles/kernel.dir/pipe.c.gcno
  --> fname    /home/felipe/zephyrproject/zephyr/kernel/include/kernel_internal.h
(DEBUG) Check if /home/felipe/zephyrproject/zephyr/kernel/include/kernel_internal.h is included (source file)...
(DEBUG) --> File is excluded.
(DEBUG) Check if /home/felipe/zephyrproject/zephyr-course/twister-out/native_sim_native/host_gnu/zephyr-course/tests/ring_buf/homework.unit.ring_buf/zephyr/kernel/CMakeFiles/kernel.dir/queue.c.gcno is included (trace)...
(DEBUG)   No filter matched.
(DEBUG) --> File is excluded.
(DEBUG) Check if /home/felipe/zephyrproject/zephyr-course/twister-out/native_sim_native/host_gnu/zephyr-course/tests/ring_buf/homework.unit.ring_buf/zephyr/kernel/CMakeFiles/kernel.dir/queue.c.gcno is included (trace)...
(DEBUG) --> File is excluded.
(DEBUG) Check if queue.c##9b61d67679838c81f9d507b61c71ba97.gcov is included (gcov file)...
(DEBUG)   Filter AlwaysMatchFilter() matched.
(DEBUG) --> File is included.
(DEBUG) Check if ksched.h##0cebf465783caf800468063ad71827b7.gcov is included (gcov file)...
(DEBUG) --> File is included.
(DEBUG) Check if kernel_internal.h##3b95e9c6edb7551da96548b3f2925c98.gcov is included (gcov file)...
(DEBUG) --> File is included.
(DEBUG) Check if kthread.h##9409f455419132bfc3b9c8e76c631198.gcov is included (gcov file)...
(DEBUG) --> File is included.
(DEBUG) Check if kernel_arch_func.h##32b155e641adc9cd48584db3704df6c2.gcov is included (gcov file)...
(DEBUG) --> File is included.
(DEBUG) Check if wait_q.h##c55cb3824a8e32844a6026ec1729c33e.gcov is included (gcov file)...
(DEBUG) --> File is included.
(DEBUG) Check if priority_q.h##b43b8b9793e0b1f450fbd5ad330f5149.gcov is included (gcov file)...
(DEBUG) --> File is included.
(DEBUG) Check if timeout_q.h##90d851c3f83778dd36dd8b7e2ad60ead.gcov is included (gcov file)...
(DEBUG) --> File is included.
(DEBUG) Check if kobject_internal.h##a8c30b7c0aaee4fff0317a3d8ddf7a57.gcov is included (gcov file)...
(DEBUG) --> File is included.
(DEBUG) Check if spinlock.h##d07917f143d2ca5ff94f2d220e528568.gcov is included (gcov file)...
(DEBUG) --> File is included.
(DEBUG) Check if arch.h##f17e3501b457fcbd947bf4189b99bd89.gcov is included (gcov file)...
(DEBUG) --> File is included.
(DEBUG) Check if sflist.h##b50443e9e3233953e126788c098ae4a3.gcov is included (gcov file)...
(DEBUG)   Filter AlwaysMatchFilter() matched.
(DEBUG) --> File is included.
(DEBUG) Check if slist.h##4bdeeab80e1bf2535336b5f908d5f4f0.gcov is included (gcov file)...
(DEBUG) --> File is included.
(DEBUG) Check if dlist.h##0f388b119e698d4d0bf30b616f109283.gcov is included (gcov file)...
(DEBUG) --> File is included.
(DEBUG) Check if /home/felipe/zephyrproject/zephyr-course/twister-out/timeout_q.h##90d851c3f83778dd36dd8b7e2ad60ead.gcov is included (trace)...
(DEBUG) --> File is excluded.
(DEBUG) Finding source file corresponding to a gcov data file
  gcov_fname   /home/felipe/zephyrproject/zephyr-course/twister-out/timeout_q.h##90d851c3f83778dd36dd8b7e2ad60ead.gcov
  current_dir  /home/felipe/zephyrproject/zephyr-course/twister-out
  root         /home/felipe/zephyrproject/zephyr-course/app/modules/ring_buf
  starting_dir /home/felipe/zephyrproject/zephyr-course
  obj_dir      /home/felipe/zephyrproject/zephyr-course/twister-out
  gcda_fname   native_sim_native/host_gnu/zephyr-course/tests/ring_buf/homework.unit.ring_buf/zephyr/kernel/CMakeFiles/kernel.dir/queue.c.gcno
  --> fname    /home/felipe/zephyrproject/zephyr/kernel/include/timeout_q.h
(DEBUG) Check if /home/felipe/zephyrproject/zephyr/kernel/include/timeout_q.h is included (source file)...
(DEBUG) --> File is excluded.
(DEBUG) Check if /home/felipe/zephyrproject/zephyr-course/twister-out/kernel_arch_func.h##32b155e641adc9cd48584db3704df6c2.gcov is included (trace)...
(DEBUG) --> File is excluded.
(DEBUG) Finding source file corresponding to a gcov data file
  gcov_fname   /home/felipe/zephyrproject/zephyr-course/twister-out/kernel_arch_func.h##32b155e641adc9cd48584db3704df6c2.gcov
  current_dir  /home/felipe/zephyrproject/zephyr-course/twister-out
  root         /home/felipe/zephyrproject/zephyr-course/app/modules/ring_buf
  starting_dir /home/felipe/zephyrproject/zephyr-course
  obj_dir      /home/felipe/zephyrproject/zephyr-course/twister-out
  gcda_fname   native_sim_native/host_gnu/zephyr-course/tests/ring_buf/homework.unit.ring_buf/zephyr/kernel/CMakeFiles/kernel.dir/queue.c.gcno
  --> fname    /home/felipe/zephyrproject/zephyr/arch/posix/include/kernel_arch_func.h
(DEBUG) Check if /home/felipe/zephyrproject/zephyr/arch/posix/include/kernel_arch_func.h is included (source file)...
(DEBUG) --> File is excluded.
(DEBUG) Check if /home/felipe/zephyrproject/zephyr-course/twister-out/kobject_internal.h##a8c30b7c0aaee4fff0317a3d8ddf7a57.gcov is included (trace)...
(DEBUG) --> File is excluded.
(DEBUG) Finding source file corresponding to a gcov data file
  gcov_fname   /home/felipe/zephyrproject/zephyr-course/twister-out/kobject_internal.h##a8c30b7c0aaee4fff0317a3d8ddf7a57.gcov
  current_dir  /home/felipe/zephyrproject/zephyr-course/twister-out
  root         /home/felipe/zephyrproject/zephyr-course/app/modules/ring_buf
  starting_dir /home/felipe/zephyrproject/zephyr-course
  obj_dir      /home/felipe/zephyrproject/zephyr-course/twister-out
  gcda_fname   native_sim_native/host_gnu/zephyr-course/tests/ring_buf/homework.unit.ring_buf/zephyr/kernel/CMakeFiles/kernel.dir/queue.c.gcno
  --> fname    /home/felipe/zephyrproject/zephyr/include/zephyr/sys/internal/kobject_internal.h
(DEBUG) Check if /home/felipe/zephyrproject/zephyr/include/zephyr/sys/internal/kobject_internal.h is included (source file)...
(DEBUG) --> File is excluded.
(DEBUG) Check if /home/felipe/zephyrproject/zephyr-course/twister-out/kthread.h##9409f455419132bfc3b9c8e76c631198.gcov is included (trace)...
(DEBUG) --> File is excluded.
(DEBUG) Finding source file corresponding to a gcov data file
  gcov_fname   /home/felipe/zephyrproject/zephyr-course/twister-out/kthread.h##9409f455419132bfc3b9c8e76c631198.gcov
  current_dir  /home/felipe/zephyrproject/zephyr-course/twister-out
  root         /home/felipe/zephyrproject/zephyr-course/app/modules/ring_buf
  starting_dir /home/felipe/zephyrproject/zephyr-course
  obj_dir      /home/felipe/zephyrproject/zephyr-course/twister-out
  gcda_fname   native_sim_native/host_gnu/zephyr-course/tests/ring_buf/homework.unit.ring_buf/zephyr/kernel/CMakeFiles/kernel.dir/queue.c.gcno
  --> fname    /home/felipe/zephyrproject/zephyr/kernel/include/kthread.h
(DEBUG) Check if /home/felipe/zephyrproject/zephyr/kernel/include/kthread.h is included (source file)...
(DEBUG) --> File is excluded.
(DEBUG) Check if /home/felipe/zephyrproject/zephyr-course/twister-out/dlist.h##0f388b119e698d4d0bf30b616f109283.gcov is included (trace)...
(DEBUG) --> File is excluded.
(DEBUG) Finding source file corresponding to a gcov data file
  gcov_fname   /home/felipe/zephyrproject/zephyr-course/twister-out/dlist.h##0f388b119e698d4d0bf30b616f109283.gcov
  current_dir  /home/felipe/zephyrproject/zephyr-course/twister-out
  root         /home/felipe/zephyrproject/zephyr-course/app/modules/ring_buf
  starting_dir /home/felipe/zephyrproject/zephyr-course
  obj_dir      /home/felipe/zephyrproject/zephyr-course/twister-out
  gcda_fname   native_sim_native/host_gnu/zephyr-course/tests/ring_buf/homework.unit.ring_buf/zephyr/kernel/CMakeFiles/kernel.dir/queue.c.gcno
  --> fname    /home/felipe/zephyrproject/zephyr/include/zephyr/sys/dlist.h
(DEBUG) Check if /home/felipe/zephyrproject/zephyr/include/zephyr/sys/dlist.h is included (source file)...
(DEBUG) --> File is excluded.
(DEBUG) Check if /home/felipe/zephyrproject/zephyr-course/twister-out/wait_q.h##c55cb3824a8e32844a6026ec1729c33e.gcov is included (trace)...
(DEBUG) --> File is excluded.
(DEBUG) Finding source file corresponding to a gcov data file
  gcov_fname   /home/felipe/zephyrproject/zephyr-course/twister-out/wait_q.h##c55cb3824a8e32844a6026ec1729c33e.gcov
  current_dir  /home/felipe/zephyrproject/zephyr-course/twister-out
  root         /home/felipe/zephyrproject/zephyr-course/app/modules/ring_buf
  starting_dir /home/felipe/zephyrproject/zephyr-course
  obj_dir      /home/felipe/zephyrproject/zephyr-course/twister-out
  gcda_fname   native_sim_native/host_gnu/zephyr-course/tests/ring_buf/homework.unit.ring_buf/zephyr/kernel/CMakeFiles/kernel.dir/queue.c.gcno
  --> fname    /home/felipe/zephyrproject/zephyr/kernel/include/wait_q.h
(DEBUG) Check if /home/felipe/zephyrproject/zephyr/kernel/include/wait_q.h is included (source file)...
(DEBUG) --> File is excluded.
(DEBUG) Check if /home/felipe/zephyrproject/zephyr-course/twister-out/ksched.h##0cebf465783caf800468063ad71827b7.gcov is included (trace)...
(DEBUG) --> File is excluded.
(DEBUG) Finding source file corresponding to a gcov data file
  gcov_fname   /home/felipe/zephyrproject/zephyr-course/twister-out/ksched.h##0cebf465783caf800468063ad71827b7.gcov
  current_dir  /home/felipe/zephyrproject/zephyr-course/twister-out
  root         /home/felipe/zephyrproject/zephyr-course/app/modules/ring_buf
  starting_dir /home/felipe/zephyrproject/zephyr-course
  obj_dir      /home/felipe/zephyrproject/zephyr-course/twister-out
  gcda_fname   native_sim_native/host_gnu/zephyr-course/tests/ring_buf/homework.unit.ring_buf/zephyr/kernel/CMakeFiles/kernel.dir/queue.c.gcno
  --> fname    /home/felipe/zephyrproject/zephyr/kernel/include/ksched.h
(DEBUG) Check if /home/felipe/zephyrproject/zephyr/kernel/include/ksched.h is included (source file)...
(DEBUG) --> File is excluded.
(DEBUG) Check if /home/felipe/zephyrproject/zephyr-course/twister-out/arch.h##f17e3501b457fcbd947bf4189b99bd89.gcov is included (trace)...
(DEBUG) --> File is excluded.
(DEBUG) Finding source file corresponding to a gcov data file
  gcov_fname   /home/felipe/zephyrproject/zephyr-course/twister-out/arch.h##f17e3501b457fcbd947bf4189b99bd89.gcov
  current_dir  /home/felipe/zephyrproject/zephyr-course/twister-out
  root         /home/felipe/zephyrproject/zephyr-course/app/modules/ring_buf
  starting_dir /home/felipe/zephyrproject/zephyr-course
  obj_dir      /home/felipe/zephyrproject/zephyr-course/twister-out
  gcda_fname   native_sim_native/host_gnu/zephyr-course/tests/ring_buf/homework.unit.ring_buf/zephyr/kernel/CMakeFiles/kernel.dir/queue.c.gcno
  --> fname    /home/felipe/zephyrproject/zephyr/include/zephyr/arch/posix/arch.h
(DEBUG) Check if /home/felipe/zephyrproject/zephyr/include/zephyr/arch/posix/arch.h is included (source file)...
(DEBUG) --> File is excluded.
(DEBUG) Check if /home/felipe/zephyrproject/zephyr-course/twister-out/slist.h##4bdeeab80e1bf2535336b5f908d5f4f0.gcov is included (trace)...
(DEBUG) --> File is excluded.
(DEBUG) Finding source file corresponding to a gcov data file
  gcov_fname   /home/felipe/zephyrproject/zephyr-course/twister-out/slist.h##4bdeeab80e1bf2535336b5f908d5f4f0.gcov
  current_dir  /home/felipe/zephyrproject/zephyr-course/twister-out
  root         /home/felipe/zephyrproject/zephyr-course/app/modules/ring_buf
  starting_dir /home/felipe/zephyrproject/zephyr-course
  obj_dir      /home/felipe/zephyrproject/zephyr-course/twister-out
  gcda_fname   native_sim_native/host_gnu/zephyr-course/tests/ring_buf/homework.unit.ring_buf/zephyr/kernel/CMakeFiles/kernel.dir/queue.c.gcno
  --> fname    /home/felipe/zephyrproject/zephyr/include/zephyr/sys/slist.h
(DEBUG) Check if /home/felipe/zephyrproject/zephyr/include/zephyr/sys/slist.h is included (source file)...
(DEBUG) --> File is excluded.
(DEBUG) Check if /home/felipe/zephyrproject/zephyr-course/twister-out/priority_q.h##b43b8b9793e0b1f450fbd5ad330f5149.gcov is included (trace)...
(DEBUG) --> File is excluded.
(DEBUG) Finding source file corresponding to a gcov data file
  gcov_fname   /home/felipe/zephyrproject/zephyr-course/twister-out/priority_q.h##b43b8b9793e0b1f450fbd5ad330f5149.gcov
  current_dir  /home/felipe/zephyrproject/zephyr-course/twister-out
  root         /home/felipe/zephyrproject/zephyr-course/app/modules/ring_buf
  starting_dir /home/felipe/zephyrproject/zephyr-course
  obj_dir      /home/felipe/zephyrproject/zephyr-course/twister-out
  gcda_fname   native_sim_native/host_gnu/zephyr-course/tests/ring_buf/homework.unit.ring_buf/zephyr/kernel/CMakeFiles/kernel.dir/queue.c.gcno
  --> fname    /home/felipe/zephyrproject/zephyr/kernel/include/priority_q.h
(DEBUG) Check if /home/felipe/zephyrproject/zephyr/kernel/include/priority_q.h is included (source file)...
(DEBUG) --> File is excluded.
(DEBUG) Check if /home/felipe/zephyrproject/zephyr-course/twister-out/spinlock.h##d07917f143d2ca5ff94f2d220e528568.gcov is included (trace)...
(DEBUG) --> File is excluded.
(DEBUG) Finding source file corresponding to a gcov data file
  gcov_fname   /home/felipe/zephyrproject/zephyr-course/twister-out/spinlock.h##d07917f143d2ca5ff94f2d220e528568.gcov
  current_dir  /home/felipe/zephyrproject/zephyr-course/twister-out
  root         /home/felipe/zephyrproject/zephyr-course/app/modules/ring_buf
  starting_dir /home/felipe/zephyrproject/zephyr-course
  obj_dir      /home/felipe/zephyrproject/zephyr-course/twister-out
  gcda_fname   native_sim_native/host_gnu/zephyr-course/tests/ring_buf/homework.unit.ring_buf/zephyr/kernel/CMakeFiles/kernel.dir/queue.c.gcno
  --> fname    /home/felipe/zephyrproject/zephyr/include/zephyr/spinlock.h
(DEBUG) Check if /home/felipe/zephyrproject/zephyr/include/zephyr/spinlock.h is included (source file)...
(DEBUG) --> File is excluded.
(DEBUG) Check if /home/felipe/zephyrproject/zephyr-course/twister-out/queue.c##9b61d67679838c81f9d507b61c71ba97.gcov is included (trace)...
(DEBUG)   No filter matched.
(DEBUG) --> File is excluded.
(DEBUG) Finding source file corresponding to a gcov data file
  gcov_fname   /home/felipe/zephyrproject/zephyr-course/twister-out/queue.c##9b61d67679838c81f9d507b61c71ba97.gcov
  current_dir  /home/felipe/zephyrproject/zephyr-course/twister-out
  root         /home/felipe/zephyrproject/zephyr-course/app/modules/ring_buf
  starting_dir /home/felipe/zephyrproject/zephyr-course
  obj_dir      /home/felipe/zephyrproject/zephyr-course/twister-out
  gcda_fname   native_sim_native/host_gnu/zephyr-course/tests/ring_buf/homework.unit.ring_buf/zephyr/kernel/CMakeFiles/kernel.dir/queue.c.gcno
  --> fname    /home/felipe/zephyrproject/zephyr/kernel/queue.c
(DEBUG) Check if /home/felipe/zephyrproject/zephyr/kernel/queue.c is included (source file)...
(DEBUG)   No filter matched.
(DEBUG) --> File is excluded.
(DEBUG) Check if /home/felipe/zephyrproject/zephyr-course/twister-out/sflist.h##b50443e9e3233953e126788c098ae4a3.gcov is included (trace)...
(DEBUG)   No filter matched.
(DEBUG) --> File is excluded.
(DEBUG) Finding source file corresponding to a gcov data file
  gcov_fname   /home/felipe/zephyrproject/zephyr-course/twister-out/sflist.h##b50443e9e3233953e126788c098ae4a3.gcov
  current_dir  /home/felipe/zephyrproject/zephyr-course/twister-out
  root         /home/felipe/zephyrproject/zephyr-course/app/modules/ring_buf
  starting_dir /home/felipe/zephyrproject/zephyr-course
  obj_dir      /home/felipe/zephyrproject/zephyr-course/twister-out
  gcda_fname   native_sim_native/host_gnu/zephyr-course/tests/ring_buf/homework.unit.ring_buf/zephyr/kernel/CMakeFiles/kernel.dir/queue.c.gcno
  --> fname    /home/felipe/zephyrproject/zephyr/include/zephyr/sys/sflist.h
(DEBUG) Check if /home/felipe/zephyrproject/zephyr/include/zephyr/sys/sflist.h is included (source file)...
(DEBUG)   No filter matched.
(DEBUG) --> File is excluded.
(DEBUG) Check if /home/felipe/zephyrproject/zephyr-course/twister-out/kernel_internal.h##3b95e9c6edb7551da96548b3f2925c98.gcov is included (trace)...
(DEBUG) --> File is excluded.
(DEBUG) Finding source file corresponding to a gcov data file
  gcov_fname   /home/felipe/zephyrproject/zephyr-course/twister-out/kernel_internal.h##3b95e9c6edb7551da96548b3f2925c98.gcov
  current_dir  /home/felipe/zephyrproject/zephyr-course/twister-out
  root         /home/felipe/zephyrproject/zephyr-course/app/modules/ring_buf
  starting_dir /home/felipe/zephyrproject/zephyr-course
  obj_dir      /home/felipe/zephyrproject/zephyr-course/twister-out
  gcda_fname   native_sim_native/host_gnu/zephyr-course/tests/ring_buf/homework.unit.ring_buf/zephyr/kernel/CMakeFiles/kernel.dir/queue.c.gcno
  --> fname    /home/felipe/zephyrproject/zephyr/kernel/include/kernel_internal.h
(DEBUG) Check if /home/felipe/zephyrproject/zephyr/kernel/include/kernel_internal.h is included (source file)...
(DEBUG) --> File is excluded.
(DEBUG) Check if /home/felipe/zephyrproject/zephyr-course/twister-out/native_sim_native/host_gnu/zephyr-course/tests/ring_buf/homework.unit.ring_buf/zephyr/kernel/CMakeFiles/kernel.dir/sched.c.gcda is included (trace)...
(DEBUG)   No filter matched.
(DEBUG) --> File is excluded.
(DEBUG) Check if /home/felipe/zephyrproject/zephyr-course/twister-out/native_sim_native/host_gnu/zephyr-course/tests/ring_buf/homework.unit.ring_buf/zephyr/kernel/CMakeFiles/kernel.dir/sched.c.gcda is included (trace)...
(DEBUG) --> File is excluded.
(DEBUG) Check if sched.c##da0229733c6ed037fd0f935306196fde.gcov is included (gcov file)...
(DEBUG)   Filter AlwaysMatchFilter() matched.
(DEBUG) --> File is included.
(DEBUG) Check if log_msg.h##8e71b5010d1ef358ceb2fe0042f1ff82.gcov is included (gcov file)...
(DEBUG) --> File is included.
(DEBUG) Check if kswap.h##4cdb6ee45e09bab001793a605d74fb66.gcov is included (gcov file)...
(DEBUG) --> File is included.
(DEBUG) Check if wait_q.h##c55cb3824a8e32844a6026ec1729c33e.gcov is included (gcov file)...
(DEBUG) --> File is included.
(DEBUG) Check if ksched.h##0cebf465783caf800468063ad71827b7.gcov is included (gcov file)...
(DEBUG) --> File is included.
(DEBUG) Check if priority_q.h##b43b8b9793e0b1f450fbd5ad330f5149.gcov is included (gcov file)...
(DEBUG) --> File is included.
(DEBUG) Check if kernel_internal.h##3b95e9c6edb7551da96548b3f2925c98.gcov is included (gcov file)...
(DEBUG) --> File is included.
(DEBUG) Check if kthread.h##9409f455419132bfc3b9c8e76c631198.gcov is included (gcov file)...
(DEBUG) --> File is included.
(DEBUG) Check if timeout_q.h##90d851c3f83778dd36dd8b7e2ad60ead.gcov is included (gcov file)...
(DEBUG) --> File is included.
(DEBUG) Check if kernel_arch_func.h##32b155e641adc9cd48584db3704df6c2.gcov is included (gcov file)...
(DEBUG) --> File is included.
(DEBUG) Check if kernel.h##02fe483cd34741e407932cea525697b1.gcov is included (gcov file)...
(DEBUG) --> File is included.
(DEBUG) Check if kernel.h##8118239d1ec13e308e040c6439814b34.gcov is included (gcov file)...
(DEBUG) --> File is included.
(DEBUG) Check if spinlock.h##d07917f143d2ca5ff94f2d220e528568.gcov is included (gcov file)...
(DEBUG) --> File is included.
(DEBUG) Check if arch.h##f17e3501b457fcbd947bf4189b99bd89.gcov is included (gcov file)...
(DEBUG) --> File is included.
(DEBUG) Check if syscall.h##8128d8185b27548b9f11ce6707adf377.gcov is included (gcov file)...
(DEBUG) --> File is included.
(DEBUG) Check if dlist.h##0f388b119e698d4d0bf30b616f109283.gcov is included (gcov file)...
(DEBUG) --> File is included.
(DEBUG) Check if /home/felipe/zephyrproject/zephyr-course/twister-out/kernel_internal.h##3b95e9c6edb7551da96548b3f2925c98.gcov is included (trace)...
(DEBUG) --> File is excluded.
(DEBUG) Finding source file corresponding to a gcov data file
  gcov_fname   /home/felipe/zephyrproject/zephyr-course/twister-out/kernel_internal.h##3b95e9c6edb7551da96548b3f2925c98.gcov
  current_dir  /home/felipe/zephyrproject/zephyr-course/twister-out
  root         /home/felipe/zephyrproject/zephyr-course/app/modules/ring_buf
  starting_dir /home/felipe/zephyrproject/zephyr-course
  obj_dir      /home/felipe/zephyrproject/zephyr-course/twister-out
  gcda_fname   native_sim_native/host_gnu/zephyr-course/tests/ring_buf/homework.unit.ring_buf/zephyr/kernel/CMakeFiles/kernel.dir/sched.c.gcda
  --> fname    /home/felipe/zephyrproject/zephyr/kernel/include/kernel_internal.h
(DEBUG) Check if /home/felipe/zephyrproject/zephyr/kernel/include/kernel_internal.h is included (source file)...
(DEBUG) --> File is excluded.
(DEBUG) Check if /home/felipe/zephyrproject/zephyr-course/twister-out/timeout_q.h##90d851c3f83778dd36dd8b7e2ad60ead.gcov is included (trace)...
(DEBUG) --> File is excluded.
(DEBUG) Finding source file corresponding to a gcov data file
  gcov_fname   /home/felipe/zephyrproject/zephyr-course/twister-out/timeout_q.h##90d851c3f83778dd36dd8b7e2ad60ead.gcov
  current_dir  /home/felipe/zephyrproject/zephyr-course/twister-out
  root         /home/felipe/zephyrproject/zephyr-course/app/modules/ring_buf
  starting_dir /home/felipe/zephyrproject/zephyr-course
  obj_dir      /home/felipe/zephyrproject/zephyr-course/twister-out
  gcda_fname   native_sim_native/host_gnu/zephyr-course/tests/ring_buf/homework.unit.ring_buf/zephyr/kernel/CMakeFiles/kernel.dir/sched.c.gcda
  --> fname    /home/felipe/zephyrproject/zephyr/kernel/include/timeout_q.h
(DEBUG) Check if /home/felipe/zephyrproject/zephyr/kernel/include/timeout_q.h is included (source file)...
(DEBUG) --> File is excluded.
(DEBUG) Check if /home/felipe/zephyrproject/zephyr-course/twister-out/kernel_arch_func.h##32b155e641adc9cd48584db3704df6c2.gcov is included (trace)...
(DEBUG) --> File is excluded.
(DEBUG) Finding source file corresponding to a gcov data file
  gcov_fname   /home/felipe/zephyrproject/zephyr-course/twister-out/kernel_arch_func.h##32b155e641adc9cd48584db3704df6c2.gcov
  current_dir  /home/felipe/zephyrproject/zephyr-course/twister-out
  root         /home/felipe/zephyrproject/zephyr-course/app/modules/ring_buf
  starting_dir /home/felipe/zephyrproject/zephyr-course
  obj_dir      /home/felipe/zephyrproject/zephyr-course/twister-out
  gcda_fname   native_sim_native/host_gnu/zephyr-course/tests/ring_buf/homework.unit.ring_buf/zephyr/kernel/CMakeFiles/kernel.dir/sched.c.gcda
  --> fname    /home/felipe/zephyrproject/zephyr/arch/posix/include/kernel_arch_func.h
(DEBUG) Check if /home/felipe/zephyrproject/zephyr/arch/posix/include/kernel_arch_func.h is included (source file)...
(DEBUG) --> File is excluded.
(DEBUG) Check if /home/felipe/zephyrproject/zephyr-course/twister-out/kernel.h##02fe483cd34741e407932cea525697b1.gcov is included (trace)...
(DEBUG) --> File is excluded.
(DEBUG) Finding source file corresponding to a gcov data file
  gcov_fname   /home/felipe/zephyrproject/zephyr-course/twister-out/kernel.h##02fe483cd34741e407932cea525697b1.gcov
  current_dir  /home/felipe/zephyrproject/zephyr-course/twister-out
  root         /home/felipe/zephyrproject/zephyr-course/app/modules/ring_buf
  starting_dir /home/felipe/zephyrproject/zephyr-course
  obj_dir      /home/felipe/zephyrproject/zephyr-course/twister-out
  gcda_fname   native_sim_native/host_gnu/zephyr-course/tests/ring_buf/homework.unit.ring_buf/zephyr/kernel/CMakeFiles/kernel.dir/sched.c.gcda
  --> fname    /home/felipe/zephyrproject/zephyr-course/twister-out/native_sim_native/host_gnu/zephyr-course/tests/ring_buf/homework.unit.ring_buf/zephyr/include/generated/zephyr/syscalls/kernel.h
(DEBUG) Check if /home/felipe/zephyrproject/zephyr-course/twister-out/native_sim_native/host_gnu/zephyr-course/tests/ring_buf/homework.unit.ring_buf/zephyr/include/generated/zephyr/syscalls/kernel.h is included (source file)...
(DEBUG) --> File is excluded.
(DEBUG) Check if /home/felipe/zephyrproject/zephyr-course/twister-out/kthread.h##9409f455419132bfc3b9c8e76c631198.gcov is included (trace)...
(DEBUG) --> File is excluded.
(DEBUG) Finding source file corresponding to a gcov data file
  gcov_fname   /home/felipe/zephyrproject/zephyr-course/twister-out/kthread.h##9409f455419132bfc3b9c8e76c631198.gcov
  current_dir  /home/felipe/zephyrproject/zephyr-course/twister-out
  root         /home/felipe/zephyrproject/zephyr-course/app/modules/ring_buf
  starting_dir /home/felipe/zephyrproject/zephyr-course
  obj_dir      /home/felipe/zephyrproject/zephyr-course/twister-out
  gcda_fname   native_sim_native/host_gnu/zephyr-course/tests/ring_buf/homework.unit.ring_buf/zephyr/kernel/CMakeFiles/kernel.dir/sched.c.gcda
  --> fname    /home/felipe/zephyrproject/zephyr/kernel/include/kthread.h
(DEBUG) Check if /home/felipe/zephyrproject/zephyr/kernel/include/kthread.h is included (source file)...
(DEBUG) --> File is excluded.
(DEBUG) Check if /home/felipe/zephyrproject/zephyr-course/twister-out/dlist.h##0f388b119e698d4d0bf30b616f109283.gcov is included (trace)...
(DEBUG) --> File is excluded.
(DEBUG) Finding source file corresponding to a gcov data file
  gcov_fname   /home/felipe/zephyrproject/zephyr-course/twister-out/dlist.h##0f388b119e698d4d0bf30b616f109283.gcov
  current_dir  /home/felipe/zephyrproject/zephyr-course/twister-out
  root         /home/felipe/zephyrproject/zephyr-course/app/modules/ring_buf
  starting_dir /home/felipe/zephyrproject/zephyr-course
  obj_dir      /home/felipe/zephyrproject/zephyr-course/twister-out
  gcda_fname   native_sim_native/host_gnu/zephyr-course/tests/ring_buf/homework.unit.ring_buf/zephyr/kernel/CMakeFiles/kernel.dir/sched.c.gcda
  --> fname    /home/felipe/zephyrproject/zephyr/include/zephyr/sys/dlist.h
(DEBUG) Check if /home/felipe/zephyrproject/zephyr/include/zephyr/sys/dlist.h is included (source file)...
(DEBUG) --> File is excluded.
(DEBUG) Check if /home/felipe/zephyrproject/zephyr-course/twister-out/wait_q.h##c55cb3824a8e32844a6026ec1729c33e.gcov is included (trace)...
(DEBUG) --> File is excluded.
(DEBUG) Finding source file corresponding to a gcov data file
  gcov_fname   /home/felipe/zephyrproject/zephyr-course/twister-out/wait_q.h##c55cb3824a8e32844a6026ec1729c33e.gcov
  current_dir  /home/felipe/zephyrproject/zephyr-course/twister-out
  root         /home/felipe/zephyrproject/zephyr-course/app/modules/ring_buf
  starting_dir /home/felipe/zephyrproject/zephyr-course
  obj_dir      /home/felipe/zephyrproject/zephyr-course/twister-out
  gcda_fname   native_sim_native/host_gnu/zephyr-course/tests/ring_buf/homework.unit.ring_buf/zephyr/kernel/CMakeFiles/kernel.dir/sched.c.gcda
  --> fname    /home/felipe/zephyrproject/zephyr/kernel/include/wait_q.h
(DEBUG) Check if /home/felipe/zephyrproject/zephyr/kernel/include/wait_q.h is included (source file)...
(DEBUG) --> File is excluded.
(DEBUG) Check if /home/felipe/zephyrproject/zephyr-course/twister-out/arch.h##f17e3501b457fcbd947bf4189b99bd89.gcov is included (trace)...
(DEBUG) --> File is excluded.
(DEBUG) Finding source file corresponding to a gcov data file
  gcov_fname   /home/felipe/zephyrproject/zephyr-course/twister-out/arch.h##f17e3501b457fcbd947bf4189b99bd89.gcov
  current_dir  /home/felipe/zephyrproject/zephyr-course/twister-out
  root         /home/felipe/zephyrproject/zephyr-course/app/modules/ring_buf
  starting_dir /home/felipe/zephyrproject/zephyr-course
  obj_dir      /home/felipe/zephyrproject/zephyr-course/twister-out
  gcda_fname   native_sim_native/host_gnu/zephyr-course/tests/ring_buf/homework.unit.ring_buf/zephyr/kernel/CMakeFiles/kernel.dir/sched.c.gcda
  --> fname    /home/felipe/zephyrproject/zephyr/include/zephyr/arch/posix/arch.h
(DEBUG) Check if /home/felipe/zephyrproject/zephyr/include/zephyr/arch/posix/arch.h is included (source file)...
(DEBUG) --> File is excluded.
(DEBUG) Check if /home/felipe/zephyrproject/zephyr-course/twister-out/kswap.h##4cdb6ee45e09bab001793a605d74fb66.gcov is included (trace)...
(DEBUG) --> File is excluded.
(DEBUG) Finding source file corresponding to a gcov data file
  gcov_fname   /home/felipe/zephyrproject/zephyr-course/twister-out/kswap.h##4cdb6ee45e09bab001793a605d74fb66.gcov
  current_dir  /home/felipe/zephyrproject/zephyr-course/twister-out
  root         /home/felipe/zephyrproject/zephyr-course/app/modules/ring_buf
  starting_dir /home/felipe/zephyrproject/zephyr-course
  obj_dir      /home/felipe/zephyrproject/zephyr-course/twister-out
  gcda_fname   native_sim_native/host_gnu/zephyr-course/tests/ring_buf/homework.unit.ring_buf/zephyr/kernel/CMakeFiles/kernel.dir/sched.c.gcda
  --> fname    /home/felipe/zephyrproject/zephyr/kernel/include/kswap.h
(DEBUG) Check if /home/felipe/zephyrproject/zephyr/kernel/include/kswap.h is included (source file)...
(DEBUG) --> File is excluded.
(DEBUG) Check if /home/felipe/zephyrproject/zephyr-course/twister-out/log_msg.h##8e71b5010d1ef358ceb2fe0042f1ff82.gcov is included (trace)...
(DEBUG) --> File is excluded.
(DEBUG) Finding source file corresponding to a gcov data file
  gcov_fname   /home/felipe/zephyrproject/zephyr-course/twister-out/log_msg.h##8e71b5010d1ef358ceb2fe0042f1ff82.gcov
  current_dir  /home/felipe/zephyrproject/zephyr-course/twister-out
  root         /home/felipe/zephyrproject/zephyr-course/app/modules/ring_buf
  starting_dir /home/felipe/zephyrproject/zephyr-course
  obj_dir      /home/felipe/zephyrproject/zephyr-course/twister-out
  gcda_fname   native_sim_native/host_gnu/zephyr-course/tests/ring_buf/homework.unit.ring_buf/zephyr/kernel/CMakeFiles/kernel.dir/sched.c.gcda
  --> fname    /home/felipe/zephyrproject/zephyr/include/zephyr/logging/log_msg.h
(DEBUG) Check if /home/felipe/zephyrproject/zephyr/include/zephyr/logging/log_msg.h is included (source file)...
(DEBUG) --> File is excluded.
(DEBUG) Check if /home/felipe/zephyrproject/zephyr-course/twister-out/priority_q.h##b43b8b9793e0b1f450fbd5ad330f5149.gcov is included (trace)...
(DEBUG) --> File is excluded.
(DEBUG) Finding source file corresponding to a gcov data file
  gcov_fname   /home/felipe/zephyrproject/zephyr-course/twister-out/priority_q.h##b43b8b9793e0b1f450fbd5ad330f5149.gcov
  current_dir  /home/felipe/zephyrproject/zephyr-course/twister-out
  root         /home/felipe/zephyrproject/zephyr-course/app/modules/ring_buf
  starting_dir /home/felipe/zephyrproject/zephyr-course
  obj_dir      /home/felipe/zephyrproject/zephyr-course/twister-out
  gcda_fname   native_sim_native/host_gnu/zephyr-course/tests/ring_buf/homework.unit.ring_buf/zephyr/kernel/CMakeFiles/kernel.dir/sched.c.gcda
  --> fname    /home/felipe/zephyrproject/zephyr/kernel/include/priority_q.h
(DEBUG) Check if /home/felipe/zephyrproject/zephyr/kernel/include/priority_q.h is included (source file)...
(DEBUG) --> File is excluded.
(DEBUG) Check if /home/felipe/zephyrproject/zephyr-course/twister-out/spinlock.h##d07917f143d2ca5ff94f2d220e528568.gcov is included (trace)...
(DEBUG) --> File is excluded.
(DEBUG) Finding source file corresponding to a gcov data file
  gcov_fname   /home/felipe/zephyrproject/zephyr-course/twister-out/spinlock.h##d07917f143d2ca5ff94f2d220e528568.gcov
  current_dir  /home/felipe/zephyrproject/zephyr-course/twister-out
  root         /home/felipe/zephyrproject/zephyr-course/app/modules/ring_buf
  starting_dir /home/felipe/zephyrproject/zephyr-course
  obj_dir      /home/felipe/zephyrproject/zephyr-course/twister-out
  gcda_fname   native_sim_native/host_gnu/zephyr-course/tests/ring_buf/homework.unit.ring_buf/zephyr/kernel/CMakeFiles/kernel.dir/sched.c.gcda
  --> fname    /home/felipe/zephyrproject/zephyr/include/zephyr/spinlock.h
(DEBUG) Check if /home/felipe/zephyrproject/zephyr/include/zephyr/spinlock.h is included (source file)...
(DEBUG) --> File is excluded.
(DEBUG) Check if /home/felipe/zephyrproject/zephyr-course/twister-out/syscall.h##8128d8185b27548b9f11ce6707adf377.gcov is included (trace)...
(DEBUG) --> File is excluded.
(DEBUG) Finding source file corresponding to a gcov data file
  gcov_fname   /home/felipe/zephyrproject/zephyr-course/twister-out/syscall.h##8128d8185b27548b9f11ce6707adf377.gcov
  current_dir  /home/felipe/zephyrproject/zephyr-course/twister-out
  root         /home/felipe/zephyrproject/zephyr-course/app/modules/ring_buf
  starting_dir /home/felipe/zephyrproject/zephyr-course
  obj_dir      /home/felipe/zephyrproject/zephyr-course/twister-out
  gcda_fname   native_sim_native/host_gnu/zephyr-course/tests/ring_buf/homework.unit.ring_buf/zephyr/kernel/CMakeFiles/kernel.dir/sched.c.gcda
  --> fname    /home/felipe/zephyrproject/zephyr/include/zephyr/syscall.h
(DEBUG) Check if /home/felipe/zephyrproject/zephyr/include/zephyr/syscall.h is included (source file)...
(DEBUG) --> File is excluded.
(DEBUG) Check if /home/felipe/zephyrproject/zephyr-course/twister-out/kernel.h##8118239d1ec13e308e040c6439814b34.gcov is included (trace)...
(DEBUG) --> File is excluded.
(DEBUG) Finding source file corresponding to a gcov data file
  gcov_fname   /home/felipe/zephyrproject/zephyr-course/twister-out/kernel.h##8118239d1ec13e308e040c6439814b34.gcov
  current_dir  /home/felipe/zephyrproject/zephyr-course/twister-out
  root         /home/felipe/zephyrproject/zephyr-course/app/modules/ring_buf
  starting_dir /home/felipe/zephyrproject/zephyr-course
  obj_dir      /home/felipe/zephyrproject/zephyr-course/twister-out
  gcda_fname   native_sim_native/host_gnu/zephyr-course/tests/ring_buf/homework.unit.ring_buf/zephyr/kernel/CMakeFiles/kernel.dir/sched.c.gcda
  --> fname    /home/felipe/zephyrproject/zephyr/include/zephyr/kernel.h
(DEBUG) Check if /home/felipe/zephyrproject/zephyr/include/zephyr/kernel.h is included (source file)...
(DEBUG) --> File is excluded.
(DEBUG) Check if /home/felipe/zephyrproject/zephyr-course/twister-out/sched.c##da0229733c6ed037fd0f935306196fde.gcov is included (trace)...
(DEBUG)   No filter matched.
(DEBUG) --> File is excluded.
(DEBUG) Finding source file corresponding to a gcov data file
  gcov_fname   /home/felipe/zephyrproject/zephyr-course/twister-out/sched.c##da0229733c6ed037fd0f935306196fde.gcov
  current_dir  /home/felipe/zephyrproject/zephyr-course/twister-out
  root         /home/felipe/zephyrproject/zephyr-course/app/modules/ring_buf
  starting_dir /home/felipe/zephyrproject/zephyr-course
  obj_dir      /home/felipe/zephyrproject/zephyr-course/twister-out
  gcda_fname   native_sim_native/host_gnu/zephyr-course/tests/ring_buf/homework.unit.ring_buf/zephyr/kernel/CMakeFiles/kernel.dir/sched.c.gcda
  --> fname    /home/felipe/zephyrproject/zephyr/kernel/sched.c
(DEBUG) Check if /home/felipe/zephyrproject/zephyr/kernel/sched.c is included (source file)...
(DEBUG)   No filter matched.
(DEBUG) --> File is excluded.
(DEBUG) Check if /home/felipe/zephyrproject/zephyr-course/twister-out/ksched.h##0cebf465783caf800468063ad71827b7.gcov is included (trace)...
(DEBUG) --> File is excluded.
(DEBUG) Finding source file corresponding to a gcov data file
  gcov_fname   /home/felipe/zephyrproject/zephyr-course/twister-out/ksched.h##0cebf465783caf800468063ad71827b7.gcov
  current_dir  /home/felipe/zephyrproject/zephyr-course/twister-out
  root         /home/felipe/zephyrproject/zephyr-course/app/modules/ring_buf
  starting_dir /home/felipe/zephyrproject/zephyr-course
  obj_dir      /home/felipe/zephyrproject/zephyr-course/twister-out
  gcda_fname   native_sim_native/host_gnu/zephyr-course/tests/ring_buf/homework.unit.ring_buf/zephyr/kernel/CMakeFiles/kernel.dir/sched.c.gcda
  --> fname    /home/felipe/zephyrproject/zephyr/kernel/include/ksched.h
(DEBUG) Check if /home/felipe/zephyrproject/zephyr/kernel/include/ksched.h is included (source file)...
(DEBUG) --> File is excluded.
(DEBUG) Check if /home/felipe/zephyrproject/zephyr-course/twister-out/native_sim_native/host_gnu/zephyr-course/tests/ring_buf/homework.unit.ring_buf/zephyr/kernel/CMakeFiles/kernel.dir/sem.c.gcda is included (trace)...
(DEBUG)   No filter matched.
(DEBUG) --> File is excluded.
(DEBUG) Check if /home/felipe/zephyrproject/zephyr-course/twister-out/native_sim_native/host_gnu/zephyr-course/tests/ring_buf/homework.unit.ring_buf/zephyr/kernel/CMakeFiles/kernel.dir/sem.c.gcda is included (trace)...
(DEBUG) --> File is excluded.
(DEBUG) Check if sem.c##3092decfe6c578b751e6dc967a990df5.gcov is included (gcov file)...
(DEBUG)   Filter AlwaysMatchFilter() matched.
(DEBUG) --> File is included.
(DEBUG) Check if ksched.h##0cebf465783caf800468063ad71827b7.gcov is included (gcov file)...
(DEBUG) --> File is included.
(DEBUG) Check if kthread.h##9409f455419132bfc3b9c8e76c631198.gcov is included (gcov file)...
(DEBUG) --> File is included.
(DEBUG) Check if kernel_arch_func.h##32b155e641adc9cd48584db3704df6c2.gcov is included (gcov file)...
(DEBUG) --> File is included.
(DEBUG) Check if wait_q.h##c55cb3824a8e32844a6026ec1729c33e.gcov is included (gcov file)...
(DEBUG) --> File is included.
(DEBUG) Check if priority_q.h##b43b8b9793e0b1f450fbd5ad330f5149.gcov is included (gcov file)...
(DEBUG) --> File is included.
(DEBUG) Check if timeout_q.h##90d851c3f83778dd36dd8b7e2ad60ead.gcov is included (gcov file)...
(DEBUG) --> File is included.
(DEBUG) Check if kobject_internal.h##a8c30b7c0aaee4fff0317a3d8ddf7a57.gcov is included (gcov file)...
(DEBUG) --> File is included.
(DEBUG) Check if spinlock.h##d07917f143d2ca5ff94f2d220e528568.gcov is included (gcov file)...
(DEBUG) --> File is included.
(DEBUG) Check if arch.h##f17e3501b457fcbd947bf4189b99bd89.gcov is included (gcov file)...
(DEBUG) --> File is included.
(DEBUG) Check if dlist.h##0f388b119e698d4d0bf30b616f109283.gcov is included (gcov file)...
(DEBUG) --> File is included.
(DEBUG) Check if /home/felipe/zephyrproject/zephyr-course/twister-out/timeout_q.h##90d851c3f83778dd36dd8b7e2ad60ead.gcov is included (trace)...
(DEBUG) --> File is excluded.
(DEBUG) Finding source file corresponding to a gcov data file
  gcov_fname   /home/felipe/zephyrproject/zephyr-course/twister-out/timeout_q.h##90d851c3f83778dd36dd8b7e2ad60ead.gcov
  current_dir  /home/felipe/zephyrproject/zephyr-course/twister-out
  root         /home/felipe/zephyrproject/zephyr-course/app/modules/ring_buf
  starting_dir /home/felipe/zephyrproject/zephyr-course
  obj_dir      /home/felipe/zephyrproject/zephyr-course/twister-out
  gcda_fname   native_sim_native/host_gnu/zephyr-course/tests/ring_buf/homework.unit.ring_buf/zephyr/kernel/CMakeFiles/kernel.dir/sem.c.gcda
  --> fname    /home/felipe/zephyrproject/zephyr/kernel/include/timeout_q.h
(DEBUG) Check if /home/felipe/zephyrproject/zephyr/kernel/include/timeout_q.h is included (source file)...
(DEBUG) --> File is excluded.
(DEBUG) Check if /home/felipe/zephyrproject/zephyr-course/twister-out/kernel_arch_func.h##32b155e641adc9cd48584db3704df6c2.gcov is included (trace)...
(DEBUG) --> File is excluded.
(DEBUG) Finding source file corresponding to a gcov data file
  gcov_fname   /home/felipe/zephyrproject/zephyr-course/twister-out/kernel_arch_func.h##32b155e641adc9cd48584db3704df6c2.gcov
  current_dir  /home/felipe/zephyrproject/zephyr-course/twister-out
  root         /home/felipe/zephyrproject/zephyr-course/app/modules/ring_buf
  starting_dir /home/felipe/zephyrproject/zephyr-course
  obj_dir      /home/felipe/zephyrproject/zephyr-course/twister-out
  gcda_fname   native_sim_native/host_gnu/zephyr-course/tests/ring_buf/homework.unit.ring_buf/zephyr/kernel/CMakeFiles/kernel.dir/sem.c.gcda
  --> fname    /home/felipe/zephyrproject/zephyr/arch/posix/include/kernel_arch_func.h
(DEBUG) Check if /home/felipe/zephyrproject/zephyr/arch/posix/include/kernel_arch_func.h is included (source file)...
(DEBUG) --> File is excluded.
(DEBUG) Check if /home/felipe/zephyrproject/zephyr-course/twister-out/kobject_internal.h##a8c30b7c0aaee4fff0317a3d8ddf7a57.gcov is included (trace)...
(DEBUG) --> File is excluded.
(DEBUG) Finding source file corresponding to a gcov data file
  gcov_fname   /home/felipe/zephyrproject/zephyr-course/twister-out/kobject_internal.h##a8c30b7c0aaee4fff0317a3d8ddf7a57.gcov
  current_dir  /home/felipe/zephyrproject/zephyr-course/twister-out
  root         /home/felipe/zephyrproject/zephyr-course/app/modules/ring_buf
  starting_dir /home/felipe/zephyrproject/zephyr-course
  obj_dir      /home/felipe/zephyrproject/zephyr-course/twister-out
  gcda_fname   native_sim_native/host_gnu/zephyr-course/tests/ring_buf/homework.unit.ring_buf/zephyr/kernel/CMakeFiles/kernel.dir/sem.c.gcda
  --> fname    /home/felipe/zephyrproject/zephyr/include/zephyr/sys/internal/kobject_internal.h
(DEBUG) Check if /home/felipe/zephyrproject/zephyr/include/zephyr/sys/internal/kobject_internal.h is included (source file)...
(DEBUG) --> File is excluded.
(DEBUG) Check if /home/felipe/zephyrproject/zephyr-course/twister-out/kthread.h##9409f455419132bfc3b9c8e76c631198.gcov is included (trace)...
(DEBUG) --> File is excluded.
(DEBUG) Finding source file corresponding to a gcov data file
  gcov_fname   /home/felipe/zephyrproject/zephyr-course/twister-out/kthread.h##9409f455419132bfc3b9c8e76c631198.gcov
  current_dir  /home/felipe/zephyrproject/zephyr-course/twister-out
  root         /home/felipe/zephyrproject/zephyr-course/app/modules/ring_buf
  starting_dir /home/felipe/zephyrproject/zephyr-course
  obj_dir      /home/felipe/zephyrproject/zephyr-course/twister-out
  gcda_fname   native_sim_native/host_gnu/zephyr-course/tests/ring_buf/homework.unit.ring_buf/zephyr/kernel/CMakeFiles/kernel.dir/sem.c.gcda
  --> fname    /home/felipe/zephyrproject/zephyr/kernel/include/kthread.h
(DEBUG) Check if /home/felipe/zephyrproject/zephyr/kernel/include/kthread.h is included (source file)...
(DEBUG) --> File is excluded.
(DEBUG) Check if /home/felipe/zephyrproject/zephyr-course/twister-out/dlist.h##0f388b119e698d4d0bf30b616f109283.gcov is included (trace)...
(DEBUG) --> File is excluded.
(DEBUG) Finding source file corresponding to a gcov data file
  gcov_fname   /home/felipe/zephyrproject/zephyr-course/twister-out/dlist.h##0f388b119e698d4d0bf30b616f109283.gcov
  current_dir  /home/felipe/zephyrproject/zephyr-course/twister-out
  root         /home/felipe/zephyrproject/zephyr-course/app/modules/ring_buf
  starting_dir /home/felipe/zephyrproject/zephyr-course
  obj_dir      /home/felipe/zephyrproject/zephyr-course/twister-out
  gcda_fname   native_sim_native/host_gnu/zephyr-course/tests/ring_buf/homework.unit.ring_buf/zephyr/kernel/CMakeFiles/kernel.dir/sem.c.gcda
  --> fname    /home/felipe/zephyrproject/zephyr/include/zephyr/sys/dlist.h
(DEBUG) Check if /home/felipe/zephyrproject/zephyr/include/zephyr/sys/dlist.h is included (source file)...
(DEBUG) --> File is excluded.
(DEBUG) Check if /home/felipe/zephyrproject/zephyr-course/twister-out/wait_q.h##c55cb3824a8e32844a6026ec1729c33e.gcov is included (trace)...
(DEBUG) --> File is excluded.
(DEBUG) Finding source file corresponding to a gcov data file
  gcov_fname   /home/felipe/zephyrproject/zephyr-course/twister-out/wait_q.h##c55cb3824a8e32844a6026ec1729c33e.gcov
  current_dir  /home/felipe/zephyrproject/zephyr-course/twister-out
  root         /home/felipe/zephyrproject/zephyr-course/app/modules/ring_buf
  starting_dir /home/felipe/zephyrproject/zephyr-course
  obj_dir      /home/felipe/zephyrproject/zephyr-course/twister-out
  gcda_fname   native_sim_native/host_gnu/zephyr-course/tests/ring_buf/homework.unit.ring_buf/zephyr/kernel/CMakeFiles/kernel.dir/sem.c.gcda
  --> fname    /home/felipe/zephyrproject/zephyr/kernel/include/wait_q.h
(DEBUG) Check if /home/felipe/zephyrproject/zephyr/kernel/include/wait_q.h is included (source file)...
(DEBUG) --> File is excluded.
(DEBUG) Check if /home/felipe/zephyrproject/zephyr-course/twister-out/arch.h##f17e3501b457fcbd947bf4189b99bd89.gcov is included (trace)...
(DEBUG) --> File is excluded.
(DEBUG) Finding source file corresponding to a gcov data file
  gcov_fname   /home/felipe/zephyrproject/zephyr-course/twister-out/arch.h##f17e3501b457fcbd947bf4189b99bd89.gcov
  current_dir  /home/felipe/zephyrproject/zephyr-course/twister-out
  root         /home/felipe/zephyrproject/zephyr-course/app/modules/ring_buf
  starting_dir /home/felipe/zephyrproject/zephyr-course
  obj_dir      /home/felipe/zephyrproject/zephyr-course/twister-out
  gcda_fname   native_sim_native/host_gnu/zephyr-course/tests/ring_buf/homework.unit.ring_buf/zephyr/kernel/CMakeFiles/kernel.dir/sem.c.gcda
  --> fname    /home/felipe/zephyrproject/zephyr/include/zephyr/arch/posix/arch.h
(DEBUG) Check if /home/felipe/zephyrproject/zephyr/include/zephyr/arch/posix/arch.h is included (source file)...
(DEBUG) --> File is excluded.
(DEBUG) Check if /home/felipe/zephyrproject/zephyr-course/twister-out/priority_q.h##b43b8b9793e0b1f450fbd5ad330f5149.gcov is included (trace)...
(DEBUG) --> File is excluded.
(DEBUG) Finding source file corresponding to a gcov data file
  gcov_fname   /home/felipe/zephyrproject/zephyr-course/twister-out/priority_q.h##b43b8b9793e0b1f450fbd5ad330f5149.gcov
  current_dir  /home/felipe/zephyrproject/zephyr-course/twister-out
  root         /home/felipe/zephyrproject/zephyr-course/app/modules/ring_buf
  starting_dir /home/felipe/zephyrproject/zephyr-course
  obj_dir      /home/felipe/zephyrproject/zephyr-course/twister-out
  gcda_fname   native_sim_native/host_gnu/zephyr-course/tests/ring_buf/homework.unit.ring_buf/zephyr/kernel/CMakeFiles/kernel.dir/sem.c.gcda
  --> fname    /home/felipe/zephyrproject/zephyr/kernel/include/priority_q.h
(DEBUG) Check if /home/felipe/zephyrproject/zephyr/kernel/include/priority_q.h is included (source file)...
(DEBUG) --> File is excluded.
(DEBUG) Check if /home/felipe/zephyrproject/zephyr-course/twister-out/spinlock.h##d07917f143d2ca5ff94f2d220e528568.gcov is included (trace)...
(DEBUG) --> File is excluded.
(DEBUG) Finding source file corresponding to a gcov data file
  gcov_fname   /home/felipe/zephyrproject/zephyr-course/twister-out/spinlock.h##d07917f143d2ca5ff94f2d220e528568.gcov
  current_dir  /home/felipe/zephyrproject/zephyr-course/twister-out
  root         /home/felipe/zephyrproject/zephyr-course/app/modules/ring_buf
  starting_dir /home/felipe/zephyrproject/zephyr-course
  obj_dir      /home/felipe/zephyrproject/zephyr-course/twister-out
  gcda_fname   native_sim_native/host_gnu/zephyr-course/tests/ring_buf/homework.unit.ring_buf/zephyr/kernel/CMakeFiles/kernel.dir/sem.c.gcda
  --> fname    /home/felipe/zephyrproject/zephyr/include/zephyr/spinlock.h
(DEBUG) Check if /home/felipe/zephyrproject/zephyr/include/zephyr/spinlock.h is included (source file)...
(DEBUG) --> File is excluded.
(DEBUG) Check if /home/felipe/zephyrproject/zephyr-course/twister-out/sem.c##3092decfe6c578b751e6dc967a990df5.gcov is included (trace)...
(DEBUG)   No filter matched.
(DEBUG) --> File is excluded.
(DEBUG) Finding source file corresponding to a gcov data file
  gcov_fname   /home/felipe/zephyrproject/zephyr-course/twister-out/sem.c##3092decfe6c578b751e6dc967a990df5.gcov
  current_dir  /home/felipe/zephyrproject/zephyr-course/twister-out
  root         /home/felipe/zephyrproject/zephyr-course/app/modules/ring_buf
  starting_dir /home/felipe/zephyrproject/zephyr-course
  obj_dir      /home/felipe/zephyrproject/zephyr-course/twister-out
  gcda_fname   native_sim_native/host_gnu/zephyr-course/tests/ring_buf/homework.unit.ring_buf/zephyr/kernel/CMakeFiles/kernel.dir/sem.c.gcda
  --> fname    /home/felipe/zephyrproject/zephyr/kernel/sem.c
(DEBUG) Check if /home/felipe/zephyrproject/zephyr/kernel/sem.c is included (source file)...
(DEBUG)   No filter matched.
(DEBUG) --> File is excluded.
(DEBUG) Check if /home/felipe/zephyrproject/zephyr-course/twister-out/ksched.h##0cebf465783caf800468063ad71827b7.gcov is included (trace)...
(DEBUG) --> File is excluded.
(DEBUG) Finding source file corresponding to a gcov data file
  gcov_fname   /home/felipe/zephyrproject/zephyr-course/twister-out/ksched.h##0cebf465783caf800468063ad71827b7.gcov
  current_dir  /home/felipe/zephyrproject/zephyr-course/twister-out
  root         /home/felipe/zephyrproject/zephyr-course/app/modules/ring_buf
  starting_dir /home/felipe/zephyrproject/zephyr-course
  obj_dir      /home/felipe/zephyrproject/zephyr-course/twister-out
  gcda_fname   native_sim_native/host_gnu/zephyr-course/tests/ring_buf/homework.unit.ring_buf/zephyr/kernel/CMakeFiles/kernel.dir/sem.c.gcda
  --> fname    /home/felipe/zephyrproject/zephyr/kernel/include/ksched.h
(DEBUG) Check if /home/felipe/zephyrproject/zephyr/kernel/include/ksched.h is included (source file)...
(DEBUG) --> File is excluded.
(DEBUG) Check if /home/felipe/zephyrproject/zephyr-course/twister-out/native_sim_native/host_gnu/zephyr-course/tests/ring_buf/homework.unit.ring_buf/zephyr/kernel/CMakeFiles/kernel.dir/spinlock_validate.c.gcda is included (trace)...
(DEBUG)   No filter matched.
(DEBUG) --> File is excluded.
(DEBUG) Check if /home/felipe/zephyrproject/zephyr-course/twister-out/native_sim_native/host_gnu/zephyr-course/tests/ring_buf/homework.unit.ring_buf/zephyr/kernel/CMakeFiles/kernel.dir/spinlock_validate.c.gcda is included (trace)...
(DEBUG) --> File is excluded.
(DEBUG) Check if spinlock_validate.c##73f06a44ae0a5faeb2a891de1d5ebd58.gcov is included (gcov file)...
(DEBUG)   Filter AlwaysMatchFilter() matched.
(DEBUG) --> File is included.
(DEBUG) Check if kernel_arch_func.h##32b155e641adc9cd48584db3704df6c2.gcov is included (gcov file)...
(DEBUG) --> File is included.
(DEBUG) Check if /home/felipe/zephyrproject/zephyr-course/twister-out/kernel_arch_func.h##32b155e641adc9cd48584db3704df6c2.gcov is included (trace)...
(DEBUG) --> File is excluded.
(DEBUG) Finding source file corresponding to a gcov data file
  gcov_fname   /home/felipe/zephyrproject/zephyr-course/twister-out/kernel_arch_func.h##32b155e641adc9cd48584db3704df6c2.gcov
  current_dir  /home/felipe/zephyrproject/zephyr-course/twister-out
  root         /home/felipe/zephyrproject/zephyr-course/app/modules/ring_buf
  starting_dir /home/felipe/zephyrproject/zephyr-course
  obj_dir      /home/felipe/zephyrproject/zephyr-course/twister-out
  gcda_fname   native_sim_native/host_gnu/zephyr-course/tests/ring_buf/homework.unit.ring_buf/zephyr/kernel/CMakeFiles/kernel.dir/spinlock_validate.c.gcda
  --> fname    /home/felipe/zephyrproject/zephyr/arch/posix/include/kernel_arch_func.h
(DEBUG) Check if /home/felipe/zephyrproject/zephyr/arch/posix/include/kernel_arch_func.h is included (source file)...
(DEBUG) --> File is excluded.
(DEBUG) Check if /home/felipe/zephyrproject/zephyr-course/twister-out/spinlock_validate.c##73f06a44ae0a5faeb2a891de1d5ebd58.gcov is included (trace)...
(DEBUG)   No filter matched.
(DEBUG) --> File is excluded.
(DEBUG) Finding source file corresponding to a gcov data file
  gcov_fname   /home/felipe/zephyrproject/zephyr-course/twister-out/spinlock_validate.c##73f06a44ae0a5faeb2a891de1d5ebd58.gcov
  current_dir  /home/felipe/zephyrproject/zephyr-course/twister-out
  root         /home/felipe/zephyrproject/zephyr-course/app/modules/ring_buf
  starting_dir /home/felipe/zephyrproject/zephyr-course
  obj_dir      /home/felipe/zephyrproject/zephyr-course/twister-out
  gcda_fname   native_sim_native/host_gnu/zephyr-course/tests/ring_buf/homework.unit.ring_buf/zephyr/kernel/CMakeFiles/kernel.dir/spinlock_validate.c.gcda
  --> fname    /home/felipe/zephyrproject/zephyr/kernel/spinlock_validate.c
(DEBUG) Check if /home/felipe/zephyrproject/zephyr/kernel/spinlock_validate.c is included (source file)...
(DEBUG)   No filter matched.
(DEBUG) --> File is excluded.
(DEBUG) Check if /home/felipe/zephyrproject/zephyr-course/twister-out/native_sim_native/host_gnu/zephyr-course/tests/ring_buf/homework.unit.ring_buf/zephyr/kernel/CMakeFiles/kernel.dir/stack.c.gcno is included (trace)...
(DEBUG)   No filter matched.
(DEBUG) --> File is excluded.
(DEBUG) Check if /home/felipe/zephyrproject/zephyr-course/twister-out/native_sim_native/host_gnu/zephyr-course/tests/ring_buf/homework.unit.ring_buf/zephyr/kernel/CMakeFiles/kernel.dir/stack.c.gcno is included (trace)...
(DEBUG) --> File is excluded.
(DEBUG) Check if stack.c##b1bfd5642952ce2a895cace9e604913f.gcov is included (gcov file)...
(DEBUG)   Filter AlwaysMatchFilter() matched.
(DEBUG) --> File is included.
(DEBUG) Check if wait_q.h##c55cb3824a8e32844a6026ec1729c33e.gcov is included (gcov file)...
(DEBUG) --> File is included.
(DEBUG) Check if ksched.h##0cebf465783caf800468063ad71827b7.gcov is included (gcov file)...
(DEBUG) --> File is included.
(DEBUG) Check if priority_q.h##b43b8b9793e0b1f450fbd5ad330f5149.gcov is included (gcov file)...
(DEBUG) --> File is included.
(DEBUG) Check if kernel_internal.h##3b95e9c6edb7551da96548b3f2925c98.gcov is included (gcov file)...
(DEBUG) --> File is included.
(DEBUG) Check if kthread.h##9409f455419132bfc3b9c8e76c631198.gcov is included (gcov file)...
(DEBUG) --> File is included.
(DEBUG) Check if timeout_q.h##90d851c3f83778dd36dd8b7e2ad60ead.gcov is included (gcov file)...
(DEBUG) --> File is included.
(DEBUG) Check if kernel_arch_func.h##32b155e641adc9cd48584db3704df6c2.gcov is included (gcov file)...
(DEBUG) --> File is included.
(DEBUG) Check if kobject_internal.h##a8c30b7c0aaee4fff0317a3d8ddf7a57.gcov is included (gcov file)...
(DEBUG) --> File is included.
(DEBUG) Check if spinlock.h##d07917f143d2ca5ff94f2d220e528568.gcov is included (gcov file)...
(DEBUG) --> File is included.
(DEBUG) Check if arch.h##f17e3501b457fcbd947bf4189b99bd89.gcov is included (gcov file)...
(DEBUG) --> File is included.
(DEBUG) Check if dlist.h##0f388b119e698d4d0bf30b616f109283.gcov is included (gcov file)...
(DEBUG) --> File is included.
(DEBUG) Check if /home/felipe/zephyrproject/zephyr-course/twister-out/timeout_q.h##90d851c3f83778dd36dd8b7e2ad60ead.gcov is included (trace)...
(DEBUG) --> File is excluded.
(DEBUG) Finding source file corresponding to a gcov data file
  gcov_fname   /home/felipe/zephyrproject/zephyr-course/twister-out/timeout_q.h##90d851c3f83778dd36dd8b7e2ad60ead.gcov
  current_dir  /home/felipe/zephyrproject/zephyr-course/twister-out
  root         /home/felipe/zephyrproject/zephyr-course/app/modules/ring_buf
  starting_dir /home/felipe/zephyrproject/zephyr-course
  obj_dir      /home/felipe/zephyrproject/zephyr-course/twister-out
  gcda_fname   native_sim_native/host_gnu/zephyr-course/tests/ring_buf/homework.unit.ring_buf/zephyr/kernel/CMakeFiles/kernel.dir/stack.c.gcno
  --> fname    /home/felipe/zephyrproject/zephyr/kernel/include/timeout_q.h
(DEBUG) Check if /home/felipe/zephyrproject/zephyr/kernel/include/timeout_q.h is included (source file)...
(DEBUG) --> File is excluded.
(DEBUG) Check if /home/felipe/zephyrproject/zephyr-course/twister-out/kernel_arch_func.h##32b155e641adc9cd48584db3704df6c2.gcov is included (trace)...
(DEBUG) --> File is excluded.
(DEBUG) Finding source file corresponding to a gcov data file
  gcov_fname   /home/felipe/zephyrproject/zephyr-course/twister-out/kernel_arch_func.h##32b155e641adc9cd48584db3704df6c2.gcov
  current_dir  /home/felipe/zephyrproject/zephyr-course/twister-out
  root         /home/felipe/zephyrproject/zephyr-course/app/modules/ring_buf
  starting_dir /home/felipe/zephyrproject/zephyr-course
  obj_dir      /home/felipe/zephyrproject/zephyr-course/twister-out
  gcda_fname   native_sim_native/host_gnu/zephyr-course/tests/ring_buf/homework.unit.ring_buf/zephyr/kernel/CMakeFiles/kernel.dir/stack.c.gcno
  --> fname    /home/felipe/zephyrproject/zephyr/arch/posix/include/kernel_arch_func.h
(DEBUG) Check if /home/felipe/zephyrproject/zephyr/arch/posix/include/kernel_arch_func.h is included (source file)...
(DEBUG) --> File is excluded.
(DEBUG) Check if /home/felipe/zephyrproject/zephyr-course/twister-out/kobject_internal.h##a8c30b7c0aaee4fff0317a3d8ddf7a57.gcov is included (trace)...
(DEBUG) --> File is excluded.
(DEBUG) Finding source file corresponding to a gcov data file
  gcov_fname   /home/felipe/zephyrproject/zephyr-course/twister-out/kobject_internal.h##a8c30b7c0aaee4fff0317a3d8ddf7a57.gcov
  current_dir  /home/felipe/zephyrproject/zephyr-course/twister-out
  root         /home/felipe/zephyrproject/zephyr-course/app/modules/ring_buf
  starting_dir /home/felipe/zephyrproject/zephyr-course
  obj_dir      /home/felipe/zephyrproject/zephyr-course/twister-out
  gcda_fname   native_sim_native/host_gnu/zephyr-course/tests/ring_buf/homework.unit.ring_buf/zephyr/kernel/CMakeFiles/kernel.dir/stack.c.gcno
  --> fname    /home/felipe/zephyrproject/zephyr/include/zephyr/sys/internal/kobject_internal.h
(DEBUG) Check if /home/felipe/zephyrproject/zephyr/include/zephyr/sys/internal/kobject_internal.h is included (source file)...
(DEBUG) --> File is excluded.
(DEBUG) Check if /home/felipe/zephyrproject/zephyr-course/twister-out/kthread.h##9409f455419132bfc3b9c8e76c631198.gcov is included (trace)...
(DEBUG) --> File is excluded.
(DEBUG) Finding source file corresponding to a gcov data file
  gcov_fname   /home/felipe/zephyrproject/zephyr-course/twister-out/kthread.h##9409f455419132bfc3b9c8e76c631198.gcov
  current_dir  /home/felipe/zephyrproject/zephyr-course/twister-out
  root         /home/felipe/zephyrproject/zephyr-course/app/modules/ring_buf
  starting_dir /home/felipe/zephyrproject/zephyr-course
  obj_dir      /home/felipe/zephyrproject/zephyr-course/twister-out
  gcda_fname   native_sim_native/host_gnu/zephyr-course/tests/ring_buf/homework.unit.ring_buf/zephyr/kernel/CMakeFiles/kernel.dir/stack.c.gcno
  --> fname    /home/felipe/zephyrproject/zephyr/kernel/include/kthread.h
(DEBUG) Check if /home/felipe/zephyrproject/zephyr/kernel/include/kthread.h is included (source file)...
(DEBUG) --> File is excluded.
(DEBUG) Check if /home/felipe/zephyrproject/zephyr-course/twister-out/dlist.h##0f388b119e698d4d0bf30b616f109283.gcov is included (trace)...
(DEBUG) --> File is excluded.
(DEBUG) Finding source file corresponding to a gcov data file
  gcov_fname   /home/felipe/zephyrproject/zephyr-course/twister-out/dlist.h##0f388b119e698d4d0bf30b616f109283.gcov
  current_dir  /home/felipe/zephyrproject/zephyr-course/twister-out
  root         /home/felipe/zephyrproject/zephyr-course/app/modules/ring_buf
  starting_dir /home/felipe/zephyrproject/zephyr-course
  obj_dir      /home/felipe/zephyrproject/zephyr-course/twister-out
  gcda_fname   native_sim_native/host_gnu/zephyr-course/tests/ring_buf/homework.unit.ring_buf/zephyr/kernel/CMakeFiles/kernel.dir/stack.c.gcno
  --> fname    /home/felipe/zephyrproject/zephyr/include/zephyr/sys/dlist.h
(DEBUG) Check if /home/felipe/zephyrproject/zephyr/include/zephyr/sys/dlist.h is included (source file)...
(DEBUG) --> File is excluded.
(DEBUG) Check if /home/felipe/zephyrproject/zephyr-course/twister-out/wait_q.h##c55cb3824a8e32844a6026ec1729c33e.gcov is included (trace)...
(DEBUG) --> File is excluded.
(DEBUG) Finding source file corresponding to a gcov data file
  gcov_fname   /home/felipe/zephyrproject/zephyr-course/twister-out/wait_q.h##c55cb3824a8e32844a6026ec1729c33e.gcov
  current_dir  /home/felipe/zephyrproject/zephyr-course/twister-out
  root         /home/felipe/zephyrproject/zephyr-course/app/modules/ring_buf
  starting_dir /home/felipe/zephyrproject/zephyr-course
  obj_dir      /home/felipe/zephyrproject/zephyr-course/twister-out
  gcda_fname   native_sim_native/host_gnu/zephyr-course/tests/ring_buf/homework.unit.ring_buf/zephyr/kernel/CMakeFiles/kernel.dir/stack.c.gcno
  --> fname    /home/felipe/zephyrproject/zephyr/kernel/include/wait_q.h
(DEBUG) Check if /home/felipe/zephyrproject/zephyr/kernel/include/wait_q.h is included (source file)...
(DEBUG) --> File is excluded.
(DEBUG) Check if /home/felipe/zephyrproject/zephyr-course/twister-out/ksched.h##0cebf465783caf800468063ad71827b7.gcov is included (trace)...
(DEBUG) --> File is excluded.
(DEBUG) Finding source file corresponding to a gcov data file
  gcov_fname   /home/felipe/zephyrproject/zephyr-course/twister-out/ksched.h##0cebf465783caf800468063ad71827b7.gcov
  current_dir  /home/felipe/zephyrproject/zephyr-course/twister-out
  root         /home/felipe/zephyrproject/zephyr-course/app/modules/ring_buf
  starting_dir /home/felipe/zephyrproject/zephyr-course
  obj_dir      /home/felipe/zephyrproject/zephyr-course/twister-out
  gcda_fname   native_sim_native/host_gnu/zephyr-course/tests/ring_buf/homework.unit.ring_buf/zephyr/kernel/CMakeFiles/kernel.dir/stack.c.gcno
  --> fname    /home/felipe/zephyrproject/zephyr/kernel/include/ksched.h
(DEBUG) Check if /home/felipe/zephyrproject/zephyr/kernel/include/ksched.h is included (source file)...
(DEBUG) --> File is excluded.
(DEBUG) Check if /home/felipe/zephyrproject/zephyr-course/twister-out/arch.h##f17e3501b457fcbd947bf4189b99bd89.gcov is included (trace)...
(DEBUG) --> File is excluded.
(DEBUG) Finding source file corresponding to a gcov data file
  gcov_fname   /home/felipe/zephyrproject/zephyr-course/twister-out/arch.h##f17e3501b457fcbd947bf4189b99bd89.gcov
  current_dir  /home/felipe/zephyrproject/zephyr-course/twister-out
  root         /home/felipe/zephyrproject/zephyr-course/app/modules/ring_buf
  starting_dir /home/felipe/zephyrproject/zephyr-course
  obj_dir      /home/felipe/zephyrproject/zephyr-course/twister-out
  gcda_fname   native_sim_native/host_gnu/zephyr-course/tests/ring_buf/homework.unit.ring_buf/zephyr/kernel/CMakeFiles/kernel.dir/stack.c.gcno
  --> fname    /home/felipe/zephyrproject/zephyr/include/zephyr/arch/posix/arch.h
(DEBUG) Check if /home/felipe/zephyrproject/zephyr/include/zephyr/arch/posix/arch.h is included (source file)...
(DEBUG) --> File is excluded.
(DEBUG) Check if /home/felipe/zephyrproject/zephyr-course/twister-out/priority_q.h##b43b8b9793e0b1f450fbd5ad330f5149.gcov is included (trace)...
(DEBUG) --> File is excluded.
(DEBUG) Finding source file corresponding to a gcov data file
  gcov_fname   /home/felipe/zephyrproject/zephyr-course/twister-out/priority_q.h##b43b8b9793e0b1f450fbd5ad330f5149.gcov
  current_dir  /home/felipe/zephyrproject/zephyr-course/twister-out
  root         /home/felipe/zephyrproject/zephyr-course/app/modules/ring_buf
  starting_dir /home/felipe/zephyrproject/zephyr-course
  obj_dir      /home/felipe/zephyrproject/zephyr-course/twister-out
  gcda_fname   native_sim_native/host_gnu/zephyr-course/tests/ring_buf/homework.unit.ring_buf/zephyr/kernel/CMakeFiles/kernel.dir/stack.c.gcno
  --> fname    /home/felipe/zephyrproject/zephyr/kernel/include/priority_q.h
(DEBUG) Check if /home/felipe/zephyrproject/zephyr/kernel/include/priority_q.h is included (source file)...
(DEBUG) --> File is excluded.
(DEBUG) Check if /home/felipe/zephyrproject/zephyr-course/twister-out/spinlock.h##d07917f143d2ca5ff94f2d220e528568.gcov is included (trace)...
(DEBUG) --> File is excluded.
(DEBUG) Finding source file corresponding to a gcov data file
  gcov_fname   /home/felipe/zephyrproject/zephyr-course/twister-out/spinlock.h##d07917f143d2ca5ff94f2d220e528568.gcov
  current_dir  /home/felipe/zephyrproject/zephyr-course/twister-out
  root         /home/felipe/zephyrproject/zephyr-course/app/modules/ring_buf
  starting_dir /home/felipe/zephyrproject/zephyr-course
  obj_dir      /home/felipe/zephyrproject/zephyr-course/twister-out
  gcda_fname   native_sim_native/host_gnu/zephyr-course/tests/ring_buf/homework.unit.ring_buf/zephyr/kernel/CMakeFiles/kernel.dir/stack.c.gcno
  --> fname    /home/felipe/zephyrproject/zephyr/include/zephyr/spinlock.h
(DEBUG) Check if /home/felipe/zephyrproject/zephyr/include/zephyr/spinlock.h is included (source file)...
(DEBUG) --> File is excluded.
(DEBUG) Check if /home/felipe/zephyrproject/zephyr-course/twister-out/stack.c##b1bfd5642952ce2a895cace9e604913f.gcov is included (trace)...
(DEBUG)   No filter matched.
(DEBUG) --> File is excluded.
(DEBUG) Finding source file corresponding to a gcov data file
  gcov_fname   /home/felipe/zephyrproject/zephyr-course/twister-out/stack.c##b1bfd5642952ce2a895cace9e604913f.gcov
  current_dir  /home/felipe/zephyrproject/zephyr-course/twister-out
  root         /home/felipe/zephyrproject/zephyr-course/app/modules/ring_buf
  starting_dir /home/felipe/zephyrproject/zephyr-course
  obj_dir      /home/felipe/zephyrproject/zephyr-course/twister-out
  gcda_fname   native_sim_native/host_gnu/zephyr-course/tests/ring_buf/homework.unit.ring_buf/zephyr/kernel/CMakeFiles/kernel.dir/stack.c.gcno
  --> fname    /home/felipe/zephyrproject/zephyr/kernel/stack.c
(DEBUG) Check if /home/felipe/zephyrproject/zephyr/kernel/stack.c is included (source file)...
(DEBUG)   No filter matched.
(DEBUG) --> File is excluded.
(DEBUG) Check if /home/felipe/zephyrproject/zephyr-course/twister-out/kernel_internal.h##3b95e9c6edb7551da96548b3f2925c98.gcov is included (trace)...
(DEBUG) --> File is excluded.
(DEBUG) Finding source file corresponding to a gcov data file
  gcov_fname   /home/felipe/zephyrproject/zephyr-course/twister-out/kernel_internal.h##3b95e9c6edb7551da96548b3f2925c98.gcov
  current_dir  /home/felipe/zephyrproject/zephyr-course/twister-out
  root         /home/felipe/zephyrproject/zephyr-course/app/modules/ring_buf
  starting_dir /home/felipe/zephyrproject/zephyr-course
  obj_dir      /home/felipe/zephyrproject/zephyr-course/twister-out
  gcda_fname   native_sim_native/host_gnu/zephyr-course/tests/ring_buf/homework.unit.ring_buf/zephyr/kernel/CMakeFiles/kernel.dir/stack.c.gcno
  --> fname    /home/felipe/zephyrproject/zephyr/kernel/include/kernel_internal.h
(DEBUG) Check if /home/felipe/zephyrproject/zephyr/kernel/include/kernel_internal.h is included (source file)...
(DEBUG) --> File is excluded.
(DEBUG) Check if /home/felipe/zephyrproject/zephyr-course/twister-out/native_sim_native/host_gnu/zephyr-course/tests/ring_buf/homework.unit.ring_buf/zephyr/kernel/CMakeFiles/kernel.dir/system_work_q.c.gcno is included (trace)...
(DEBUG)   No filter matched.
(DEBUG) --> File is excluded.
(DEBUG) Check if /home/felipe/zephyrproject/zephyr-course/twister-out/native_sim_native/host_gnu/zephyr-course/tests/ring_buf/homework.unit.ring_buf/zephyr/kernel/CMakeFiles/kernel.dir/system_work_q.c.gcno is included (trace)...
(DEBUG) --> File is excluded.
(DEBUG) Check if system_work_q.c##984c293fbb4e5620c3466eb6dc08b748.gcov is included (gcov file)...
(DEBUG)   Filter AlwaysMatchFilter() matched.
(DEBUG) --> File is included.
(DEBUG) Check if /home/felipe/zephyrproject/zephyr-course/twister-out/system_work_q.c##984c293fbb4e5620c3466eb6dc08b748.gcov is included (trace)...
(DEBUG)   No filter matched.
(DEBUG) --> File is excluded.
(DEBUG) Finding source file corresponding to a gcov data file
  gcov_fname   /home/felipe/zephyrproject/zephyr-course/twister-out/system_work_q.c##984c293fbb4e5620c3466eb6dc08b748.gcov
  current_dir  /home/felipe/zephyrproject/zephyr-course/twister-out
  root         /home/felipe/zephyrproject/zephyr-course/app/modules/ring_buf
  starting_dir /home/felipe/zephyrproject/zephyr-course
  obj_dir      /home/felipe/zephyrproject/zephyr-course/twister-out
  gcda_fname   native_sim_native/host_gnu/zephyr-course/tests/ring_buf/homework.unit.ring_buf/zephyr/kernel/CMakeFiles/kernel.dir/system_work_q.c.gcno
  --> fname    /home/felipe/zephyrproject/zephyr/kernel/system_work_q.c
(DEBUG) Check if /home/felipe/zephyrproject/zephyr/kernel/system_work_q.c is included (source file)...
(DEBUG)   No filter matched.
(DEBUG) --> File is excluded.
(DEBUG) Check if /home/felipe/zephyrproject/zephyr-course/twister-out/native_sim_native/host_gnu/zephyr-course/tests/ring_buf/homework.unit.ring_buf/zephyr/kernel/CMakeFiles/kernel.dir/thread.c.gcda is included (trace)...
(DEBUG)   No filter matched.
(DEBUG) --> File is excluded.
(DEBUG) Check if /home/felipe/zephyrproject/zephyr-course/twister-out/native_sim_native/host_gnu/zephyr-course/tests/ring_buf/homework.unit.ring_buf/zephyr/kernel/CMakeFiles/kernel.dir/thread.c.gcda is included (trace)...
(DEBUG) --> File is excluded.
(DEBUG) Check if thread.c##21820091cf166c74cde7e1fa30310881.gcov is included (gcov file)...
(DEBUG)   Filter AlwaysMatchFilter() matched.
(DEBUG) --> File is included.
(DEBUG) Check if log_msg.h##8e71b5010d1ef358ceb2fe0042f1ff82.gcov is included (gcov file)...
(DEBUG) --> File is included.
(DEBUG) Check if wait_q.h##c55cb3824a8e32844a6026ec1729c33e.gcov is included (gcov file)...
(DEBUG) --> File is included.
(DEBUG) Check if kthread.h##9409f455419132bfc3b9c8e76c631198.gcov is included (gcov file)...
(DEBUG) --> File is included.
(DEBUG) Check if timeout_q.h##90d851c3f83778dd36dd8b7e2ad60ead.gcov is included (gcov file)...
(DEBUG) --> File is included.
(DEBUG) Check if kernel_arch_func.h##32b155e641adc9cd48584db3704df6c2.gcov is included (gcov file)...
(DEBUG) --> File is included.
(DEBUG) Check if kernel.h##02fe483cd34741e407932cea525697b1.gcov is included (gcov file)...
(DEBUG) --> File is included.
(DEBUG) Check if kernel.h##8118239d1ec13e308e040c6439814b34.gcov is included (gcov file)...
(DEBUG) --> File is included.
(DEBUG) Check if thread_stack.h##315e381aeee88a6ae64366dc5eacb4a9.gcov is included (gcov file)...
(DEBUG) --> File is included.
(DEBUG) Check if dlist.h##0f388b119e698d4d0bf30b616f109283.gcov is included (gcov file)...
(DEBUG) --> File is included.
(DEBUG) Check if /home/felipe/zephyrproject/zephyr-course/twister-out/timeout_q.h##90d851c3f83778dd36dd8b7e2ad60ead.gcov is included (trace)...
(DEBUG) --> File is excluded.
(DEBUG) Finding source file corresponding to a gcov data file
  gcov_fname   /home/felipe/zephyrproject/zephyr-course/twister-out/timeout_q.h##90d851c3f83778dd36dd8b7e2ad60ead.gcov
  current_dir  /home/felipe/zephyrproject/zephyr-course/twister-out
  root         /home/felipe/zephyrproject/zephyr-course/app/modules/ring_buf
  starting_dir /home/felipe/zephyrproject/zephyr-course
  obj_dir      /home/felipe/zephyrproject/zephyr-course/twister-out
  gcda_fname   native_sim_native/host_gnu/zephyr-course/tests/ring_buf/homework.unit.ring_buf/zephyr/kernel/CMakeFiles/kernel.dir/thread.c.gcda
  --> fname    /home/felipe/zephyrproject/zephyr/kernel/include/timeout_q.h
(DEBUG) Check if /home/felipe/zephyrproject/zephyr/kernel/include/timeout_q.h is included (source file)...
(DEBUG) --> File is excluded.
(DEBUG) Check if /home/felipe/zephyrproject/zephyr-course/twister-out/kernel_arch_func.h##32b155e641adc9cd48584db3704df6c2.gcov is included (trace)...
(DEBUG) --> File is excluded.
(DEBUG) Finding source file corresponding to a gcov data file
  gcov_fname   /home/felipe/zephyrproject/zephyr-course/twister-out/kernel_arch_func.h##32b155e641adc9cd48584db3704df6c2.gcov
  current_dir  /home/felipe/zephyrproject/zephyr-course/twister-out
  root         /home/felipe/zephyrproject/zephyr-course/app/modules/ring_buf
  starting_dir /home/felipe/zephyrproject/zephyr-course
  obj_dir      /home/felipe/zephyrproject/zephyr-course/twister-out
  gcda_fname   native_sim_native/host_gnu/zephyr-course/tests/ring_buf/homework.unit.ring_buf/zephyr/kernel/CMakeFiles/kernel.dir/thread.c.gcda
  --> fname    /home/felipe/zephyrproject/zephyr/arch/posix/include/kernel_arch_func.h
(DEBUG) Check if /home/felipe/zephyrproject/zephyr/arch/posix/include/kernel_arch_func.h is included (source file)...
(DEBUG) --> File is excluded.
(DEBUG) Check if /home/felipe/zephyrproject/zephyr-course/twister-out/kernel.h##02fe483cd34741e407932cea525697b1.gcov is included (trace)...
(DEBUG) --> File is excluded.
(DEBUG) Finding source file corresponding to a gcov data file
  gcov_fname   /home/felipe/zephyrproject/zephyr-course/twister-out/kernel.h##02fe483cd34741e407932cea525697b1.gcov
  current_dir  /home/felipe/zephyrproject/zephyr-course/twister-out
  root         /home/felipe/zephyrproject/zephyr-course/app/modules/ring_buf
  starting_dir /home/felipe/zephyrproject/zephyr-course
  obj_dir      /home/felipe/zephyrproject/zephyr-course/twister-out
  gcda_fname   native_sim_native/host_gnu/zephyr-course/tests/ring_buf/homework.unit.ring_buf/zephyr/kernel/CMakeFiles/kernel.dir/thread.c.gcda
  --> fname    /home/felipe/zephyrproject/zephyr-course/twister-out/native_sim_native/host_gnu/zephyr-course/tests/ring_buf/homework.unit.ring_buf/zephyr/include/generated/zephyr/syscalls/kernel.h
(DEBUG) Check if /home/felipe/zephyrproject/zephyr-course/twister-out/native_sim_native/host_gnu/zephyr-course/tests/ring_buf/homework.unit.ring_buf/zephyr/include/generated/zephyr/syscalls/kernel.h is included (source file)...
(DEBUG) --> File is excluded.
(DEBUG) Check if /home/felipe/zephyrproject/zephyr-course/twister-out/kthread.h##9409f455419132bfc3b9c8e76c631198.gcov is included (trace)...
(DEBUG) --> File is excluded.
(DEBUG) Finding source file corresponding to a gcov data file
  gcov_fname   /home/felipe/zephyrproject/zephyr-course/twister-out/kthread.h##9409f455419132bfc3b9c8e76c631198.gcov
  current_dir  /home/felipe/zephyrproject/zephyr-course/twister-out
  root         /home/felipe/zephyrproject/zephyr-course/app/modules/ring_buf
  starting_dir /home/felipe/zephyrproject/zephyr-course
  obj_dir      /home/felipe/zephyrproject/zephyr-course/twister-out
  gcda_fname   native_sim_native/host_gnu/zephyr-course/tests/ring_buf/homework.unit.ring_buf/zephyr/kernel/CMakeFiles/kernel.dir/thread.c.gcda
  --> fname    /home/felipe/zephyrproject/zephyr/kernel/include/kthread.h
(DEBUG) Check if /home/felipe/zephyrproject/zephyr/kernel/include/kthread.h is included (source file)...
(DEBUG) --> File is excluded.
(DEBUG) Check if /home/felipe/zephyrproject/zephyr-course/twister-out/dlist.h##0f388b119e698d4d0bf30b616f109283.gcov is included (trace)...
(DEBUG) --> File is excluded.
(DEBUG) Finding source file corresponding to a gcov data file
  gcov_fname   /home/felipe/zephyrproject/zephyr-course/twister-out/dlist.h##0f388b119e698d4d0bf30b616f109283.gcov
  current_dir  /home/felipe/zephyrproject/zephyr-course/twister-out
  root         /home/felipe/zephyrproject/zephyr-course/app/modules/ring_buf
  starting_dir /home/felipe/zephyrproject/zephyr-course
  obj_dir      /home/felipe/zephyrproject/zephyr-course/twister-out
  gcda_fname   native_sim_native/host_gnu/zephyr-course/tests/ring_buf/homework.unit.ring_buf/zephyr/kernel/CMakeFiles/kernel.dir/thread.c.gcda
  --> fname    /home/felipe/zephyrproject/zephyr/include/zephyr/sys/dlist.h
(DEBUG) Check if /home/felipe/zephyrproject/zephyr/include/zephyr/sys/dlist.h is included (source file)...
(DEBUG) --> File is excluded.
(DEBUG) Check if /home/felipe/zephyrproject/zephyr-course/twister-out/wait_q.h##c55cb3824a8e32844a6026ec1729c33e.gcov is included (trace)...
(DEBUG) --> File is excluded.
(DEBUG) Finding source file corresponding to a gcov data file
  gcov_fname   /home/felipe/zephyrproject/zephyr-course/twister-out/wait_q.h##c55cb3824a8e32844a6026ec1729c33e.gcov
  current_dir  /home/felipe/zephyrproject/zephyr-course/twister-out
  root         /home/felipe/zephyrproject/zephyr-course/app/modules/ring_buf
  starting_dir /home/felipe/zephyrproject/zephyr-course
  obj_dir      /home/felipe/zephyrproject/zephyr-course/twister-out
  gcda_fname   native_sim_native/host_gnu/zephyr-course/tests/ring_buf/homework.unit.ring_buf/zephyr/kernel/CMakeFiles/kernel.dir/thread.c.gcda
  --> fname    /home/felipe/zephyrproject/zephyr/kernel/include/wait_q.h
(DEBUG) Check if /home/felipe/zephyrproject/zephyr/kernel/include/wait_q.h is included (source file)...
(DEBUG) --> File is excluded.
(DEBUG) Check if /home/felipe/zephyrproject/zephyr-course/twister-out/thread_stack.h##315e381aeee88a6ae64366dc5eacb4a9.gcov is included (trace)...
(DEBUG) --> File is excluded.
(DEBUG) Finding source file corresponding to a gcov data file
  gcov_fname   /home/felipe/zephyrproject/zephyr-course/twister-out/thread_stack.h##315e381aeee88a6ae64366dc5eacb4a9.gcov
  current_dir  /home/felipe/zephyrproject/zephyr-course/twister-out
  root         /home/felipe/zephyrproject/zephyr-course/app/modules/ring_buf
  starting_dir /home/felipe/zephyrproject/zephyr-course
  obj_dir      /home/felipe/zephyrproject/zephyr-course/twister-out
  gcda_fname   native_sim_native/host_gnu/zephyr-course/tests/ring_buf/homework.unit.ring_buf/zephyr/kernel/CMakeFiles/kernel.dir/thread.c.gcda
  --> fname    /home/felipe/zephyrproject/zephyr/include/zephyr/kernel/thread_stack.h
(DEBUG) Check if /home/felipe/zephyrproject/zephyr/include/zephyr/kernel/thread_stack.h is included (source file)...
(DEBUG) --> File is excluded.
(DEBUG) Check if /home/felipe/zephyrproject/zephyr-course/twister-out/log_msg.h##8e71b5010d1ef358ceb2fe0042f1ff82.gcov is included (trace)...
(DEBUG) --> File is excluded.
(DEBUG) Finding source file corresponding to a gcov data file
  gcov_fname   /home/felipe/zephyrproject/zephyr-course/twister-out/log_msg.h##8e71b5010d1ef358ceb2fe0042f1ff82.gcov
  current_dir  /home/felipe/zephyrproject/zephyr-course/twister-out
  root         /home/felipe/zephyrproject/zephyr-course/app/modules/ring_buf
  starting_dir /home/felipe/zephyrproject/zephyr-course
  obj_dir      /home/felipe/zephyrproject/zephyr-course/twister-out
  gcda_fname   native_sim_native/host_gnu/zephyr-course/tests/ring_buf/homework.unit.ring_buf/zephyr/kernel/CMakeFiles/kernel.dir/thread.c.gcda
  --> fname    /home/felipe/zephyrproject/zephyr/include/zephyr/logging/log_msg.h
(DEBUG) Check if /home/felipe/zephyrproject/zephyr/include/zephyr/logging/log_msg.h is included (source file)...
(DEBUG) --> File is excluded.
(DEBUG) Check if /home/felipe/zephyrproject/zephyr-course/twister-out/kernel.h##8118239d1ec13e308e040c6439814b34.gcov is included (trace)...
(DEBUG) --> File is excluded.
(DEBUG) Finding source file corresponding to a gcov data file
  gcov_fname   /home/felipe/zephyrproject/zephyr-course/twister-out/kernel.h##8118239d1ec13e308e040c6439814b34.gcov
  current_dir  /home/felipe/zephyrproject/zephyr-course/twister-out
  root         /home/felipe/zephyrproject/zephyr-course/app/modules/ring_buf
  starting_dir /home/felipe/zephyrproject/zephyr-course
  obj_dir      /home/felipe/zephyrproject/zephyr-course/twister-out
  gcda_fname   native_sim_native/host_gnu/zephyr-course/tests/ring_buf/homework.unit.ring_buf/zephyr/kernel/CMakeFiles/kernel.dir/thread.c.gcda
  --> fname    /home/felipe/zephyrproject/zephyr/include/zephyr/kernel.h
(DEBUG) Check if /home/felipe/zephyrproject/zephyr/include/zephyr/kernel.h is included (source file)...
(DEBUG) --> File is excluded.
(DEBUG) Check if /home/felipe/zephyrproject/zephyr-course/twister-out/thread.c##21820091cf166c74cde7e1fa30310881.gcov is included (trace)...
(DEBUG)   No filter matched.
(DEBUG) --> File is excluded.
(DEBUG) Finding source file corresponding to a gcov data file
  gcov_fname   /home/felipe/zephyrproject/zephyr-course/twister-out/thread.c##21820091cf166c74cde7e1fa30310881.gcov
  current_dir  /home/felipe/zephyrproject/zephyr-course/twister-out
  root         /home/felipe/zephyrproject/zephyr-course/app/modules/ring_buf
  starting_dir /home/felipe/zephyrproject/zephyr-course
  obj_dir      /home/felipe/zephyrproject/zephyr-course/twister-out
  gcda_fname   native_sim_native/host_gnu/zephyr-course/tests/ring_buf/homework.unit.ring_buf/zephyr/kernel/CMakeFiles/kernel.dir/thread.c.gcda
  --> fname    /home/felipe/zephyrproject/zephyr/kernel/thread.c
(DEBUG) Check if /home/felipe/zephyrproject/zephyr/kernel/thread.c is included (source file)...
(DEBUG)   No filter matched.
(DEBUG) --> File is excluded.
(DEBUG) Check if /home/felipe/zephyrproject/zephyr-course/twister-out/native_sim_native/host_gnu/zephyr-course/tests/ring_buf/homework.unit.ring_buf/zephyr/kernel/CMakeFiles/kernel.dir/timeout.c.gcda is included (trace)...
(DEBUG)   No filter matched.
(DEBUG) --> File is excluded.
(DEBUG) Check if /home/felipe/zephyrproject/zephyr-course/twister-out/native_sim_native/host_gnu/zephyr-course/tests/ring_buf/homework.unit.ring_buf/zephyr/kernel/CMakeFiles/kernel.dir/timeout.c.gcda is included (trace)...
(DEBUG) --> File is excluded.
(DEBUG) Check if timeout.c##ad00b78ec6d820551c46f332fc9eacdf.gcov is included (gcov file)...
(DEBUG)   Filter AlwaysMatchFilter() matched.
(DEBUG) --> File is included.
(DEBUG) Check if timeout_q.h##90d851c3f83778dd36dd8b7e2ad60ead.gcov is included (gcov file)...
(DEBUG) --> File is included.
(DEBUG) Check if spinlock.h##d07917f143d2ca5ff94f2d220e528568.gcov is included (gcov file)...
(DEBUG) --> File is included.
(DEBUG) Check if arch.h##f17e3501b457fcbd947bf4189b99bd89.gcov is included (gcov file)...
(DEBUG) --> File is included.
(DEBUG) Check if dlist.h##0f388b119e698d4d0bf30b616f109283.gcov is included (gcov file)...
(DEBUG) --> File is included.
(DEBUG) Check if /home/felipe/zephyrproject/zephyr-course/twister-out/timeout_q.h##90d851c3f83778dd36dd8b7e2ad60ead.gcov is included (trace)...
(DEBUG) --> File is excluded.
(DEBUG) Finding source file corresponding to a gcov data file
  gcov_fname   /home/felipe/zephyrproject/zephyr-course/twister-out/timeout_q.h##90d851c3f83778dd36dd8b7e2ad60ead.gcov
  current_dir  /home/felipe/zephyrproject/zephyr-course/twister-out
  root         /home/felipe/zephyrproject/zephyr-course/app/modules/ring_buf
  starting_dir /home/felipe/zephyrproject/zephyr-course
  obj_dir      /home/felipe/zephyrproject/zephyr-course/twister-out
  gcda_fname   native_sim_native/host_gnu/zephyr-course/tests/ring_buf/homework.unit.ring_buf/zephyr/kernel/CMakeFiles/kernel.dir/timeout.c.gcda
  --> fname    /home/felipe/zephyrproject/zephyr/kernel/include/timeout_q.h
(DEBUG) Check if /home/felipe/zephyrproject/zephyr/kernel/include/timeout_q.h is included (source file)...
(DEBUG) --> File is excluded.
(DEBUG) Check if /home/felipe/zephyrproject/zephyr-course/twister-out/dlist.h##0f388b119e698d4d0bf30b616f109283.gcov is included (trace)...
(DEBUG) --> File is excluded.
(DEBUG) Finding source file corresponding to a gcov data file
  gcov_fname   /home/felipe/zephyrproject/zephyr-course/twister-out/dlist.h##0f388b119e698d4d0bf30b616f109283.gcov
  current_dir  /home/felipe/zephyrproject/zephyr-course/twister-out
  root         /home/felipe/zephyrproject/zephyr-course/app/modules/ring_buf
  starting_dir /home/felipe/zephyrproject/zephyr-course
  obj_dir      /home/felipe/zephyrproject/zephyr-course/twister-out
  gcda_fname   native_sim_native/host_gnu/zephyr-course/tests/ring_buf/homework.unit.ring_buf/zephyr/kernel/CMakeFiles/kernel.dir/timeout.c.gcda
  --> fname    /home/felipe/zephyrproject/zephyr/include/zephyr/sys/dlist.h
(DEBUG) Check if /home/felipe/zephyrproject/zephyr/include/zephyr/sys/dlist.h is included (source file)...
(DEBUG) --> File is excluded.
(DEBUG) Check if /home/felipe/zephyrproject/zephyr-course/twister-out/arch.h##f17e3501b457fcbd947bf4189b99bd89.gcov is included (trace)...
(DEBUG) --> File is excluded.
(DEBUG) Finding source file corresponding to a gcov data file
  gcov_fname   /home/felipe/zephyrproject/zephyr-course/twister-out/arch.h##f17e3501b457fcbd947bf4189b99bd89.gcov
  current_dir  /home/felipe/zephyrproject/zephyr-course/twister-out
  root         /home/felipe/zephyrproject/zephyr-course/app/modules/ring_buf
  starting_dir /home/felipe/zephyrproject/zephyr-course
  obj_dir      /home/felipe/zephyrproject/zephyr-course/twister-out
  gcda_fname   native_sim_native/host_gnu/zephyr-course/tests/ring_buf/homework.unit.ring_buf/zephyr/kernel/CMakeFiles/kernel.dir/timeout.c.gcda
  --> fname    /home/felipe/zephyrproject/zephyr/include/zephyr/arch/posix/arch.h
(DEBUG) Check if /home/felipe/zephyrproject/zephyr/include/zephyr/arch/posix/arch.h is included (source file)...
(DEBUG) --> File is excluded.
(DEBUG) Check if /home/felipe/zephyrproject/zephyr-course/twister-out/spinlock.h##d07917f143d2ca5ff94f2d220e528568.gcov is included (trace)...
(DEBUG) --> File is excluded.
(DEBUG) Finding source file corresponding to a gcov data file
  gcov_fname   /home/felipe/zephyrproject/zephyr-course/twister-out/spinlock.h##d07917f143d2ca5ff94f2d220e528568.gcov
  current_dir  /home/felipe/zephyrproject/zephyr-course/twister-out
  root         /home/felipe/zephyrproject/zephyr-course/app/modules/ring_buf
  starting_dir /home/felipe/zephyrproject/zephyr-course
  obj_dir      /home/felipe/zephyrproject/zephyr-course/twister-out
  gcda_fname   native_sim_native/host_gnu/zephyr-course/tests/ring_buf/homework.unit.ring_buf/zephyr/kernel/CMakeFiles/kernel.dir/timeout.c.gcda
  --> fname    /home/felipe/zephyrproject/zephyr/include/zephyr/spinlock.h
(DEBUG) Check if /home/felipe/zephyrproject/zephyr/include/zephyr/spinlock.h is included (source file)...
(DEBUG) --> File is excluded.
(DEBUG) Check if /home/felipe/zephyrproject/zephyr-course/twister-out/timeout.c##ad00b78ec6d820551c46f332fc9eacdf.gcov is included (trace)...
(DEBUG)   No filter matched.
(DEBUG) --> File is excluded.
(DEBUG) Finding source file corresponding to a gcov data file
  gcov_fname   /home/felipe/zephyrproject/zephyr-course/twister-out/timeout.c##ad00b78ec6d820551c46f332fc9eacdf.gcov
  current_dir  /home/felipe/zephyrproject/zephyr-course/twister-out
  root         /home/felipe/zephyrproject/zephyr-course/app/modules/ring_buf
  starting_dir /home/felipe/zephyrproject/zephyr-course
  obj_dir      /home/felipe/zephyrproject/zephyr-course/twister-out
  gcda_fname   native_sim_native/host_gnu/zephyr-course/tests/ring_buf/homework.unit.ring_buf/zephyr/kernel/CMakeFiles/kernel.dir/timeout.c.gcda
  --> fname    /home/felipe/zephyrproject/zephyr/kernel/timeout.c
(DEBUG) Check if /home/felipe/zephyrproject/zephyr/kernel/timeout.c is included (source file)...
(DEBUG)   No filter matched.
(DEBUG) --> File is excluded.
(DEBUG) Check if /home/felipe/zephyrproject/zephyr-course/twister-out/native_sim_native/host_gnu/zephyr-course/tests/ring_buf/homework.unit.ring_buf/zephyr/kernel/CMakeFiles/kernel.dir/timer.c.gcda is included (trace)...
(DEBUG)   No filter matched.
(DEBUG) --> File is excluded.
(DEBUG) Check if /home/felipe/zephyrproject/zephyr-course/twister-out/native_sim_native/host_gnu/zephyr-course/tests/ring_buf/homework.unit.ring_buf/zephyr/kernel/CMakeFiles/kernel.dir/timer.c.gcda is included (trace)...
(DEBUG) --> File is excluded.
(DEBUG) Check if timer.c##ab09f865b3a746b61d6a693a9ef03410.gcov is included (gcov file)...
(DEBUG)   Filter AlwaysMatchFilter() matched.
(DEBUG) --> File is included.
(DEBUG) Check if wait_q.h##c55cb3824a8e32844a6026ec1729c33e.gcov is included (gcov file)...
(DEBUG) --> File is included.
(DEBUG) Check if ksched.h##0cebf465783caf800468063ad71827b7.gcov is included (gcov file)...
(DEBUG) --> File is included.
(DEBUG) Check if timeout_q.h##90d851c3f83778dd36dd8b7e2ad60ead.gcov is included (gcov file)...
(DEBUG) --> File is included.
(DEBUG) Check if kernel_arch_func.h##32b155e641adc9cd48584db3704df6c2.gcov is included (gcov file)...
(DEBUG) --> File is included.
(DEBUG) Check if kernel.h##02fe483cd34741e407932cea525697b1.gcov is included (gcov file)...
(DEBUG) --> File is included.
(DEBUG) Check if kobject_internal.h##a8c30b7c0aaee4fff0317a3d8ddf7a57.gcov is included (gcov file)...
(DEBUG) --> File is included.
(DEBUG) Check if spinlock.h##d07917f143d2ca5ff94f2d220e528568.gcov is included (gcov file)...
(DEBUG) --> File is included.
(DEBUG) Check if arch.h##f17e3501b457fcbd947bf4189b99bd89.gcov is included (gcov file)...
(DEBUG) --> File is included.
(DEBUG) Check if dlist.h##0f388b119e698d4d0bf30b616f109283.gcov is included (gcov file)...
(DEBUG) --> File is included.
(DEBUG) Check if /home/felipe/zephyrproject/zephyr-course/twister-out/timeout_q.h##90d851c3f83778dd36dd8b7e2ad60ead.gcov is included (trace)...
(DEBUG) --> File is excluded.
(DEBUG) Finding source file corresponding to a gcov data file
  gcov_fname   /home/felipe/zephyrproject/zephyr-course/twister-out/timeout_q.h##90d851c3f83778dd36dd8b7e2ad60ead.gcov
  current_dir  /home/felipe/zephyrproject/zephyr-course/twister-out
  root         /home/felipe/zephyrproject/zephyr-course/app/modules/ring_buf
  starting_dir /home/felipe/zephyrproject/zephyr-course
  obj_dir      /home/felipe/zephyrproject/zephyr-course/twister-out
  gcda_fname   native_sim_native/host_gnu/zephyr-course/tests/ring_buf/homework.unit.ring_buf/zephyr/kernel/CMakeFiles/kernel.dir/timer.c.gcda
  --> fname    /home/felipe/zephyrproject/zephyr/kernel/include/timeout_q.h
(DEBUG) Check if /home/felipe/zephyrproject/zephyr/kernel/include/timeout_q.h is included (source file)...
(DEBUG) --> File is excluded.
(DEBUG) Check if /home/felipe/zephyrproject/zephyr-course/twister-out/kernel_arch_func.h##32b155e641adc9cd48584db3704df6c2.gcov is included (trace)...
(DEBUG) --> File is excluded.
(DEBUG) Finding source file corresponding to a gcov data file
  gcov_fname   /home/felipe/zephyrproject/zephyr-course/twister-out/kernel_arch_func.h##32b155e641adc9cd48584db3704df6c2.gcov
  current_dir  /home/felipe/zephyrproject/zephyr-course/twister-out
  root         /home/felipe/zephyrproject/zephyr-course/app/modules/ring_buf
  starting_dir /home/felipe/zephyrproject/zephyr-course
  obj_dir      /home/felipe/zephyrproject/zephyr-course/twister-out
  gcda_fname   native_sim_native/host_gnu/zephyr-course/tests/ring_buf/homework.unit.ring_buf/zephyr/kernel/CMakeFiles/kernel.dir/timer.c.gcda
  --> fname    /home/felipe/zephyrproject/zephyr/arch/posix/include/kernel_arch_func.h
(DEBUG) Check if /home/felipe/zephyrproject/zephyr/arch/posix/include/kernel_arch_func.h is included (source file)...
(DEBUG) --> File is excluded.
(DEBUG) Check if /home/felipe/zephyrproject/zephyr-course/twister-out/kernel.h##02fe483cd34741e407932cea525697b1.gcov is included (trace)...
(DEBUG) --> File is excluded.
(DEBUG) Finding source file corresponding to a gcov data file
  gcov_fname   /home/felipe/zephyrproject/zephyr-course/twister-out/kernel.h##02fe483cd34741e407932cea525697b1.gcov
  current_dir  /home/felipe/zephyrproject/zephyr-course/twister-out
  root         /home/felipe/zephyrproject/zephyr-course/app/modules/ring_buf
  starting_dir /home/felipe/zephyrproject/zephyr-course
  obj_dir      /home/felipe/zephyrproject/zephyr-course/twister-out
  gcda_fname   native_sim_native/host_gnu/zephyr-course/tests/ring_buf/homework.unit.ring_buf/zephyr/kernel/CMakeFiles/kernel.dir/timer.c.gcda
  --> fname    /home/felipe/zephyrproject/zephyr-course/twister-out/native_sim_native/host_gnu/zephyr-course/tests/ring_buf/homework.unit.ring_buf/zephyr/include/generated/zephyr/syscalls/kernel.h
(DEBUG) Check if /home/felipe/zephyrproject/zephyr-course/twister-out/native_sim_native/host_gnu/zephyr-course/tests/ring_buf/homework.unit.ring_buf/zephyr/include/generated/zephyr/syscalls/kernel.h is included (source file)...
(DEBUG) --> File is excluded.
(DEBUG) Check if /home/felipe/zephyrproject/zephyr-course/twister-out/kobject_internal.h##a8c30b7c0aaee4fff0317a3d8ddf7a57.gcov is included (trace)...
(DEBUG) --> File is excluded.
(DEBUG) Finding source file corresponding to a gcov data file
  gcov_fname   /home/felipe/zephyrproject/zephyr-course/twister-out/kobject_internal.h##a8c30b7c0aaee4fff0317a3d8ddf7a57.gcov
  current_dir  /home/felipe/zephyrproject/zephyr-course/twister-out
  root         /home/felipe/zephyrproject/zephyr-course/app/modules/ring_buf
  starting_dir /home/felipe/zephyrproject/zephyr-course
  obj_dir      /home/felipe/zephyrproject/zephyr-course/twister-out
  gcda_fname   native_sim_native/host_gnu/zephyr-course/tests/ring_buf/homework.unit.ring_buf/zephyr/kernel/CMakeFiles/kernel.dir/timer.c.gcda
  --> fname    /home/felipe/zephyrproject/zephyr/include/zephyr/sys/internal/kobject_internal.h
(DEBUG) Check if /home/felipe/zephyrproject/zephyr/include/zephyr/sys/internal/kobject_internal.h is included (source file)...
(DEBUG) --> File is excluded.
(DEBUG) Check if /home/felipe/zephyrproject/zephyr-course/twister-out/dlist.h##0f388b119e698d4d0bf30b616f109283.gcov is included (trace)...
(DEBUG) --> File is excluded.
(DEBUG) Finding source file corresponding to a gcov data file
  gcov_fname   /home/felipe/zephyrproject/zephyr-course/twister-out/dlist.h##0f388b119e698d4d0bf30b616f109283.gcov
  current_dir  /home/felipe/zephyrproject/zephyr-course/twister-out
  root         /home/felipe/zephyrproject/zephyr-course/app/modules/ring_buf
  starting_dir /home/felipe/zephyrproject/zephyr-course
  obj_dir      /home/felipe/zephyrproject/zephyr-course/twister-out
  gcda_fname   native_sim_native/host_gnu/zephyr-course/tests/ring_buf/homework.unit.ring_buf/zephyr/kernel/CMakeFiles/kernel.dir/timer.c.gcda
  --> fname    /home/felipe/zephyrproject/zephyr/include/zephyr/sys/dlist.h
(DEBUG) Check if /home/felipe/zephyrproject/zephyr/include/zephyr/sys/dlist.h is included (source file)...
(DEBUG) --> File is excluded.
(DEBUG) Check if /home/felipe/zephyrproject/zephyr-course/twister-out/wait_q.h##c55cb3824a8e32844a6026ec1729c33e.gcov is included (trace)...
(DEBUG) --> File is excluded.
(DEBUG) Finding source file corresponding to a gcov data file
  gcov_fname   /home/felipe/zephyrproject/zephyr-course/twister-out/wait_q.h##c55cb3824a8e32844a6026ec1729c33e.gcov
  current_dir  /home/felipe/zephyrproject/zephyr-course/twister-out
  root         /home/felipe/zephyrproject/zephyr-course/app/modules/ring_buf
  starting_dir /home/felipe/zephyrproject/zephyr-course
  obj_dir      /home/felipe/zephyrproject/zephyr-course/twister-out
  gcda_fname   native_sim_native/host_gnu/zephyr-course/tests/ring_buf/homework.unit.ring_buf/zephyr/kernel/CMakeFiles/kernel.dir/timer.c.gcda
  --> fname    /home/felipe/zephyrproject/zephyr/kernel/include/wait_q.h
(DEBUG) Check if /home/felipe/zephyrproject/zephyr/kernel/include/wait_q.h is included (source file)...
(DEBUG) --> File is excluded.
(DEBUG) Check if /home/felipe/zephyrproject/zephyr-course/twister-out/arch.h##f17e3501b457fcbd947bf4189b99bd89.gcov is included (trace)...
(DEBUG) --> File is excluded.
(DEBUG) Finding source file corresponding to a gcov data file
  gcov_fname   /home/felipe/zephyrproject/zephyr-course/twister-out/arch.h##f17e3501b457fcbd947bf4189b99bd89.gcov
  current_dir  /home/felipe/zephyrproject/zephyr-course/twister-out
  root         /home/felipe/zephyrproject/zephyr-course/app/modules/ring_buf
  starting_dir /home/felipe/zephyrproject/zephyr-course
  obj_dir      /home/felipe/zephyrproject/zephyr-course/twister-out
  gcda_fname   native_sim_native/host_gnu/zephyr-course/tests/ring_buf/homework.unit.ring_buf/zephyr/kernel/CMakeFiles/kernel.dir/timer.c.gcda
  --> fname    /home/felipe/zephyrproject/zephyr/include/zephyr/arch/posix/arch.h
(DEBUG) Check if /home/felipe/zephyrproject/zephyr/include/zephyr/arch/posix/arch.h is included (source file)...
(DEBUG) --> File is excluded.
(DEBUG) Check if /home/felipe/zephyrproject/zephyr-course/twister-out/spinlock.h##d07917f143d2ca5ff94f2d220e528568.gcov is included (trace)...
(DEBUG) --> File is excluded.
(DEBUG) Finding source file corresponding to a gcov data file
  gcov_fname   /home/felipe/zephyrproject/zephyr-course/twister-out/spinlock.h##d07917f143d2ca5ff94f2d220e528568.gcov
  current_dir  /home/felipe/zephyrproject/zephyr-course/twister-out
  root         /home/felipe/zephyrproject/zephyr-course/app/modules/ring_buf
  starting_dir /home/felipe/zephyrproject/zephyr-course
  obj_dir      /home/felipe/zephyrproject/zephyr-course/twister-out
  gcda_fname   native_sim_native/host_gnu/zephyr-course/tests/ring_buf/homework.unit.ring_buf/zephyr/kernel/CMakeFiles/kernel.dir/timer.c.gcda
  --> fname    /home/felipe/zephyrproject/zephyr/include/zephyr/spinlock.h
(DEBUG) Check if /home/felipe/zephyrproject/zephyr/include/zephyr/spinlock.h is included (source file)...
(DEBUG) --> File is excluded.
(DEBUG) Check if /home/felipe/zephyrproject/zephyr-course/twister-out/timer.c##ab09f865b3a746b61d6a693a9ef03410.gcov is included (trace)...
(DEBUG)   No filter matched.
(DEBUG) --> File is excluded.
(DEBUG) Finding source file corresponding to a gcov data file
  gcov_fname   /home/felipe/zephyrproject/zephyr-course/twister-out/timer.c##ab09f865b3a746b61d6a693a9ef03410.gcov
  current_dir  /home/felipe/zephyrproject/zephyr-course/twister-out
  root         /home/felipe/zephyrproject/zephyr-course/app/modules/ring_buf
  starting_dir /home/felipe/zephyrproject/zephyr-course
  obj_dir      /home/felipe/zephyrproject/zephyr-course/twister-out
  gcda_fname   native_sim_native/host_gnu/zephyr-course/tests/ring_buf/homework.unit.ring_buf/zephyr/kernel/CMakeFiles/kernel.dir/timer.c.gcda
  --> fname    /home/felipe/zephyrproject/zephyr/kernel/timer.c
(DEBUG) Check if /home/felipe/zephyrproject/zephyr/kernel/timer.c is included (source file)...
(DEBUG)   No filter matched.
(DEBUG) --> File is excluded.
(DEBUG) Check if /home/felipe/zephyrproject/zephyr-course/twister-out/ksched.h##0cebf465783caf800468063ad71827b7.gcov is included (trace)...
(DEBUG) --> File is excluded.
(DEBUG) Finding source file corresponding to a gcov data file
  gcov_fname   /home/felipe/zephyrproject/zephyr-course/twister-out/ksched.h##0cebf465783caf800468063ad71827b7.gcov
  current_dir  /home/felipe/zephyrproject/zephyr-course/twister-out
  root         /home/felipe/zephyrproject/zephyr-course/app/modules/ring_buf
  starting_dir /home/felipe/zephyrproject/zephyr-course
  obj_dir      /home/felipe/zephyrproject/zephyr-course/twister-out
  gcda_fname   native_sim_native/host_gnu/zephyr-course/tests/ring_buf/homework.unit.ring_buf/zephyr/kernel/CMakeFiles/kernel.dir/timer.c.gcda
  --> fname    /home/felipe/zephyrproject/zephyr/kernel/include/ksched.h
(DEBUG) Check if /home/felipe/zephyrproject/zephyr/kernel/include/ksched.h is included (source file)...
(DEBUG) --> File is excluded.
(DEBUG) Check if /home/felipe/zephyrproject/zephyr-course/twister-out/native_sim_native/host_gnu/zephyr-course/tests/ring_buf/homework.unit.ring_buf/zephyr/kernel/CMakeFiles/kernel.dir/timeslicing.c.gcda is included (trace)...
(DEBUG)   No filter matched.
(DEBUG) --> File is excluded.
(DEBUG) Check if /home/felipe/zephyrproject/zephyr-course/twister-out/native_sim_native/host_gnu/zephyr-course/tests/ring_buf/homework.unit.ring_buf/zephyr/kernel/CMakeFiles/kernel.dir/timeslicing.c.gcda is included (trace)...
(DEBUG) --> File is excluded.
(DEBUG) Check if timeslicing.c##c26e07f421b1c8e07ff9a692fc822fc7.gcov is included (gcov file)...
(DEBUG)   Filter AlwaysMatchFilter() matched.
(DEBUG) --> File is included.
(DEBUG) Check if ksched.h##0cebf465783caf800468063ad71827b7.gcov is included (gcov file)...
(DEBUG) --> File is included.
(DEBUG) Check if kthread.h##9409f455419132bfc3b9c8e76c631198.gcov is included (gcov file)...
(DEBUG) --> File is included.
(DEBUG) Check if spinlock.h##d07917f143d2ca5ff94f2d220e528568.gcov is included (gcov file)...
(DEBUG) --> File is included.
(DEBUG) Check if arch.h##f17e3501b457fcbd947bf4189b99bd89.gcov is included (gcov file)...
(DEBUG) --> File is included.
(DEBUG) Check if /home/felipe/zephyrproject/zephyr-course/twister-out/kthread.h##9409f455419132bfc3b9c8e76c631198.gcov is included (trace)...
(DEBUG) --> File is excluded.
(DEBUG) Finding source file corresponding to a gcov data file
  gcov_fname   /home/felipe/zephyrproject/zephyr-course/twister-out/kthread.h##9409f455419132bfc3b9c8e76c631198.gcov
  current_dir  /home/felipe/zephyrproject/zephyr-course/twister-out
  root         /home/felipe/zephyrproject/zephyr-course/app/modules/ring_buf
  starting_dir /home/felipe/zephyrproject/zephyr-course
  obj_dir      /home/felipe/zephyrproject/zephyr-course/twister-out
  gcda_fname   native_sim_native/host_gnu/zephyr-course/tests/ring_buf/homework.unit.ring_buf/zephyr/kernel/CMakeFiles/kernel.dir/timeslicing.c.gcda
  --> fname    /home/felipe/zephyrproject/zephyr/kernel/include/kthread.h
(DEBUG) Check if /home/felipe/zephyrproject/zephyr/kernel/include/kthread.h is included (source file)...
(DEBUG) --> File is excluded.
(DEBUG) Check if /home/felipe/zephyrproject/zephyr-course/twister-out/arch.h##f17e3501b457fcbd947bf4189b99bd89.gcov is included (trace)...
(DEBUG) --> File is excluded.
(DEBUG) Finding source file corresponding to a gcov data file
  gcov_fname   /home/felipe/zephyrproject/zephyr-course/twister-out/arch.h##f17e3501b457fcbd947bf4189b99bd89.gcov
  current_dir  /home/felipe/zephyrproject/zephyr-course/twister-out
  root         /home/felipe/zephyrproject/zephyr-course/app/modules/ring_buf
  starting_dir /home/felipe/zephyrproject/zephyr-course
  obj_dir      /home/felipe/zephyrproject/zephyr-course/twister-out
  gcda_fname   native_sim_native/host_gnu/zephyr-course/tests/ring_buf/homework.unit.ring_buf/zephyr/kernel/CMakeFiles/kernel.dir/timeslicing.c.gcda
  --> fname    /home/felipe/zephyrproject/zephyr/include/zephyr/arch/posix/arch.h
(DEBUG) Check if /home/felipe/zephyrproject/zephyr/include/zephyr/arch/posix/arch.h is included (source file)...
(DEBUG) --> File is excluded.
(DEBUG) Check if /home/felipe/zephyrproject/zephyr-course/twister-out/spinlock.h##d07917f143d2ca5ff94f2d220e528568.gcov is included (trace)...
(DEBUG) --> File is excluded.
(DEBUG) Finding source file corresponding to a gcov data file
  gcov_fname   /home/felipe/zephyrproject/zephyr-course/twister-out/spinlock.h##d07917f143d2ca5ff94f2d220e528568.gcov
  current_dir  /home/felipe/zephyrproject/zephyr-course/twister-out
  root         /home/felipe/zephyrproject/zephyr-course/app/modules/ring_buf
  starting_dir /home/felipe/zephyrproject/zephyr-course
  obj_dir      /home/felipe/zephyrproject/zephyr-course/twister-out
  gcda_fname   native_sim_native/host_gnu/zephyr-course/tests/ring_buf/homework.unit.ring_buf/zephyr/kernel/CMakeFiles/kernel.dir/timeslicing.c.gcda
  --> fname    /home/felipe/zephyrproject/zephyr/include/zephyr/spinlock.h
(DEBUG) Check if /home/felipe/zephyrproject/zephyr/include/zephyr/spinlock.h is included (source file)...
(DEBUG) --> File is excluded.
(DEBUG) Check if /home/felipe/zephyrproject/zephyr-course/twister-out/timeslicing.c##c26e07f421b1c8e07ff9a692fc822fc7.gcov is included (trace)...
(DEBUG)   No filter matched.
(DEBUG) --> File is excluded.
(DEBUG) Finding source file corresponding to a gcov data file
  gcov_fname   /home/felipe/zephyrproject/zephyr-course/twister-out/timeslicing.c##c26e07f421b1c8e07ff9a692fc822fc7.gcov
  current_dir  /home/felipe/zephyrproject/zephyr-course/twister-out
  root         /home/felipe/zephyrproject/zephyr-course/app/modules/ring_buf
  starting_dir /home/felipe/zephyrproject/zephyr-course
  obj_dir      /home/felipe/zephyrproject/zephyr-course/twister-out
  gcda_fname   native_sim_native/host_gnu/zephyr-course/tests/ring_buf/homework.unit.ring_buf/zephyr/kernel/CMakeFiles/kernel.dir/timeslicing.c.gcda
  --> fname    /home/felipe/zephyrproject/zephyr/kernel/timeslicing.c
(DEBUG) Check if /home/felipe/zephyrproject/zephyr/kernel/timeslicing.c is included (source file)...
(DEBUG)   No filter matched.
(DEBUG) --> File is excluded.
(DEBUG) Check if /home/felipe/zephyrproject/zephyr-course/twister-out/ksched.h##0cebf465783caf800468063ad71827b7.gcov is included (trace)...
(DEBUG) --> File is excluded.
(DEBUG) Finding source file corresponding to a gcov data file
  gcov_fname   /home/felipe/zephyrproject/zephyr-course/twister-out/ksched.h##0cebf465783caf800468063ad71827b7.gcov
  current_dir  /home/felipe/zephyrproject/zephyr-course/twister-out
  root         /home/felipe/zephyrproject/zephyr-course/app/modules/ring_buf
  starting_dir /home/felipe/zephyrproject/zephyr-course
  obj_dir      /home/felipe/zephyrproject/zephyr-course/twister-out
  gcda_fname   native_sim_native/host_gnu/zephyr-course/tests/ring_buf/homework.unit.ring_buf/zephyr/kernel/CMakeFiles/kernel.dir/timeslicing.c.gcda
  --> fname    /home/felipe/zephyrproject/zephyr/kernel/include/ksched.h
(DEBUG) Check if /home/felipe/zephyrproject/zephyr/kernel/include/ksched.h is included (source file)...
(DEBUG) --> File is excluded.
(DEBUG) Check if /home/felipe/zephyrproject/zephyr-course/twister-out/native_sim_native/host_gnu/zephyr-course/tests/ring_buf/homework.unit.ring_buf/zephyr/kernel/CMakeFiles/kernel.dir/version.c.gcno is included (trace)...
(DEBUG)   No filter matched.
(DEBUG) --> File is excluded.
(DEBUG) Check if /home/felipe/zephyrproject/zephyr-course/twister-out/native_sim_native/host_gnu/zephyr-course/tests/ring_buf/homework.unit.ring_buf/zephyr/kernel/CMakeFiles/kernel.dir/version.c.gcno is included (trace)...
(DEBUG) --> File is excluded.
(DEBUG) Check if version.c##263e2d746a1623aba0fc3dd6ab6f2736.gcov is included (gcov file)...
(DEBUG)   Filter AlwaysMatchFilter() matched.
(DEBUG) --> File is included.
(DEBUG) Check if /home/felipe/zephyrproject/zephyr-course/twister-out/version.c##263e2d746a1623aba0fc3dd6ab6f2736.gcov is included (trace)...
(DEBUG)   No filter matched.
(DEBUG) --> File is excluded.
(DEBUG) Finding source file corresponding to a gcov data file
  gcov_fname   /home/felipe/zephyrproject/zephyr-course/twister-out/version.c##263e2d746a1623aba0fc3dd6ab6f2736.gcov
  current_dir  /home/felipe/zephyrproject/zephyr-course/twister-out
  root         /home/felipe/zephyrproject/zephyr-course/app/modules/ring_buf
  starting_dir /home/felipe/zephyrproject/zephyr-course
  obj_dir      /home/felipe/zephyrproject/zephyr-course/twister-out
  gcda_fname   native_sim_native/host_gnu/zephyr-course/tests/ring_buf/homework.unit.ring_buf/zephyr/kernel/CMakeFiles/kernel.dir/version.c.gcno
  --> fname    /home/felipe/zephyrproject/zephyr/kernel/version.c
(DEBUG) Check if /home/felipe/zephyrproject/zephyr/kernel/version.c is included (source file)...
(DEBUG)   No filter matched.
(DEBUG) --> File is excluded.
(DEBUG) Check if /home/felipe/zephyrproject/zephyr-course/twister-out/native_sim_native/host_gnu/zephyr-course/tests/ring_buf/homework.unit.ring_buf/zephyr/kernel/CMakeFiles/kernel.dir/work.c.gcno is included (trace)...
(DEBUG)   No filter matched.
(DEBUG) --> File is excluded.
(DEBUG) Check if /home/felipe/zephyrproject/zephyr-course/twister-out/native_sim_native/host_gnu/zephyr-course/tests/ring_buf/homework.unit.ring_buf/zephyr/kernel/CMakeFiles/kernel.dir/work.c.gcno is included (trace)...
(DEBUG) --> File is excluded.
(DEBUG) Check if work.c##76a988f7e46401f609e1ca0fcb26ab9f.gcov is included (gcov file)...
(DEBUG)   Filter AlwaysMatchFilter() matched.
(DEBUG) --> File is included.
(DEBUG) Check if ksched.h##0cebf465783caf800468063ad71827b7.gcov is included (gcov file)...
(DEBUG) --> File is included.
(DEBUG) Check if kthread.h##9409f455419132bfc3b9c8e76c631198.gcov is included (gcov file)...
(DEBUG) --> File is included.
(DEBUG) Check if wait_q.h##c55cb3824a8e32844a6026ec1729c33e.gcov is included (gcov file)...
(DEBUG) --> File is included.
(DEBUG) Check if timeout_q.h##90d851c3f83778dd36dd8b7e2ad60ead.gcov is included (gcov file)...
(DEBUG) --> File is included.
(DEBUG) Check if kernel.h##02fe483cd34741e407932cea525697b1.gcov is included (gcov file)...
(DEBUG) --> File is included.
(DEBUG) Check if kernel.h##8118239d1ec13e308e040c6439814b34.gcov is included (gcov file)...
(DEBUG) --> File is included.
(DEBUG) Check if spinlock.h##d07917f143d2ca5ff94f2d220e528568.gcov is included (gcov file)...
(DEBUG) --> File is included.
(DEBUG) Check if arch.h##f17e3501b457fcbd947bf4189b99bd89.gcov is included (gcov file)...
(DEBUG) --> File is included.
(DEBUG) Check if slist.h##4bdeeab80e1bf2535336b5f908d5f4f0.gcov is included (gcov file)...
(DEBUG) --> File is included.
(DEBUG) Check if dlist.h##0f388b119e698d4d0bf30b616f109283.gcov is included (gcov file)...
(DEBUG) --> File is included.
(DEBUG) Check if /home/felipe/zephyrproject/zephyr-course/twister-out/timeout_q.h##90d851c3f83778dd36dd8b7e2ad60ead.gcov is included (trace)...
(DEBUG) --> File is excluded.
(DEBUG) Finding source file corresponding to a gcov data file
  gcov_fname   /home/felipe/zephyrproject/zephyr-course/twister-out/timeout_q.h##90d851c3f83778dd36dd8b7e2ad60ead.gcov
  current_dir  /home/felipe/zephyrproject/zephyr-course/twister-out
  root         /home/felipe/zephyrproject/zephyr-course/app/modules/ring_buf
  starting_dir /home/felipe/zephyrproject/zephyr-course
  obj_dir      /home/felipe/zephyrproject/zephyr-course/twister-out
  gcda_fname   native_sim_native/host_gnu/zephyr-course/tests/ring_buf/homework.unit.ring_buf/zephyr/kernel/CMakeFiles/kernel.dir/work.c.gcno
  --> fname    /home/felipe/zephyrproject/zephyr/kernel/include/timeout_q.h
(DEBUG) Check if /home/felipe/zephyrproject/zephyr/kernel/include/timeout_q.h is included (source file)...
(DEBUG) --> File is excluded.
(DEBUG) Check if /home/felipe/zephyrproject/zephyr-course/twister-out/kernel.h##02fe483cd34741e407932cea525697b1.gcov is included (trace)...
(DEBUG) --> File is excluded.
(DEBUG) Finding source file corresponding to a gcov data file
  gcov_fname   /home/felipe/zephyrproject/zephyr-course/twister-out/kernel.h##02fe483cd34741e407932cea525697b1.gcov
  current_dir  /home/felipe/zephyrproject/zephyr-course/twister-out
  root         /home/felipe/zephyrproject/zephyr-course/app/modules/ring_buf
  starting_dir /home/felipe/zephyrproject/zephyr-course
  obj_dir      /home/felipe/zephyrproject/zephyr-course/twister-out
  gcda_fname   native_sim_native/host_gnu/zephyr-course/tests/ring_buf/homework.unit.ring_buf/zephyr/kernel/CMakeFiles/kernel.dir/work.c.gcno
  --> fname    /home/felipe/zephyrproject/zephyr-course/twister-out/native_sim_native/host_gnu/zephyr-course/tests/ring_buf/homework.unit.ring_buf/zephyr/include/generated/zephyr/syscalls/kernel.h
(DEBUG) Check if /home/felipe/zephyrproject/zephyr-course/twister-out/native_sim_native/host_gnu/zephyr-course/tests/ring_buf/homework.unit.ring_buf/zephyr/include/generated/zephyr/syscalls/kernel.h is included (source file)...
(DEBUG) --> File is excluded.
(DEBUG) Check if /home/felipe/zephyrproject/zephyr-course/twister-out/kthread.h##9409f455419132bfc3b9c8e76c631198.gcov is included (trace)...
(DEBUG) --> File is excluded.
(DEBUG) Finding source file corresponding to a gcov data file
  gcov_fname   /home/felipe/zephyrproject/zephyr-course/twister-out/kthread.h##9409f455419132bfc3b9c8e76c631198.gcov
  current_dir  /home/felipe/zephyrproject/zephyr-course/twister-out
  root         /home/felipe/zephyrproject/zephyr-course/app/modules/ring_buf
  starting_dir /home/felipe/zephyrproject/zephyr-course
  obj_dir      /home/felipe/zephyrproject/zephyr-course/twister-out
  gcda_fname   native_sim_native/host_gnu/zephyr-course/tests/ring_buf/homework.unit.ring_buf/zephyr/kernel/CMakeFiles/kernel.dir/work.c.gcno
  --> fname    /home/felipe/zephyrproject/zephyr/kernel/include/kthread.h
(DEBUG) Check if /home/felipe/zephyrproject/zephyr/kernel/include/kthread.h is included (source file)...
(DEBUG) --> File is excluded.
(DEBUG) Check if /home/felipe/zephyrproject/zephyr-course/twister-out/dlist.h##0f388b119e698d4d0bf30b616f109283.gcov is included (trace)...
(DEBUG) --> File is excluded.
(DEBUG) Finding source file corresponding to a gcov data file
  gcov_fname   /home/felipe/zephyrproject/zephyr-course/twister-out/dlist.h##0f388b119e698d4d0bf30b616f109283.gcov
  current_dir  /home/felipe/zephyrproject/zephyr-course/twister-out
  root         /home/felipe/zephyrproject/zephyr-course/app/modules/ring_buf
  starting_dir /home/felipe/zephyrproject/zephyr-course
  obj_dir      /home/felipe/zephyrproject/zephyr-course/twister-out
  gcda_fname   native_sim_native/host_gnu/zephyr-course/tests/ring_buf/homework.unit.ring_buf/zephyr/kernel/CMakeFiles/kernel.dir/work.c.gcno
  --> fname    /home/felipe/zephyrproject/zephyr/include/zephyr/sys/dlist.h
(DEBUG) Check if /home/felipe/zephyrproject/zephyr/include/zephyr/sys/dlist.h is included (source file)...
(DEBUG) --> File is excluded.
(DEBUG) Check if /home/felipe/zephyrproject/zephyr-course/twister-out/wait_q.h##c55cb3824a8e32844a6026ec1729c33e.gcov is included (trace)...
(DEBUG) --> File is excluded.
(DEBUG) Finding source file corresponding to a gcov data file
  gcov_fname   /home/felipe/zephyrproject/zephyr-course/twister-out/wait_q.h##c55cb3824a8e32844a6026ec1729c33e.gcov
  current_dir  /home/felipe/zephyrproject/zephyr-course/twister-out
  root         /home/felipe/zephyrproject/zephyr-course/app/modules/ring_buf
  starting_dir /home/felipe/zephyrproject/zephyr-course
  obj_dir      /home/felipe/zephyrproject/zephyr-course/twister-out
  gcda_fname   native_sim_native/host_gnu/zephyr-course/tests/ring_buf/homework.unit.ring_buf/zephyr/kernel/CMakeFiles/kernel.dir/work.c.gcno
  --> fname    /home/felipe/zephyrproject/zephyr/kernel/include/wait_q.h
(DEBUG) Check if /home/felipe/zephyrproject/zephyr/kernel/include/wait_q.h is included (source file)...
(DEBUG) --> File is excluded.
(DEBUG) Check if /home/felipe/zephyrproject/zephyr-course/twister-out/work.c##76a988f7e46401f609e1ca0fcb26ab9f.gcov is included (trace)...
(DEBUG)   No filter matched.
(DEBUG) --> File is excluded.
(DEBUG) Finding source file corresponding to a gcov data file
  gcov_fname   /home/felipe/zephyrproject/zephyr-course/twister-out/work.c##76a988f7e46401f609e1ca0fcb26ab9f.gcov
  current_dir  /home/felipe/zephyrproject/zephyr-course/twister-out
  root         /home/felipe/zephyrproject/zephyr-course/app/modules/ring_buf
  starting_dir /home/felipe/zephyrproject/zephyr-course
  obj_dir      /home/felipe/zephyrproject/zephyr-course/twister-out
  gcda_fname   native_sim_native/host_gnu/zephyr-course/tests/ring_buf/homework.unit.ring_buf/zephyr/kernel/CMakeFiles/kernel.dir/work.c.gcno
  --> fname    /home/felipe/zephyrproject/zephyr/kernel/work.c
(DEBUG) Check if /home/felipe/zephyrproject/zephyr/kernel/work.c is included (source file)...
(DEBUG)   No filter matched.
(DEBUG) --> File is excluded.
(DEBUG) Check if /home/felipe/zephyrproject/zephyr-course/twister-out/arch.h##f17e3501b457fcbd947bf4189b99bd89.gcov is included (trace)...
(DEBUG) --> File is excluded.
(DEBUG) Finding source file corresponding to a gcov data file
  gcov_fname   /home/felipe/zephyrproject/zephyr-course/twister-out/arch.h##f17e3501b457fcbd947bf4189b99bd89.gcov
  current_dir  /home/felipe/zephyrproject/zephyr-course/twister-out
  root         /home/felipe/zephyrproject/zephyr-course/app/modules/ring_buf
  starting_dir /home/felipe/zephyrproject/zephyr-course
  obj_dir      /home/felipe/zephyrproject/zephyr-course/twister-out
  gcda_fname   native_sim_native/host_gnu/zephyr-course/tests/ring_buf/homework.unit.ring_buf/zephyr/kernel/CMakeFiles/kernel.dir/work.c.gcno
  --> fname    /home/felipe/zephyrproject/zephyr/include/zephyr/arch/posix/arch.h
(DEBUG) Check if /home/felipe/zephyrproject/zephyr/include/zephyr/arch/posix/arch.h is included (source file)...
(DEBUG) --> File is excluded.
(DEBUG) Check if /home/felipe/zephyrproject/zephyr-course/twister-out/slist.h##4bdeeab80e1bf2535336b5f908d5f4f0.gcov is included (trace)...
(DEBUG) --> File is excluded.
(DEBUG) Finding source file corresponding to a gcov data file
  gcov_fname   /home/felipe/zephyrproject/zephyr-course/twister-out/slist.h##4bdeeab80e1bf2535336b5f908d5f4f0.gcov
  current_dir  /home/felipe/zephyrproject/zephyr-course/twister-out
  root         /home/felipe/zephyrproject/zephyr-course/app/modules/ring_buf
  starting_dir /home/felipe/zephyrproject/zephyr-course
  obj_dir      /home/felipe/zephyrproject/zephyr-course/twister-out
  gcda_fname   native_sim_native/host_gnu/zephyr-course/tests/ring_buf/homework.unit.ring_buf/zephyr/kernel/CMakeFiles/kernel.dir/work.c.gcno
  --> fname    /home/felipe/zephyrproject/zephyr/include/zephyr/sys/slist.h
(DEBUG) Check if /home/felipe/zephyrproject/zephyr/include/zephyr/sys/slist.h is included (source file)...
(DEBUG) --> File is excluded.
(DEBUG) Check if /home/felipe/zephyrproject/zephyr-course/twister-out/spinlock.h##d07917f143d2ca5ff94f2d220e528568.gcov is included (trace)...
(DEBUG) --> File is excluded.
(DEBUG) Finding source file corresponding to a gcov data file
  gcov_fname   /home/felipe/zephyrproject/zephyr-course/twister-out/spinlock.h##d07917f143d2ca5ff94f2d220e528568.gcov
  current_dir  /home/felipe/zephyrproject/zephyr-course/twister-out
  root         /home/felipe/zephyrproject/zephyr-course/app/modules/ring_buf
  starting_dir /home/felipe/zephyrproject/zephyr-course
  obj_dir      /home/felipe/zephyrproject/zephyr-course/twister-out
  gcda_fname   native_sim_native/host_gnu/zephyr-course/tests/ring_buf/homework.unit.ring_buf/zephyr/kernel/CMakeFiles/kernel.dir/work.c.gcno
  --> fname    /home/felipe/zephyrproject/zephyr/include/zephyr/spinlock.h
(DEBUG) Check if /home/felipe/zephyrproject/zephyr/include/zephyr/spinlock.h is included (source file)...
(DEBUG) --> File is excluded.
(DEBUG) Check if /home/felipe/zephyrproject/zephyr-course/twister-out/kernel.h##8118239d1ec13e308e040c6439814b34.gcov is included (trace)...
(DEBUG) --> File is excluded.
(DEBUG) Finding source file corresponding to a gcov data file
  gcov_fname   /home/felipe/zephyrproject/zephyr-course/twister-out/kernel.h##8118239d1ec13e308e040c6439814b34.gcov
  current_dir  /home/felipe/zephyrproject/zephyr-course/twister-out
  root         /home/felipe/zephyrproject/zephyr-course/app/modules/ring_buf
  starting_dir /home/felipe/zephyrproject/zephyr-course
  obj_dir      /home/felipe/zephyrproject/zephyr-course/twister-out
  gcda_fname   native_sim_native/host_gnu/zephyr-course/tests/ring_buf/homework.unit.ring_buf/zephyr/kernel/CMakeFiles/kernel.dir/work.c.gcno
  --> fname    /home/felipe/zephyrproject/zephyr/include/zephyr/kernel.h
(DEBUG) Check if /home/felipe/zephyrproject/zephyr/include/zephyr/kernel.h is included (source file)...
(DEBUG) --> File is excluded.
(DEBUG) Check if /home/felipe/zephyrproject/zephyr-course/twister-out/ksched.h##0cebf465783caf800468063ad71827b7.gcov is included (trace)...
(DEBUG) --> File is excluded.
(DEBUG) Finding source file corresponding to a gcov data file
  gcov_fname   /home/felipe/zephyrproject/zephyr-course/twister-out/ksched.h##0cebf465783caf800468063ad71827b7.gcov
  current_dir  /home/felipe/zephyrproject/zephyr-course/twister-out
  root         /home/felipe/zephyrproject/zephyr-course/app/modules/ring_buf
  starting_dir /home/felipe/zephyrproject/zephyr-course
  obj_dir      /home/felipe/zephyrproject/zephyr-course/twister-out
  gcda_fname   native_sim_native/host_gnu/zephyr-course/tests/ring_buf/homework.unit.ring_buf/zephyr/kernel/CMakeFiles/kernel.dir/work.c.gcno
  --> fname    /home/felipe/zephyrproject/zephyr/kernel/include/ksched.h
(DEBUG) Check if /home/felipe/zephyrproject/zephyr/kernel/include/ksched.h is included (source file)...
(DEBUG) --> File is excluded.
(DEBUG) Check if /home/felipe/zephyrproject/zephyr-course/twister-out/native_sim_native/host_gnu/zephyr-course/tests/ring_buf/homework.unit.ring_buf/zephyr/lib/heap/CMakeFiles/heap_constants.dir/heap_constants.c.gcno is included (trace)...
(DEBUG)   No filter matched.
(DEBUG) --> File is excluded.
(DEBUG) Check if /home/felipe/zephyrproject/zephyr-course/twister-out/native_sim_native/host_gnu/zephyr-course/tests/ring_buf/homework.unit.ring_buf/zephyr/lib/heap/CMakeFiles/heap_constants.dir/heap_constants.c.gcno is included (trace)...
(DEBUG) --> File is excluded.
(DEBUG) Check if heap_constants.c##0237c826b02db87fa66a7b32a34d6783.gcov is included (gcov file)...
(DEBUG)   Filter AlwaysMatchFilter() matched.
(DEBUG) --> File is included.
(DEBUG) Check if /home/felipe/zephyrproject/zephyr-course/twister-out/heap_constants.c##0237c826b02db87fa66a7b32a34d6783.gcov is included (trace)...
(DEBUG)   No filter matched.
(DEBUG) --> File is excluded.
(DEBUG) Finding source file corresponding to a gcov data file
  gcov_fname   /home/felipe/zephyrproject/zephyr-course/twister-out/heap_constants.c##0237c826b02db87fa66a7b32a34d6783.gcov
  current_dir  /home/felipe/zephyrproject/zephyr-course/twister-out
  root         /home/felipe/zephyrproject/zephyr-course/app/modules/ring_buf
  starting_dir /home/felipe/zephyrproject/zephyr-course
  obj_dir      /home/felipe/zephyrproject/zephyr-course/twister-out
  gcda_fname   native_sim_native/host_gnu/zephyr-course/tests/ring_buf/homework.unit.ring_buf/zephyr/lib/heap/CMakeFiles/heap_constants.dir/heap_constants.c.gcno
  --> fname    /home/felipe/zephyrproject/zephyr/lib/heap/heap_constants.c
(DEBUG) Check if /home/felipe/zephyrproject/zephyr/lib/heap/heap_constants.c is included (source file)...
(DEBUG)   No filter matched.
(DEBUG) --> File is excluded.
(DEBUG) Check if /home/felipe/zephyrproject/zephyr-course/twister-out/native_sim_native/host_gnu/zephyr-course/tests/ring_buf/homework.unit.ring_buf/zephyr/soc/soc/native/CMakeFiles/soc__native__inf_clock.dir/native_remap.c.gcda is included (trace)...
(DEBUG)   No filter matched.
(DEBUG) --> File is excluded.
(DEBUG) Check if /home/felipe/zephyrproject/zephyr-course/twister-out/native_sim_native/host_gnu/zephyr-course/tests/ring_buf/homework.unit.ring_buf/zephyr/soc/soc/native/CMakeFiles/soc__native__inf_clock.dir/native_remap.c.gcda is included (trace)...
(DEBUG) --> File is excluded.
(DEBUG) Check if native_remap.c##99f0178129a4300153fa571e80991bdf.gcov is included (gcov file)...
(DEBUG)   Filter AlwaysMatchFilter() matched.
(DEBUG) --> File is included.
(DEBUG) Check if /home/felipe/zephyrproject/zephyr-course/twister-out/native_remap.c##99f0178129a4300153fa571e80991bdf.gcov is included (trace)...
(DEBUG)   No filter matched.
(DEBUG) --> File is excluded.
(DEBUG) Finding source file corresponding to a gcov data file
  gcov_fname   /home/felipe/zephyrproject/zephyr-course/twister-out/native_remap.c##99f0178129a4300153fa571e80991bdf.gcov
  current_dir  /home/felipe/zephyrproject/zephyr-course/twister-out
  root         /home/felipe/zephyrproject/zephyr-course/app/modules/ring_buf
  starting_dir /home/felipe/zephyrproject/zephyr-course
  obj_dir      /home/felipe/zephyrproject/zephyr-course/twister-out
  gcda_fname   native_sim_native/host_gnu/zephyr-course/tests/ring_buf/homework.unit.ring_buf/zephyr/soc/soc/native/CMakeFiles/soc__native__inf_clock.dir/native_remap.c.gcda
  --> fname    /home/felipe/zephyrproject/zephyr/soc/native/inf_clock/native_remap.c
(DEBUG) Check if /home/felipe/zephyrproject/zephyr/soc/native/inf_clock/native_remap.c is included (source file)...
(DEBUG)   No filter matched.
(DEBUG) --> File is excluded.
(DEBUG) Check if /home/felipe/zephyrproject/zephyr-course/twister-out/native_sim_native/host_gnu/zephyr-course/tests/ring_buf/homework.unit.ring_buf/zephyr/soc/soc/native/CMakeFiles/soc__native__inf_clock.dir/native_tasks.c.gcda is included (trace)...
(DEBUG)   No filter matched.
(DEBUG) --> File is excluded.
(DEBUG) Check if /home/felipe/zephyrproject/zephyr-course/twister-out/native_sim_native/host_gnu/zephyr-course/tests/ring_buf/homework.unit.ring_buf/zephyr/soc/soc/native/CMakeFiles/soc__native__inf_clock.dir/native_tasks.c.gcda is included (trace)...
(DEBUG) --> File is excluded.
(DEBUG) Check if native_tasks.c##8000621f9b91ec2ff54514ad75ba2cca.gcov is included (gcov file)...
(DEBUG)   Filter AlwaysMatchFilter() matched.
(DEBUG) --> File is included.
(DEBUG) Check if /home/felipe/zephyrproject/zephyr-course/twister-out/native_tasks.c##8000621f9b91ec2ff54514ad75ba2cca.gcov is included (trace)...
(DEBUG)   No filter matched.
(DEBUG) --> File is excluded.
(DEBUG) Finding source file corresponding to a gcov data file
  gcov_fname   /home/felipe/zephyrproject/zephyr-course/twister-out/native_tasks.c##8000621f9b91ec2ff54514ad75ba2cca.gcov
  current_dir  /home/felipe/zephyrproject/zephyr-course/twister-out
  root         /home/felipe/zephyrproject/zephyr-course/app/modules/ring_buf
  starting_dir /home/felipe/zephyrproject/zephyr-course
  obj_dir      /home/felipe/zephyrproject/zephyr-course/twister-out
  gcda_fname   native_sim_native/host_gnu/zephyr-course/tests/ring_buf/homework.unit.ring_buf/zephyr/soc/soc/native/CMakeFiles/soc__native__inf_clock.dir/native_tasks.c.gcda
  --> fname    /home/felipe/zephyrproject/zephyr/soc/native/inf_clock/native_tasks.c
(DEBUG) Check if /home/felipe/zephyrproject/zephyr/soc/native/inf_clock/native_tasks.c is included (source file)...
(DEBUG)   No filter matched.
(DEBUG) --> File is excluded.
(DEBUG) Check if /home/felipe/zephyrproject/zephyr-course/twister-out/native_sim_native/host_gnu/zephyr-course/tests/ring_buf/homework.unit.ring_buf/zephyr/soc/soc/native/CMakeFiles/soc__native__inf_clock.dir/soc.c.gcda is included (trace)...
(DEBUG)   No filter matched.
(DEBUG) --> File is excluded.
(DEBUG) Check if /home/felipe/zephyrproject/zephyr-course/twister-out/native_sim_native/host_gnu/zephyr-course/tests/ring_buf/homework.unit.ring_buf/zephyr/soc/soc/native/CMakeFiles/soc__native__inf_clock.dir/soc.c.gcda is included (trace)...
(DEBUG) --> File is excluded.
(DEBUG) Check if soc.c##dc9b55e03a9d7ebb03c60ed1a7981f52.gcov is included (gcov file)...
(DEBUG)   Filter AlwaysMatchFilter() matched.
(DEBUG) --> File is included.
(DEBUG) Check if /home/felipe/zephyrproject/zephyr-course/twister-out/soc.c##dc9b55e03a9d7ebb03c60ed1a7981f52.gcov is included (trace)...
(DEBUG)   No filter matched.
(DEBUG) --> File is excluded.
(DEBUG) Finding source file corresponding to a gcov data file
  gcov_fname   /home/felipe/zephyrproject/zephyr-course/twister-out/soc.c##dc9b55e03a9d7ebb03c60ed1a7981f52.gcov
  current_dir  /home/felipe/zephyrproject/zephyr-course/twister-out
  root         /home/felipe/zephyrproject/zephyr-course/app/modules/ring_buf
  starting_dir /home/felipe/zephyrproject/zephyr-course
  obj_dir      /home/felipe/zephyrproject/zephyr-course/twister-out
  gcda_fname   native_sim_native/host_gnu/zephyr-course/tests/ring_buf/homework.unit.ring_buf/zephyr/soc/soc/native/CMakeFiles/soc__native__inf_clock.dir/soc.c.gcda
  --> fname    /home/felipe/zephyrproject/zephyr/soc/native/inf_clock/soc.c
(DEBUG) Check if /home/felipe/zephyrproject/zephyr/soc/native/inf_clock/soc.c is included (source file)...
(DEBUG)   No filter matched.
(DEBUG) --> File is excluded.
(DEBUG) Check if /home/felipe/zephyrproject/zephyr-course/twister-out/native_sim_native/host_gnu/zephyr-course/tests/ring_buf/homework.unit.ring_buf/zephyr/subsys/random/CMakeFiles/subsys__random.dir/random_test_csprng.c.gcda is included (trace)...
(DEBUG)   No filter matched.
(DEBUG) --> File is excluded.
(DEBUG) Check if /home/felipe/zephyrproject/zephyr-course/twister-out/native_sim_native/host_gnu/zephyr-course/tests/ring_buf/homework.unit.ring_buf/zephyr/subsys/random/CMakeFiles/subsys__random.dir/random_test_csprng.c.gcda is included (trace)...
(DEBUG) --> File is excluded.
(DEBUG) Check if random_test_csprng.c##3cadda43e3ad5710f5cfec99b4423f0a.gcov is included (gcov file)...
(DEBUG)   Filter AlwaysMatchFilter() matched.
(DEBUG) --> File is included.
(DEBUG) Check if random.h##0db4f4c3e498120ccd7095ac4b41a58c.gcov is included (gcov file)...
(DEBUG)   Filter AlwaysMatchFilter() matched.
(DEBUG) --> File is included.
(DEBUG) Check if /home/felipe/zephyrproject/zephyr-course/twister-out/random_test_csprng.c##3cadda43e3ad5710f5cfec99b4423f0a.gcov is included (trace)...
(DEBUG)   No filter matched.
(DEBUG) --> File is excluded.
(DEBUG) Finding source file corresponding to a gcov data file
  gcov_fname   /home/felipe/zephyrproject/zephyr-course/twister-out/random_test_csprng.c##3cadda43e3ad5710f5cfec99b4423f0a.gcov
  current_dir  /home/felipe/zephyrproject/zephyr-course/twister-out
  root         /home/felipe/zephyrproject/zephyr-course/app/modules/ring_buf
  starting_dir /home/felipe/zephyrproject/zephyr-course
  obj_dir      /home/felipe/zephyrproject/zephyr-course/twister-out
  gcda_fname   native_sim_native/host_gnu/zephyr-course/tests/ring_buf/homework.unit.ring_buf/zephyr/subsys/random/CMakeFiles/subsys__random.dir/random_test_csprng.c.gcda
  --> fname    /home/felipe/zephyrproject/zephyr/subsys/random/random_test_csprng.c
(DEBUG) Check if /home/felipe/zephyrproject/zephyr/subsys/random/random_test_csprng.c is included (source file)...
(DEBUG)   No filter matched.
(DEBUG) --> File is excluded.
(DEBUG) Check if /home/felipe/zephyrproject/zephyr-course/twister-out/random.h##0db4f4c3e498120ccd7095ac4b41a58c.gcov is included (trace)...
(DEBUG)   No filter matched.
(DEBUG) --> File is excluded.
(DEBUG) Finding source file corresponding to a gcov data file
  gcov_fname   /home/felipe/zephyrproject/zephyr-course/twister-out/random.h##0db4f4c3e498120ccd7095ac4b41a58c.gcov
  current_dir  /home/felipe/zephyrproject/zephyr-course/twister-out
  root         /home/felipe/zephyrproject/zephyr-course/app/modules/ring_buf
  starting_dir /home/felipe/zephyrproject/zephyr-course
  obj_dir      /home/felipe/zephyrproject/zephyr-course/twister-out
  gcda_fname   native_sim_native/host_gnu/zephyr-course/tests/ring_buf/homework.unit.ring_buf/zephyr/subsys/random/CMakeFiles/subsys__random.dir/random_test_csprng.c.gcda
  --> fname    /home/felipe/zephyrproject/zephyr-course/twister-out/native_sim_native/host_gnu/zephyr-course/tests/ring_buf/homework.unit.ring_buf/zephyr/include/generated/zephyr/syscalls/random.h
(DEBUG) Check if /home/felipe/zephyrproject/zephyr-course/twister-out/native_sim_native/host_gnu/zephyr-course/tests/ring_buf/homework.unit.ring_buf/zephyr/include/generated/zephyr/syscalls/random.h is included (source file)...
(DEBUG)   No filter matched.
(DEBUG) --> File is excluded.
(DEBUG) Check if /home/felipe/zephyrproject/zephyr-course/twister-out/native_sim_native/host_gnu/zephyr-course/tests/ring_buf/homework.unit.ring_buf/zephyr/subsys/random/CMakeFiles/subsys__random.dir/random_timer.c.gcda is included (trace)...
(DEBUG)   No filter matched.
(DEBUG) --> File is excluded.
(DEBUG) Check if /home/felipe/zephyrproject/zephyr-course/twister-out/native_sim_native/host_gnu/zephyr-course/tests/ring_buf/homework.unit.ring_buf/zephyr/subsys/random/CMakeFiles/subsys__random.dir/random_timer.c.gcda is included (trace)...
(DEBUG) --> File is excluded.
(DEBUG) Check if random_timer.c##4e966d3d753fc37971d2cb6b40d44979.gcov is included (gcov file)...
(DEBUG)   Filter AlwaysMatchFilter() matched.
(DEBUG) --> File is included.
(DEBUG) Check if kernel.h##8118239d1ec13e308e040c6439814b34.gcov is included (gcov file)...
(DEBUG) --> File is included.
(DEBUG) Check if spinlock.h##d07917f143d2ca5ff94f2d220e528568.gcov is included (gcov file)...
(DEBUG) --> File is included.
(DEBUG) Check if arch.h##f17e3501b457fcbd947bf4189b99bd89.gcov is included (gcov file)...
(DEBUG) --> File is included.
(DEBUG) Check if /home/felipe/zephyrproject/zephyr-course/twister-out/spinlock.h##d07917f143d2ca5ff94f2d220e528568.gcov is included (trace)...
(DEBUG) --> File is excluded.
(DEBUG) Finding source file corresponding to a gcov data file
  gcov_fname   /home/felipe/zephyrproject/zephyr-course/twister-out/spinlock.h##d07917f143d2ca5ff94f2d220e528568.gcov
  current_dir  /home/felipe/zephyrproject/zephyr-course/twister-out
  root         /home/felipe/zephyrproject/zephyr-course/app/modules/ring_buf
  starting_dir /home/felipe/zephyrproject/zephyr-course
  obj_dir      /home/felipe/zephyrproject/zephyr-course/twister-out
  gcda_fname   native_sim_native/host_gnu/zephyr-course/tests/ring_buf/homework.unit.ring_buf/zephyr/subsys/random/CMakeFiles/subsys__random.dir/random_timer.c.gcda
  --> fname    /home/felipe/zephyrproject/zephyr/include/zephyr/spinlock.h
(DEBUG) Check if /home/felipe/zephyrproject/zephyr/include/zephyr/spinlock.h is included (source file)...
(DEBUG) --> File is excluded.
(DEBUG) Check if /home/felipe/zephyrproject/zephyr-course/twister-out/arch.h##f17e3501b457fcbd947bf4189b99bd89.gcov is included (trace)...
(DEBUG) --> File is excluded.
(DEBUG) Finding source file corresponding to a gcov data file
  gcov_fname   /home/felipe/zephyrproject/zephyr-course/twister-out/arch.h##f17e3501b457fcbd947bf4189b99bd89.gcov
  current_dir  /home/felipe/zephyrproject/zephyr-course/twister-out
  root         /home/felipe/zephyrproject/zephyr-course/app/modules/ring_buf
  starting_dir /home/felipe/zephyrproject/zephyr-course
  obj_dir      /home/felipe/zephyrproject/zephyr-course/twister-out
  gcda_fname   native_sim_native/host_gnu/zephyr-course/tests/ring_buf/homework.unit.ring_buf/zephyr/subsys/random/CMakeFiles/subsys__random.dir/random_timer.c.gcda
  --> fname    /home/felipe/zephyrproject/zephyr/include/zephyr/arch/posix/arch.h
(DEBUG) Check if /home/felipe/zephyrproject/zephyr/include/zephyr/arch/posix/arch.h is included (source file)...
(DEBUG) --> File is excluded.
(DEBUG) Check if /home/felipe/zephyrproject/zephyr-course/twister-out/random_timer.c##4e966d3d753fc37971d2cb6b40d44979.gcov is included (trace)...
(DEBUG)   No filter matched.
(DEBUG) --> File is excluded.
(DEBUG) Finding source file corresponding to a gcov data file
  gcov_fname   /home/felipe/zephyrproject/zephyr-course/twister-out/random_timer.c##4e966d3d753fc37971d2cb6b40d44979.gcov
  current_dir  /home/felipe/zephyrproject/zephyr-course/twister-out
  root         /home/felipe/zephyrproject/zephyr-course/app/modules/ring_buf
  starting_dir /home/felipe/zephyrproject/zephyr-course
  obj_dir      /home/felipe/zephyrproject/zephyr-course/twister-out
  gcda_fname   native_sim_native/host_gnu/zephyr-course/tests/ring_buf/homework.unit.ring_buf/zephyr/subsys/random/CMakeFiles/subsys__random.dir/random_timer.c.gcda
  --> fname    /home/felipe/zephyrproject/zephyr/subsys/random/random_timer.c
(DEBUG) Check if /home/felipe/zephyrproject/zephyr/subsys/random/random_timer.c is included (source file)...
(DEBUG)   No filter matched.
(DEBUG) --> File is excluded.
(DEBUG) Check if /home/felipe/zephyrproject/zephyr-course/twister-out/kernel.h##8118239d1ec13e308e040c6439814b34.gcov is included (trace)...
(DEBUG) --> File is excluded.
(DEBUG) Finding source file corresponding to a gcov data file
  gcov_fname   /home/felipe/zephyrproject/zephyr-course/twister-out/kernel.h##8118239d1ec13e308e040c6439814b34.gcov
  current_dir  /home/felipe/zephyrproject/zephyr-course/twister-out
  root         /home/felipe/zephyrproject/zephyr-course/app/modules/ring_buf
  starting_dir /home/felipe/zephyrproject/zephyr-course
  obj_dir      /home/felipe/zephyrproject/zephyr-course/twister-out
  gcda_fname   native_sim_native/host_gnu/zephyr-course/tests/ring_buf/homework.unit.ring_buf/zephyr/subsys/random/CMakeFiles/subsys__random.dir/random_timer.c.gcda
  --> fname    /home/felipe/zephyrproject/zephyr/include/zephyr/kernel.h
(DEBUG) Check if /home/felipe/zephyrproject/zephyr/include/zephyr/kernel.h is included (source file)...
(DEBUG) --> File is excluded.
(DEBUG) Check if /home/felipe/zephyrproject/zephyr-course/twister-out/native_sim_native/host_gnu/zephyr-course/tests/ring_buf/homework.unit.ring_buf/zephyr/subsys/testsuite/ztest/CMakeFiles/subsys__testsuite__ztest.dir/src/ztest.c.gcda is included (trace)...
(DEBUG)   No filter matched.
(DEBUG) --> File is excluded.
(DEBUG) Check if /home/felipe/zephyrproject/zephyr-course/twister-out/native_sim_native/host_gnu/zephyr-course/tests/ring_buf/homework.unit.ring_buf/zephyr/subsys/testsuite/ztest/CMakeFiles/subsys__testsuite__ztest.dir/src/ztest.c.gcda is included (trace)...
(DEBUG) --> File is excluded.
(DEBUG) Check if ztest.c##69f2cd7143f899e09e95a7da74eafff7.gcov is included (gcov file)...
(DEBUG)   Filter AlwaysMatchFilter() matched.
(DEBUG) --> File is included.
(DEBUG) Check if random.h##0db4f4c3e498120ccd7095ac4b41a58c.gcov is included (gcov file)...
(DEBUG) --> File is included.
(DEBUG) Check if random.h##2c89de8a4b886446bab6a0ed6bd25e42.gcov is included (gcov file)...
(DEBUG)   Filter AlwaysMatchFilter() matched.
(DEBUG) --> File is included.
(DEBUG) Check if ztest_test.h##8418501fa194020624bd605b79e78238.gcov is included (gcov file)...
(DEBUG)   Filter AlwaysMatchFilter() matched.
(DEBUG) --> File is included.
(DEBUG) Check if log_ctrl.h##bc7291ddb353fe8c15fcc40af1692eaa.gcov is included (gcov file)...
(DEBUG) --> File is included.
(DEBUG) Check if log_ctrl.h##5e51680a7cfcbf740e39a2e8ba57d29f.gcov is included (gcov file)...
(DEBUG)   Filter AlwaysMatchFilter() matched.
(DEBUG) --> File is included.
(DEBUG) Check if tc_util.h##d10dab08b2f8b1825732fed91604eb8a.gcov is included (gcov file)...
(DEBUG)   Filter AlwaysMatchFilter() matched.
(DEBUG) --> File is included.
(DEBUG) Check if kernel.h##02fe483cd34741e407932cea525697b1.gcov is included (gcov file)...
(DEBUG) --> File is included.
(DEBUG) Check if kernel.h##8118239d1ec13e308e040c6439814b34.gcov is included (gcov file)...
(DEBUG) --> File is included.
(DEBUG) Check if kobject.h##a843a6c068a2f48429a276fe57e7db67.gcov is included (gcov file)...
(DEBUG)   Filter AlwaysMatchFilter() matched.
(DEBUG) --> File is included.
(DEBUG) Check if kobject.h##d3740c0d5558c78c1db4aba294fbcb9b.gcov is included (gcov file)...
(DEBUG)   Filter AlwaysMatchFilter() matched.
(DEBUG) --> File is included.
(DEBUG) Check if arch.h##f17e3501b457fcbd947bf4189b99bd89.gcov is included (gcov file)...
(DEBUG) --> File is included.
(DEBUG) Check if syscall.h##8128d8185b27548b9f11ce6707adf377.gcov is included (gcov file)...
(DEBUG) --> File is included.
(DEBUG) Check if /home/felipe/zephyrproject/zephyr-course/twister-out/kernel.h##02fe483cd34741e407932cea525697b1.gcov is included (trace)...
(DEBUG) --> File is excluded.
(DEBUG) Finding source file corresponding to a gcov data file
  gcov_fname   /home/felipe/zephyrproject/zephyr-course/twister-out/kernel.h##02fe483cd34741e407932cea525697b1.gcov
  current_dir  /home/felipe/zephyrproject/zephyr-course/twister-out
  root         /home/felipe/zephyrproject/zephyr-course/app/modules/ring_buf
  starting_dir /home/felipe/zephyrproject/zephyr-course
  obj_dir      /home/felipe/zephyrproject/zephyr-course/twister-out
  gcda_fname   native_sim_native/host_gnu/zephyr-course/tests/ring_buf/homework.unit.ring_buf/zephyr/subsys/testsuite/ztest/CMakeFiles/subsys__testsuite__ztest.dir/src/ztest.c.gcda
  --> fname    /home/felipe/zephyrproject/zephyr-course/twister-out/native_sim_native/host_gnu/zephyr-course/tests/ring_buf/homework.unit.ring_buf/zephyr/include/generated/zephyr/syscalls/kernel.h
(DEBUG) Check if /home/felipe/zephyrproject/zephyr-course/twister-out/native_sim_native/host_gnu/zephyr-course/tests/ring_buf/homework.unit.ring_buf/zephyr/include/generated/zephyr/syscalls/kernel.h is included (source file)...
(DEBUG) --> File is excluded.
(DEBUG) Check if /home/felipe/zephyrproject/zephyr-course/twister-out/random.h##2c89de8a4b886446bab6a0ed6bd25e42.gcov is included (trace)...
(DEBUG)   No filter matched.
(DEBUG) --> File is excluded.
(DEBUG) Finding source file corresponding to a gcov data file
  gcov_fname   /home/felipe/zephyrproject/zephyr-course/twister-out/random.h##2c89de8a4b886446bab6a0ed6bd25e42.gcov
  current_dir  /home/felipe/zephyrproject/zephyr-course/twister-out
  root         /home/felipe/zephyrproject/zephyr-course/app/modules/ring_buf
  starting_dir /home/felipe/zephyrproject/zephyr-course
  obj_dir      /home/felipe/zephyrproject/zephyr-course/twister-out
  gcda_fname   native_sim_native/host_gnu/zephyr-course/tests/ring_buf/homework.unit.ring_buf/zephyr/subsys/testsuite/ztest/CMakeFiles/subsys__testsuite__ztest.dir/src/ztest.c.gcda
  --> fname    /home/felipe/zephyrproject/zephyr/include/zephyr/random/random.h
(DEBUG) Check if /home/felipe/zephyrproject/zephyr/include/zephyr/random/random.h is included (source file)...
(DEBUG)   No filter matched.
(DEBUG) --> File is excluded.
(DEBUG) Check if /home/felipe/zephyrproject/zephyr-course/twister-out/kobject.h##a843a6c068a2f48429a276fe57e7db67.gcov is included (trace)...
(DEBUG)   No filter matched.
(DEBUG) --> File is excluded.
(DEBUG) Finding source file corresponding to a gcov data file
  gcov_fname   /home/felipe/zephyrproject/zephyr-course/twister-out/kobject.h##a843a6c068a2f48429a276fe57e7db67.gcov
  current_dir  /home/felipe/zephyrproject/zephyr-course/twister-out
  root         /home/felipe/zephyrproject/zephyr-course/app/modules/ring_buf
  starting_dir /home/felipe/zephyrproject/zephyr-course
  obj_dir      /home/felipe/zephyrproject/zephyr-course/twister-out
  gcda_fname   native_sim_native/host_gnu/zephyr-course/tests/ring_buf/homework.unit.ring_buf/zephyr/subsys/testsuite/ztest/CMakeFiles/subsys__testsuite__ztest.dir/src/ztest.c.gcda
  --> fname    /home/felipe/zephyrproject/zephyr-course/twister-out/native_sim_native/host_gnu/zephyr-course/tests/ring_buf/homework.unit.ring_buf/zephyr/include/generated/zephyr/syscalls/kobject.h
(DEBUG) Check if /home/felipe/zephyrproject/zephyr-course/twister-out/native_sim_native/host_gnu/zephyr-course/tests/ring_buf/homework.unit.ring_buf/zephyr/include/generated/zephyr/syscalls/kobject.h is included (source file)...
(DEBUG)   No filter matched.
(DEBUG) --> File is excluded.
(DEBUG) Check if /home/felipe/zephyrproject/zephyr-course/twister-out/arch.h##f17e3501b457fcbd947bf4189b99bd89.gcov is included (trace)...
(DEBUG) --> File is excluded.
(DEBUG) Finding source file corresponding to a gcov data file
  gcov_fname   /home/felipe/zephyrproject/zephyr-course/twister-out/arch.h##f17e3501b457fcbd947bf4189b99bd89.gcov
  current_dir  /home/felipe/zephyrproject/zephyr-course/twister-out
  root         /home/felipe/zephyrproject/zephyr-course/app/modules/ring_buf
  starting_dir /home/felipe/zephyrproject/zephyr-course
  obj_dir      /home/felipe/zephyrproject/zephyr-course/twister-out
  gcda_fname   native_sim_native/host_gnu/zephyr-course/tests/ring_buf/homework.unit.ring_buf/zephyr/subsys/testsuite/ztest/CMakeFiles/subsys__testsuite__ztest.dir/src/ztest.c.gcda
  --> fname    /home/felipe/zephyrproject/zephyr/include/zephyr/arch/posix/arch.h
(DEBUG) Check if /home/felipe/zephyrproject/zephyr/include/zephyr/arch/posix/arch.h is included (source file)...
(DEBUG) --> File is excluded.
(DEBUG) Check if /home/felipe/zephyrproject/zephyr-course/twister-out/ztest_test.h##8418501fa194020624bd605b79e78238.gcov is included (trace)...
(DEBUG)   No filter matched.
(DEBUG) --> File is excluded.
(DEBUG) Finding source file corresponding to a gcov data file
  gcov_fname   /home/felipe/zephyrproject/zephyr-course/twister-out/ztest_test.h##8418501fa194020624bd605b79e78238.gcov
  current_dir  /home/felipe/zephyrproject/zephyr-course/twister-out
  root         /home/felipe/zephyrproject/zephyr-course/app/modules/ring_buf
  starting_dir /home/felipe/zephyrproject/zephyr-course
  obj_dir      /home/felipe/zephyrproject/zephyr-course/twister-out
  gcda_fname   native_sim_native/host_gnu/zephyr-course/tests/ring_buf/homework.unit.ring_buf/zephyr/subsys/testsuite/ztest/CMakeFiles/subsys__testsuite__ztest.dir/src/ztest.c.gcda
  --> fname    /home/felipe/zephyrproject/zephyr-course/twister-out/native_sim_native/host_gnu/zephyr-course/tests/ring_buf/homework.unit.ring_buf/zephyr/include/generated/zephyr/syscalls/ztest_test.h
(DEBUG) Check if /home/felipe/zephyrproject/zephyr-course/twister-out/native_sim_native/host_gnu/zephyr-course/tests/ring_buf/homework.unit.ring_buf/zephyr/include/generated/zephyr/syscalls/ztest_test.h is included (source file)...
(DEBUG)   No filter matched.
(DEBUG) --> File is excluded.
(DEBUG) Check if /home/felipe/zephyrproject/zephyr-course/twister-out/log_ctrl.h##bc7291ddb353fe8c15fcc40af1692eaa.gcov is included (trace)...
(DEBUG) --> File is excluded.
(DEBUG) Finding source file corresponding to a gcov data file
  gcov_fname   /home/felipe/zephyrproject/zephyr-course/twister-out/log_ctrl.h##bc7291ddb353fe8c15fcc40af1692eaa.gcov
  current_dir  /home/felipe/zephyrproject/zephyr-course/twister-out
  root         /home/felipe/zephyrproject/zephyr-course/app/modules/ring_buf
  starting_dir /home/felipe/zephyrproject/zephyr-course
  obj_dir      /home/felipe/zephyrproject/zephyr-course/twister-out
  gcda_fname   native_sim_native/host_gnu/zephyr-course/tests/ring_buf/homework.unit.ring_buf/zephyr/subsys/testsuite/ztest/CMakeFiles/subsys__testsuite__ztest.dir/src/ztest.c.gcda
  --> fname    /home/felipe/zephyrproject/zephyr-course/twister-out/native_sim_native/host_gnu/zephyr-course/tests/ring_buf/homework.unit.ring_buf/zephyr/include/generated/zephyr/syscalls/log_ctrl.h
(DEBUG) Check if /home/felipe/zephyrproject/zephyr-course/twister-out/native_sim_native/host_gnu/zephyr-course/tests/ring_buf/homework.unit.ring_buf/zephyr/include/generated/zephyr/syscalls/log_ctrl.h is included (source file)...
(DEBUG) --> File is excluded.
(DEBUG) Check if /home/felipe/zephyrproject/zephyr-course/twister-out/tc_util.h##d10dab08b2f8b1825732fed91604eb8a.gcov is included (trace)...
(DEBUG)   No filter matched.
(DEBUG) --> File is excluded.
(DEBUG) Finding source file corresponding to a gcov data file
  gcov_fname   /home/felipe/zephyrproject/zephyr-course/twister-out/tc_util.h##d10dab08b2f8b1825732fed91604eb8a.gcov
  current_dir  /home/felipe/zephyrproject/zephyr-course/twister-out
  root         /home/felipe/zephyrproject/zephyr-course/app/modules/ring_buf
  starting_dir /home/felipe/zephyrproject/zephyr-course
  obj_dir      /home/felipe/zephyrproject/zephyr-course/twister-out
  gcda_fname   native_sim_native/host_gnu/zephyr-course/tests/ring_buf/homework.unit.ring_buf/zephyr/subsys/testsuite/ztest/CMakeFiles/subsys__testsuite__ztest.dir/src/ztest.c.gcda
  --> fname    /home/felipe/zephyrproject/zephyr/subsys/testsuite/include/zephyr/tc_util.h
(DEBUG) Check if /home/felipe/zephyrproject/zephyr/subsys/testsuite/include/zephyr/tc_util.h is included (source file)...
(DEBUG)   No filter matched.
(DEBUG) --> File is excluded.
(DEBUG) Check if /home/felipe/zephyrproject/zephyr-course/twister-out/random.h##0db4f4c3e498120ccd7095ac4b41a58c.gcov is included (trace)...
(DEBUG) --> File is excluded.
(DEBUG) Finding source file corresponding to a gcov data file
  gcov_fname   /home/felipe/zephyrproject/zephyr-course/twister-out/random.h##0db4f4c3e498120ccd7095ac4b41a58c.gcov
  current_dir  /home/felipe/zephyrproject/zephyr-course/twister-out
  root         /home/felipe/zephyrproject/zephyr-course/app/modules/ring_buf
  starting_dir /home/felipe/zephyrproject/zephyr-course
  obj_dir      /home/felipe/zephyrproject/zephyr-course/twister-out
  gcda_fname   native_sim_native/host_gnu/zephyr-course/tests/ring_buf/homework.unit.ring_buf/zephyr/subsys/testsuite/ztest/CMakeFiles/subsys__testsuite__ztest.dir/src/ztest.c.gcda
  --> fname    /home/felipe/zephyrproject/zephyr-course/twister-out/native_sim_native/host_gnu/zephyr-course/tests/ring_buf/homework.unit.ring_buf/zephyr/include/generated/zephyr/syscalls/random.h
(DEBUG) Check if /home/felipe/zephyrproject/zephyr-course/twister-out/native_sim_native/host_gnu/zephyr-course/tests/ring_buf/homework.unit.ring_buf/zephyr/include/generated/zephyr/syscalls/random.h is included (source file)...
(DEBUG) --> File is excluded.
(DEBUG) Check if /home/felipe/zephyrproject/zephyr-course/twister-out/kobject.h##d3740c0d5558c78c1db4aba294fbcb9b.gcov is included (trace)...
(DEBUG)   No filter matched.
(DEBUG) --> File is excluded.
(DEBUG) Finding source file corresponding to a gcov data file
  gcov_fname   /home/felipe/zephyrproject/zephyr-course/twister-out/kobject.h##d3740c0d5558c78c1db4aba294fbcb9b.gcov
  current_dir  /home/felipe/zephyrproject/zephyr-course/twister-out
  root         /home/felipe/zephyrproject/zephyr-course/app/modules/ring_buf
  starting_dir /home/felipe/zephyrproject/zephyr-course
  obj_dir      /home/felipe/zephyrproject/zephyr-course/twister-out
  gcda_fname   native_sim_native/host_gnu/zephyr-course/tests/ring_buf/homework.unit.ring_buf/zephyr/subsys/testsuite/ztest/CMakeFiles/subsys__testsuite__ztest.dir/src/ztest.c.gcda
  --> fname    /home/felipe/zephyrproject/zephyr/include/zephyr/sys/kobject.h
(DEBUG) Check if /home/felipe/zephyrproject/zephyr/include/zephyr/sys/kobject.h is included (source file)...
(DEBUG)   No filter matched.
(DEBUG) --> File is excluded.
(DEBUG) Check if /home/felipe/zephyrproject/zephyr-course/twister-out/syscall.h##8128d8185b27548b9f11ce6707adf377.gcov is included (trace)...
(DEBUG) --> File is excluded.
(DEBUG) Finding source file corresponding to a gcov data file
  gcov_fname   /home/felipe/zephyrproject/zephyr-course/twister-out/syscall.h##8128d8185b27548b9f11ce6707adf377.gcov
  current_dir  /home/felipe/zephyrproject/zephyr-course/twister-out
  root         /home/felipe/zephyrproject/zephyr-course/app/modules/ring_buf
  starting_dir /home/felipe/zephyrproject/zephyr-course
  obj_dir      /home/felipe/zephyrproject/zephyr-course/twister-out
  gcda_fname   native_sim_native/host_gnu/zephyr-course/tests/ring_buf/homework.unit.ring_buf/zephyr/subsys/testsuite/ztest/CMakeFiles/subsys__testsuite__ztest.dir/src/ztest.c.gcda
  --> fname    /home/felipe/zephyrproject/zephyr/include/zephyr/syscall.h
(DEBUG) Check if /home/felipe/zephyrproject/zephyr/include/zephyr/syscall.h is included (source file)...
(DEBUG) --> File is excluded.
(DEBUG) Check if /home/felipe/zephyrproject/zephyr-course/twister-out/kernel.h##8118239d1ec13e308e040c6439814b34.gcov is included (trace)...
(DEBUG) --> File is excluded.
(DEBUG) Finding source file corresponding to a gcov data file
  gcov_fname   /home/felipe/zephyrproject/zephyr-course/twister-out/kernel.h##8118239d1ec13e308e040c6439814b34.gcov
  current_dir  /home/felipe/zephyrproject/zephyr-course/twister-out
  root         /home/felipe/zephyrproject/zephyr-course/app/modules/ring_buf
  starting_dir /home/felipe/zephyrproject/zephyr-course
  obj_dir      /home/felipe/zephyrproject/zephyr-course/twister-out
  gcda_fname   native_sim_native/host_gnu/zephyr-course/tests/ring_buf/homework.unit.ring_buf/zephyr/subsys/testsuite/ztest/CMakeFiles/subsys__testsuite__ztest.dir/src/ztest.c.gcda
  --> fname    /home/felipe/zephyrproject/zephyr/include/zephyr/kernel.h
(DEBUG) Check if /home/felipe/zephyrproject/zephyr/include/zephyr/kernel.h is included (source file)...
(DEBUG) --> File is excluded.
(DEBUG) Check if /home/felipe/zephyrproject/zephyr-course/twister-out/log_ctrl.h##5e51680a7cfcbf740e39a2e8ba57d29f.gcov is included (trace)...
(DEBUG)   No filter matched.
(DEBUG) --> File is excluded.
(DEBUG) Finding source file corresponding to a gcov data file
  gcov_fname   /home/felipe/zephyrproject/zephyr-course/twister-out/log_ctrl.h##5e51680a7cfcbf740e39a2e8ba57d29f.gcov
  current_dir  /home/felipe/zephyrproject/zephyr-course/twister-out
  root         /home/felipe/zephyrproject/zephyr-course/app/modules/ring_buf
  starting_dir /home/felipe/zephyrproject/zephyr-course
  obj_dir      /home/felipe/zephyrproject/zephyr-course/twister-out
  gcda_fname   native_sim_native/host_gnu/zephyr-course/tests/ring_buf/homework.unit.ring_buf/zephyr/subsys/testsuite/ztest/CMakeFiles/subsys__testsuite__ztest.dir/src/ztest.c.gcda
  --> fname    /home/felipe/zephyrproject/zephyr/include/zephyr/logging/log_ctrl.h
(DEBUG) Check if /home/felipe/zephyrproject/zephyr/include/zephyr/logging/log_ctrl.h is included (source file)...
(DEBUG)   No filter matched.
(DEBUG) --> File is excluded.
(DEBUG) Check if /home/felipe/zephyrproject/zephyr-course/twister-out/ztest.c##69f2cd7143f899e09e95a7da74eafff7.gcov is included (trace)...
(DEBUG)   No filter matched.
(DEBUG) --> File is excluded.
(DEBUG) Finding source file corresponding to a gcov data file
  gcov_fname   /home/felipe/zephyrproject/zephyr-course/twister-out/ztest.c##69f2cd7143f899e09e95a7da74eafff7.gcov
  current_dir  /home/felipe/zephyrproject/zephyr-course/twister-out
  root         /home/felipe/zephyrproject/zephyr-course/app/modules/ring_buf
  starting_dir /home/felipe/zephyrproject/zephyr-course
  obj_dir      /home/felipe/zephyrproject/zephyr-course/twister-out
  gcda_fname   native_sim_native/host_gnu/zephyr-course/tests/ring_buf/homework.unit.ring_buf/zephyr/subsys/testsuite/ztest/CMakeFiles/subsys__testsuite__ztest.dir/src/ztest.c.gcda
  --> fname    /home/felipe/zephyrproject/zephyr/subsys/testsuite/ztest/src/ztest.c
(DEBUG) Check if /home/felipe/zephyrproject/zephyr/subsys/testsuite/ztest/src/ztest.c is included (source file)...
(DEBUG)   No filter matched.
(DEBUG) --> File is excluded.
(DEBUG) Check if /home/felipe/zephyrproject/zephyr-course/twister-out/native_sim_native/host_gnu/zephyr-course/tests/ring_buf/homework.unit.ring_buf/zephyr/subsys/testsuite/ztest/CMakeFiles/subsys__testsuite__ztest.dir/src/ztest_error_hook.c.gcno is included (trace)...
(DEBUG)   No filter matched.
(DEBUG) --> File is excluded.
(DEBUG) Check if /home/felipe/zephyrproject/zephyr-course/twister-out/native_sim_native/host_gnu/zephyr-course/tests/ring_buf/homework.unit.ring_buf/zephyr/subsys/testsuite/ztest/CMakeFiles/subsys__testsuite__ztest.dir/src/ztest_error_hook.c.gcno is included (trace)...
(DEBUG) --> File is excluded.
(DEBUG) Check if /home/felipe/zephyrproject/zephyr-course/twister-out/native_sim_native/host_gnu/zephyr-course/tests/ring_buf/homework.unit.ring_buf/zephyr/subsys/testsuite/ztest/CMakeFiles/subsys__testsuite__ztest.dir/src/ztest_posix.c.gcda is included (trace)...
(DEBUG)   No filter matched.
(DEBUG) --> File is excluded.
(DEBUG) Check if /home/felipe/zephyrproject/zephyr-course/twister-out/native_sim_native/host_gnu/zephyr-course/tests/ring_buf/homework.unit.ring_buf/zephyr/subsys/testsuite/ztest/CMakeFiles/subsys__testsuite__ztest.dir/src/ztest_posix.c.gcda is included (trace)...
(DEBUG) --> File is excluded.
(DEBUG) Check if ztest_posix.c##f362be0611230c32d1006aff1b6a212b.gcov is included (gcov file)...
(DEBUG)   Filter AlwaysMatchFilter() matched.
(DEBUG) --> File is included.
(DEBUG) Check if ztest_test.h##8418501fa194020624bd605b79e78238.gcov is included (gcov file)...
(DEBUG) --> File is included.
(DEBUG) Check if /home/felipe/zephyrproject/zephyr-course/twister-out/ztest_posix.c##f362be0611230c32d1006aff1b6a212b.gcov is included (trace)...
(DEBUG)   No filter matched.
(DEBUG) --> File is excluded.
(DEBUG) Finding source file corresponding to a gcov data file
  gcov_fname   /home/felipe/zephyrproject/zephyr-course/twister-out/ztest_posix.c##f362be0611230c32d1006aff1b6a212b.gcov
  current_dir  /home/felipe/zephyrproject/zephyr-course/twister-out
  root         /home/felipe/zephyrproject/zephyr-course/app/modules/ring_buf
  starting_dir /home/felipe/zephyrproject/zephyr-course
  obj_dir      /home/felipe/zephyrproject/zephyr-course/twister-out
  gcda_fname   native_sim_native/host_gnu/zephyr-course/tests/ring_buf/homework.unit.ring_buf/zephyr/subsys/testsuite/ztest/CMakeFiles/subsys__testsuite__ztest.dir/src/ztest_posix.c.gcda
  --> fname    /home/felipe/zephyrproject/zephyr/subsys/testsuite/ztest/src/ztest_posix.c
(DEBUG) Check if /home/felipe/zephyrproject/zephyr/subsys/testsuite/ztest/src/ztest_posix.c is included (source file)...
(DEBUG)   No filter matched.
(DEBUG) --> File is excluded.
(DEBUG) Check if /home/felipe/zephyrproject/zephyr-course/twister-out/ztest_test.h##8418501fa194020624bd605b79e78238.gcov is included (trace)...
(DEBUG) --> File is excluded.
(DEBUG) Finding source file corresponding to a gcov data file
  gcov_fname   /home/felipe/zephyrproject/zephyr-course/twister-out/ztest_test.h##8418501fa194020624bd605b79e78238.gcov
  current_dir  /home/felipe/zephyrproject/zephyr-course/twister-out
  root         /home/felipe/zephyrproject/zephyr-course/app/modules/ring_buf
  starting_dir /home/felipe/zephyrproject/zephyr-course
  obj_dir      /home/felipe/zephyrproject/zephyr-course/twister-out
  gcda_fname   native_sim_native/host_gnu/zephyr-course/tests/ring_buf/homework.unit.ring_buf/zephyr/subsys/testsuite/ztest/CMakeFiles/subsys__testsuite__ztest.dir/src/ztest_posix.c.gcda
  --> fname    /home/felipe/zephyrproject/zephyr-course/twister-out/native_sim_native/host_gnu/zephyr-course/tests/ring_buf/homework.unit.ring_buf/zephyr/include/generated/zephyr/syscalls/ztest_test.h
(DEBUG) Check if /home/felipe/zephyrproject/zephyr-course/twister-out/native_sim_native/host_gnu/zephyr-course/tests/ring_buf/homework.unit.ring_buf/zephyr/include/generated/zephyr/syscalls/ztest_test.h is included (source file)...
(DEBUG) --> File is excluded.
(DEBUG) Check if /home/felipe/zephyrproject/zephyr-course/twister-out/native_sim_native/host_gnu/zephyr-course/tests/ring_buf/homework.unit.ring_buf/zephyr/subsys/testsuite/ztest/CMakeFiles/subsys__testsuite__ztest.dir/src/ztest_rules.c.gcno is included (trace)...
(DEBUG)   No filter matched.
(DEBUG) --> File is excluded.
(DEBUG) Check if /home/felipe/zephyrproject/zephyr-course/twister-out/native_sim_native/host_gnu/zephyr-course/tests/ring_buf/homework.unit.ring_buf/zephyr/subsys/testsuite/ztest/CMakeFiles/subsys__testsuite__ztest.dir/src/ztest_rules.c.gcno is included (trace)...
(DEBUG) --> File is excluded.
(INFO) Writing coverage report...
Running: gcovr -r /home/felipe/zephyrproject/zephyr-course/app/modules/ring_buf -v --merge-mode-functions=separate --gcov-executable gcov -f tests/ztest -e tests/ztest/test/* --json -o /home/felipe/zephyrproject/zephyr-course/twister-out/ztest.json /home/felipe/zephyrproject/zephyr-course/twister-out --gcov-object-directory /home/felipe/zephyrproject/zephyr-course/twister-out
(DEBUG) gcovr version 8.6
(DEBUG) File system is case sensitive.
(DEBUG) Filters for --filter: (1)
(DEBUG)  - RelativeFilter(tests/ztest root=/home/felipe/zephyrproject/zephyr-course)
(DEBUG) Filters for --exclude: (1)
(DEBUG)  - RelativeFilter(tests/ztest/test/* root=/home/felipe/zephyrproject/zephyr-course)
(DEBUG) Filters for --include: (0)
(DEBUG) Filters for --gcov-filter: (1)
(DEBUG)  - AlwaysMatchFilter()
(DEBUG) Filters for --gcov-exclude: (0)
(DEBUG) Filters for --exclude-directory: (0)
(DEBUG) Filters for --trace-include: (0)
(DEBUG) Filters for --trace-exclude: (0)
(DEBUG) Patterns for --exclude-function: (0)
(DEBUG) Patterns for --exclude-lines-by-pattern: (0)
(DEBUG) Patterns for --exclude-branches-by-pattern: (0)
(INFO) Reading coverage data...
(DEBUG) Scanning directory twister-out for gcda/gcno files...
(DEBUG) Found 188 files (and will process 106)
(DEBUG) Using 1 workers.
(DEBUG) Pool started with 1 threads
(DEBUG) Check if /home/felipe/zephyrproject/zephyr-course/twister-out/native_sim_native/host_gnu/zephyr-course/tests/ring_buf/homework.unit.ring_buf/CMakeFiles/app.dir/home/felipe/zephyrproject/zephyr-course/app/modules/ring_buf/src/ring_buf.c.gcda is included (trace)...
(DEBUG)   No filter matched.
(DEBUG) --> File is excluded.
(DEBUG) GCOV capabilities: Unsupported JSON format detected.
(DEBUG) GCOV capabilities: Demangled names available.
(DEBUG) GCOV capabilities: Hashing of filenames available.
(DEBUG) Check if /home/felipe/zephyrproject/zephyr-course/twister-out/native_sim_native/host_gnu/zephyr-course/tests/ring_buf/homework.unit.ring_buf/CMakeFiles/app.dir/home/felipe/zephyrproject/zephyr-course/app/modules/ring_buf/src/ring_buf.c.gcda is included (trace)...
(DEBUG) --> File is excluded.
(DEBUG) Check if ring_buf.c##7e92921be96f2c79a0365712591afdb8.gcov is included (gcov file)...
(DEBUG)   Filter AlwaysMatchFilter() matched.
(DEBUG) --> File is included.
(DEBUG) Check if log_msg.h##8e71b5010d1ef358ceb2fe0042f1ff82.gcov is included (gcov file)...
(DEBUG)   Filter AlwaysMatchFilter() matched.
(DEBUG) --> File is included.
(DEBUG) Check if /home/felipe/zephyrproject/zephyr-course/twister-out/log_msg.h##8e71b5010d1ef358ceb2fe0042f1ff82.gcov is included (trace)...
(DEBUG)   No filter matched.
(DEBUG) --> File is excluded.
(DEBUG) Finding source file corresponding to a gcov data file
  gcov_fname   /home/felipe/zephyrproject/zephyr-course/twister-out/log_msg.h##8e71b5010d1ef358ceb2fe0042f1ff82.gcov
  current_dir  /home/felipe/zephyrproject/zephyr-course/twister-out
  root         /home/felipe/zephyrproject/zephyr-course/app/modules/ring_buf
  starting_dir /home/felipe/zephyrproject/zephyr-course
  obj_dir      /home/felipe/zephyrproject/zephyr-course/twister-out
  gcda_fname   native_sim_native/host_gnu/zephyr-course/tests/ring_buf/homework.unit.ring_buf/CMakeFiles/app.dir/home/felipe/zephyrproject/zephyr-course/app/modules/ring_buf/src/ring_buf.c.gcda
  --> fname    /home/felipe/zephyrproject/zephyr/include/zephyr/logging/log_msg.h
(DEBUG) Check if /home/felipe/zephyrproject/zephyr/include/zephyr/logging/log_msg.h is included (source file)...
(DEBUG)   No filter matched.
(DEBUG) --> File is excluded.
(DEBUG) Check if /home/felipe/zephyrproject/zephyr-course/twister-out/ring_buf.c##7e92921be96f2c79a0365712591afdb8.gcov is included (trace)...
(DEBUG)   No filter matched.
(DEBUG) --> File is excluded.
(DEBUG) Finding source file corresponding to a gcov data file
  gcov_fname   /home/felipe/zephyrproject/zephyr-course/twister-out/ring_buf.c##7e92921be96f2c79a0365712591afdb8.gcov
  current_dir  /home/felipe/zephyrproject/zephyr-course/twister-out
  root         /home/felipe/zephyrproject/zephyr-course/app/modules/ring_buf
  starting_dir /home/felipe/zephyrproject/zephyr-course
  obj_dir      /home/felipe/zephyrproject/zephyr-course/twister-out
  gcda_fname   native_sim_native/host_gnu/zephyr-course/tests/ring_buf/homework.unit.ring_buf/CMakeFiles/app.dir/home/felipe/zephyrproject/zephyr-course/app/modules/ring_buf/src/ring_buf.c.gcda
  --> fname    /home/felipe/zephyrproject/zephyr-course/app/modules/ring_buf/src/ring_buf.c
(DEBUG) Check if /home/felipe/zephyrproject/zephyr-course/app/modules/ring_buf/src/ring_buf.c is included (source file)...
(DEBUG)   No filter matched.
(DEBUG) --> File is excluded.
(DEBUG) Check if /home/felipe/zephyrproject/zephyr-course/twister-out/native_sim_native/host_gnu/zephyr-course/tests/ring_buf/homework.unit.ring_buf/CMakeFiles/app.dir/src/test_ring_buf.c.gcda is included (trace)...
(DEBUG)   No filter matched.
(DEBUG) --> File is excluded.
(DEBUG) Check if /home/felipe/zephyrproject/zephyr-course/twister-out/native_sim_native/host_gnu/zephyr-course/tests/ring_buf/homework.unit.ring_buf/CMakeFiles/app.dir/src/test_ring_buf.c.gcda is included (trace)...
(DEBUG) --> File is excluded.
(DEBUG) Check if test_ring_buf.c##52938c3597c1e6c7d5572aafc41d4f75.gcov is included (gcov file)...
(DEBUG)   Filter AlwaysMatchFilter() matched.
(DEBUG) --> File is included.
(DEBUG) Check if ztest_assert.h##f9eab3cd2c932e23acfa155a9f96fda0.gcov is included (gcov file)...
(DEBUG)   Filter AlwaysMatchFilter() matched.
(DEBUG) --> File is included.
(DEBUG) Check if /home/felipe/zephyrproject/zephyr-course/twister-out/ztest_assert.h##f9eab3cd2c932e23acfa155a9f96fda0.gcov is included (trace)...
(DEBUG)   No filter matched.
(DEBUG) --> File is excluded.
(DEBUG) Finding source file corresponding to a gcov data file
  gcov_fname   /home/felipe/zephyrproject/zephyr-course/twister-out/ztest_assert.h##f9eab3cd2c932e23acfa155a9f96fda0.gcov
  current_dir  /home/felipe/zephyrproject/zephyr-course/twister-out
  root         /home/felipe/zephyrproject/zephyr-course/app/modules/ring_buf
  starting_dir /home/felipe/zephyrproject/zephyr-course
  obj_dir      /home/felipe/zephyrproject/zephyr-course/twister-out
  gcda_fname   native_sim_native/host_gnu/zephyr-course/tests/ring_buf/homework.unit.ring_buf/CMakeFiles/app.dir/src/test_ring_buf.c.gcda
  --> fname    /home/felipe/zephyrproject/zephyr/subsys/testsuite/ztest/include/zephyr/ztest_assert.h
(DEBUG) Check if /home/felipe/zephyrproject/zephyr/subsys/testsuite/ztest/include/zephyr/ztest_assert.h is included (source file)...
(DEBUG)   No filter matched.
(DEBUG) --> File is excluded.
(DEBUG) Check if /home/felipe/zephyrproject/zephyr-course/twister-out/test_ring_buf.c##52938c3597c1e6c7d5572aafc41d4f75.gcov is included (trace)...
(DEBUG)   No filter matched.
(DEBUG) --> File is excluded.
(DEBUG) Finding source file corresponding to a gcov data file
  gcov_fname   /home/felipe/zephyrproject/zephyr-course/twister-out/test_ring_buf.c##52938c3597c1e6c7d5572aafc41d4f75.gcov
  current_dir  /home/felipe/zephyrproject/zephyr-course/twister-out
  root         /home/felipe/zephyrproject/zephyr-course/app/modules/ring_buf
  starting_dir /home/felipe/zephyrproject/zephyr-course
  obj_dir      /home/felipe/zephyrproject/zephyr-course/twister-out
  gcda_fname   native_sim_native/host_gnu/zephyr-course/tests/ring_buf/homework.unit.ring_buf/CMakeFiles/app.dir/src/test_ring_buf.c.gcda
  --> fname    /home/felipe/zephyrproject/zephyr-course/tests/ring_buf/src/test_ring_buf.c
(DEBUG) Check if /home/felipe/zephyrproject/zephyr-course/tests/ring_buf/src/test_ring_buf.c is included (source file)...
(DEBUG)   No filter matched.
(DEBUG) --> File is excluded.
(DEBUG) Check if /home/felipe/zephyrproject/zephyr-course/twister-out/native_sim_native/host_gnu/zephyr-course/tests/ring_buf/homework.unit.ring_buf/zephyr/CMakeFiles/offsets.dir/arch/posix/core/offsets/offsets.c.gcda is included (trace)...
(DEBUG)   No filter matched.
(DEBUG) --> File is excluded.
(DEBUG) Check if /home/felipe/zephyrproject/zephyr-course/twister-out/native_sim_native/host_gnu/zephyr-course/tests/ring_buf/homework.unit.ring_buf/zephyr/CMakeFiles/offsets.dir/arch/posix/core/offsets/offsets.c.gcda is included (trace)...
(DEBUG) --> File is excluded.
(DEBUG) Check if kernel_offsets.h##cb720198d5c70a1ddca140efdaf6c50b.gcov is included (gcov file)...
(DEBUG)   Filter AlwaysMatchFilter() matched.
(DEBUG) --> File is included.
(DEBUG) Check if offsets.c##ae76d6b20dc9621efbba8e59a3f2951a.gcov is included (gcov file)...
(DEBUG)   Filter AlwaysMatchFilter() matched.
(DEBUG) --> File is included.
(DEBUG) Check if /home/felipe/zephyrproject/zephyr-course/twister-out/offsets.c##ae76d6b20dc9621efbba8e59a3f2951a.gcov is included (trace)...
(DEBUG)   No filter matched.
(DEBUG) --> File is excluded.
(DEBUG) Finding source file corresponding to a gcov data file
  gcov_fname   /home/felipe/zephyrproject/zephyr-course/twister-out/offsets.c##ae76d6b20dc9621efbba8e59a3f2951a.gcov
  current_dir  /home/felipe/zephyrproject/zephyr-course/twister-out
  root         /home/felipe/zephyrproject/zephyr-course/app/modules/ring_buf
  starting_dir /home/felipe/zephyrproject/zephyr-course
  obj_dir      /home/felipe/zephyrproject/zephyr-course/twister-out
  gcda_fname   native_sim_native/host_gnu/zephyr-course/tests/ring_buf/homework.unit.ring_buf/zephyr/CMakeFiles/offsets.dir/arch/posix/core/offsets/offsets.c.gcda
  --> fname    /home/felipe/zephyrproject/zephyr/arch/posix/core/offsets/offsets.c
(DEBUG) Check if /home/felipe/zephyrproject/zephyr/arch/posix/core/offsets/offsets.c is included (source file)...
(DEBUG)   No filter matched.
(DEBUG) --> File is excluded.
(DEBUG) Check if /home/felipe/zephyrproject/zephyr-course/twister-out/kernel_offsets.h##cb720198d5c70a1ddca140efdaf6c50b.gcov is included (trace)...
(DEBUG)   No filter matched.
(DEBUG) --> File is excluded.
(DEBUG) Finding source file corresponding to a gcov data file
  gcov_fname   /home/felipe/zephyrproject/zephyr-course/twister-out/kernel_offsets.h##cb720198d5c70a1ddca140efdaf6c50b.gcov
  current_dir  /home/felipe/zephyrproject/zephyr-course/twister-out
  root         /home/felipe/zephyrproject/zephyr-course/app/modules/ring_buf
  starting_dir /home/felipe/zephyrproject/zephyr-course
  obj_dir      /home/felipe/zephyrproject/zephyr-course/twister-out
  gcda_fname   native_sim_native/host_gnu/zephyr-course/tests/ring_buf/homework.unit.ring_buf/zephyr/CMakeFiles/offsets.dir/arch/posix/core/offsets/offsets.c.gcda
  --> fname    /home/felipe/zephyrproject/zephyr/kernel/include/kernel_offsets.h
(DEBUG) Check if /home/felipe/zephyrproject/zephyr/kernel/include/kernel_offsets.h is included (source file)...
(DEBUG)   No filter matched.
(DEBUG) --> File is excluded.
(DEBUG) Check if /home/felipe/zephyrproject/zephyr-course/twister-out/native_sim_native/host_gnu/zephyr-course/tests/ring_buf/homework.unit.ring_buf/zephyr/CMakeFiles/zephyr.dir/lib/heap/heap.c.gcda is included (trace)...
(DEBUG)   No filter matched.
(DEBUG) --> File is excluded.
(DEBUG) Check if /home/felipe/zephyrproject/zephyr-course/twister-out/native_sim_native/host_gnu/zephyr-course/tests/ring_buf/homework.unit.ring_buf/zephyr/CMakeFiles/zephyr.dir/lib/heap/heap.c.gcda is included (trace)...
(DEBUG) --> File is excluded.
(DEBUG) Check if heap.c##1ceb2c47b4a6dcd84c8852cac1459d1e.gcov is included (gcov file)...
(DEBUG)   Filter AlwaysMatchFilter() matched.
(DEBUG) --> File is included.
(DEBUG) Check if heap.h##2dde6d4dee27218936a2a7ee78c9e226.gcov is included (gcov file)...
(DEBUG)   Filter AlwaysMatchFilter() matched.
(DEBUG) --> File is included.
(DEBUG) Check if log_msg.h##8e71b5010d1ef358ceb2fe0042f1ff82.gcov is included (gcov file)...
(DEBUG) --> File is included.
(DEBUG) Check if /home/felipe/zephyrproject/zephyr-course/twister-out/heap.c##1ceb2c47b4a6dcd84c8852cac1459d1e.gcov is included (trace)...
(DEBUG)   No filter matched.
(DEBUG) --> File is excluded.
(DEBUG) Finding source file corresponding to a gcov data file
  gcov_fname   /home/felipe/zephyrproject/zephyr-course/twister-out/heap.c##1ceb2c47b4a6dcd84c8852cac1459d1e.gcov
  current_dir  /home/felipe/zephyrproject/zephyr-course/twister-out
  root         /home/felipe/zephyrproject/zephyr-course/app/modules/ring_buf
  starting_dir /home/felipe/zephyrproject/zephyr-course
  obj_dir      /home/felipe/zephyrproject/zephyr-course/twister-out
  gcda_fname   native_sim_native/host_gnu/zephyr-course/tests/ring_buf/homework.unit.ring_buf/zephyr/CMakeFiles/zephyr.dir/lib/heap/heap.c.gcda
  --> fname    /home/felipe/zephyrproject/zephyr/lib/heap/heap.c
(DEBUG) Check if /home/felipe/zephyrproject/zephyr/lib/heap/heap.c is included (source file)...
(DEBUG)   No filter matched.
(DEBUG) --> File is excluded.
(DEBUG) Check if /home/felipe/zephyrproject/zephyr-course/twister-out/log_msg.h##8e71b5010d1ef358ceb2fe0042f1ff82.gcov is included (trace)...
(DEBUG) --> File is excluded.
(DEBUG) Finding source file corresponding to a gcov data file
  gcov_fname   /home/felipe/zephyrproject/zephyr-course/twister-out/log_msg.h##8e71b5010d1ef358ceb2fe0042f1ff82.gcov
  current_dir  /home/felipe/zephyrproject/zephyr-course/twister-out
  root         /home/felipe/zephyrproject/zephyr-course/app/modules/ring_buf
  starting_dir /home/felipe/zephyrproject/zephyr-course
  obj_dir      /home/felipe/zephyrproject/zephyr-course/twister-out
  gcda_fname   native_sim_native/host_gnu/zephyr-course/tests/ring_buf/homework.unit.ring_buf/zephyr/CMakeFiles/zephyr.dir/lib/heap/heap.c.gcda
  --> fname    /home/felipe/zephyrproject/zephyr/include/zephyr/logging/log_msg.h
(DEBUG) Check if /home/felipe/zephyrproject/zephyr/include/zephyr/logging/log_msg.h is included (source file)...
(DEBUG) --> File is excluded.
(DEBUG) Check if /home/felipe/zephyrproject/zephyr-course/twister-out/heap.h##2dde6d4dee27218936a2a7ee78c9e226.gcov is included (trace)...
(DEBUG)   No filter matched.
(DEBUG) --> File is excluded.
(DEBUG) Finding source file corresponding to a gcov data file
  gcov_fname   /home/felipe/zephyrproject/zephyr-course/twister-out/heap.h##2dde6d4dee27218936a2a7ee78c9e226.gcov
  current_dir  /home/felipe/zephyrproject/zephyr-course/twister-out
  root         /home/felipe/zephyrproject/zephyr-course/app/modules/ring_buf
  starting_dir /home/felipe/zephyrproject/zephyr-course
  obj_dir      /home/felipe/zephyrproject/zephyr-course/twister-out
  gcda_fname   native_sim_native/host_gnu/zephyr-course/tests/ring_buf/homework.unit.ring_buf/zephyr/CMakeFiles/zephyr.dir/lib/heap/heap.c.gcda
  --> fname    /home/felipe/zephyrproject/zephyr/lib/heap/heap.h
(DEBUG) Check if /home/felipe/zephyrproject/zephyr/lib/heap/heap.h is included (source file)...
(DEBUG)   No filter matched.
(DEBUG) --> File is excluded.
(DEBUG) Check if /home/felipe/zephyrproject/zephyr-course/twister-out/native_sim_native/host_gnu/zephyr-course/tests/ring_buf/homework.unit.ring_buf/zephyr/CMakeFiles/zephyr.dir/lib/libc/validate_libc.c.gcno is included (trace)...
(DEBUG)   No filter matched.
(DEBUG) --> File is excluded.
(DEBUG) Check if /home/felipe/zephyrproject/zephyr-course/twister-out/native_sim_native/host_gnu/zephyr-course/tests/ring_buf/homework.unit.ring_buf/zephyr/CMakeFiles/zephyr.dir/lib/libc/validate_libc.c.gcno is included (trace)...
(DEBUG) --> File is excluded.
(DEBUG) Check if /home/felipe/zephyrproject/zephyr-course/twister-out/native_sim_native/host_gnu/zephyr-course/tests/ring_buf/homework.unit.ring_buf/zephyr/CMakeFiles/zephyr.dir/lib/os/assert.c.gcda is included (trace)...
(DEBUG)   No filter matched.
(DEBUG) --> File is excluded.
(DEBUG) Check if /home/felipe/zephyrproject/zephyr-course/twister-out/native_sim_native/host_gnu/zephyr-course/tests/ring_buf/homework.unit.ring_buf/zephyr/CMakeFiles/zephyr.dir/lib/os/assert.c.gcda is included (trace)...
(DEBUG) --> File is excluded.
(DEBUG) Check if assert.c##35155f7a84a6c96a3e6bb2125ff38302.gcov is included (gcov file)...
(DEBUG)   Filter AlwaysMatchFilter() matched.
(DEBUG) --> File is included.
(DEBUG) Check if /home/felipe/zephyrproject/zephyr-course/twister-out/assert.c##35155f7a84a6c96a3e6bb2125ff38302.gcov is included (trace)...
(DEBUG)   No filter matched.
(DEBUG) --> File is excluded.
(DEBUG) Finding source file corresponding to a gcov data file
  gcov_fname   /home/felipe/zephyrproject/zephyr-course/twister-out/assert.c##35155f7a84a6c96a3e6bb2125ff38302.gcov
  current_dir  /home/felipe/zephyrproject/zephyr-course/twister-out
  root         /home/felipe/zephyrproject/zephyr-course/app/modules/ring_buf
  starting_dir /home/felipe/zephyrproject/zephyr-course
  obj_dir      /home/felipe/zephyrproject/zephyr-course/twister-out
  gcda_fname   native_sim_native/host_gnu/zephyr-course/tests/ring_buf/homework.unit.ring_buf/zephyr/CMakeFiles/zephyr.dir/lib/os/assert.c.gcda
  --> fname    /home/felipe/zephyrproject/zephyr/lib/os/assert.c
(DEBUG) Check if /home/felipe/zephyrproject/zephyr/lib/os/assert.c is included (source file)...
(DEBUG)   No filter matched.
(DEBUG) --> File is excluded.
(DEBUG) Check if /home/felipe/zephyrproject/zephyr-course/twister-out/native_sim_native/host_gnu/zephyr-course/tests/ring_buf/homework.unit.ring_buf/zephyr/CMakeFiles/zephyr.dir/lib/os/cbprintf.c.gcda is included (trace)...
(DEBUG)   No filter matched.
(DEBUG) --> File is excluded.
(DEBUG) Check if /home/felipe/zephyrproject/zephyr-course/twister-out/native_sim_native/host_gnu/zephyr-course/tests/ring_buf/homework.unit.ring_buf/zephyr/CMakeFiles/zephyr.dir/lib/os/cbprintf.c.gcda is included (trace)...
(DEBUG) --> File is excluded.
(DEBUG) Check if cbprintf.c##c51d489be18363464c34738f3e2f62a3.gcov is included (gcov file)...
(DEBUG)   Filter AlwaysMatchFilter() matched.
(DEBUG) --> File is included.
(DEBUG) Check if cbprintf.h##b2e151616223f33dd5fe1cc0fe535743.gcov is included (gcov file)...
(DEBUG)   Filter AlwaysMatchFilter() matched.
(DEBUG) --> File is included.
(DEBUG) Check if /home/felipe/zephyrproject/zephyr-course/twister-out/cbprintf.c##c51d489be18363464c34738f3e2f62a3.gcov is included (trace)...
(DEBUG)   No filter matched.
(DEBUG) --> File is excluded.
(DEBUG) Finding source file corresponding to a gcov data file
  gcov_fname   /home/felipe/zephyrproject/zephyr-course/twister-out/cbprintf.c##c51d489be18363464c34738f3e2f62a3.gcov
  current_dir  /home/felipe/zephyrproject/zephyr-course/twister-out
  root         /home/felipe/zephyrproject/zephyr-course/app/modules/ring_buf
  starting_dir /home/felipe/zephyrproject/zephyr-course
  obj_dir      /home/felipe/zephyrproject/zephyr-course/twister-out
  gcda_fname   native_sim_native/host_gnu/zephyr-course/tests/ring_buf/homework.unit.ring_buf/zephyr/CMakeFiles/zephyr.dir/lib/os/cbprintf.c.gcda
  --> fname    /home/felipe/zephyrproject/zephyr/lib/os/cbprintf.c
(DEBUG) Check if /home/felipe/zephyrproject/zephyr/lib/os/cbprintf.c is included (source file)...
(DEBUG)   No filter matched.
(DEBUG) --> File is excluded.
(DEBUG) Check if /home/felipe/zephyrproject/zephyr-course/twister-out/cbprintf.h##b2e151616223f33dd5fe1cc0fe535743.gcov is included (trace)...
(DEBUG)   No filter matched.
(DEBUG) --> File is excluded.
(DEBUG) Finding source file corresponding to a gcov data file
  gcov_fname   /home/felipe/zephyrproject/zephyr-course/twister-out/cbprintf.h##b2e151616223f33dd5fe1cc0fe535743.gcov
  current_dir  /home/felipe/zephyrproject/zephyr-course/twister-out
  root         /home/felipe/zephyrproject/zephyr-course/app/modules/ring_buf
  starting_dir /home/felipe/zephyrproject/zephyr-course
  obj_dir      /home/felipe/zephyrproject/zephyr-course/twister-out
  gcda_fname   native_sim_native/host_gnu/zephyr-course/tests/ring_buf/homework.unit.ring_buf/zephyr/CMakeFiles/zephyr.dir/lib/os/cbprintf.c.gcda
  --> fname    /home/felipe/zephyrproject/zephyr/include/zephyr/sys/cbprintf.h
(DEBUG) Check if /home/felipe/zephyrproject/zephyr/include/zephyr/sys/cbprintf.h is included (source file)...
(DEBUG)   No filter matched.
(DEBUG) --> File is excluded.
(DEBUG) Check if /home/felipe/zephyrproject/zephyr-course/twister-out/native_sim_native/host_gnu/zephyr-course/tests/ring_buf/homework.unit.ring_buf/zephyr/CMakeFiles/zephyr.dir/lib/os/cbprintf_complete.c.gcda is included (trace)...
(DEBUG)   No filter matched.
(DEBUG) --> File is excluded.
(DEBUG) Check if /home/felipe/zephyrproject/zephyr-course/twister-out/native_sim_native/host_gnu/zephyr-course/tests/ring_buf/homework.unit.ring_buf/zephyr/CMakeFiles/zephyr.dir/lib/os/cbprintf_complete.c.gcda is included (trace)...
(DEBUG) --> File is excluded.
(DEBUG) Check if cbprintf_complete.c##7575cd3e2b4eac938c446c97d87cfc26.gcov is included (gcov file)...
(DEBUG)   Filter AlwaysMatchFilter() matched.
(DEBUG) --> File is included.
(DEBUG) Check if /home/felipe/zephyrproject/zephyr-course/twister-out/cbprintf_complete.c##7575cd3e2b4eac938c446c97d87cfc26.gcov is included (trace)...
(DEBUG)   No filter matched.
(DEBUG) --> File is excluded.
(DEBUG) Finding source file corresponding to a gcov data file
  gcov_fname   /home/felipe/zephyrproject/zephyr-course/twister-out/cbprintf_complete.c##7575cd3e2b4eac938c446c97d87cfc26.gcov
  current_dir  /home/felipe/zephyrproject/zephyr-course/twister-out
  root         /home/felipe/zephyrproject/zephyr-course/app/modules/ring_buf
  starting_dir /home/felipe/zephyrproject/zephyr-course
  obj_dir      /home/felipe/zephyrproject/zephyr-course/twister-out
  gcda_fname   native_sim_native/host_gnu/zephyr-course/tests/ring_buf/homework.unit.ring_buf/zephyr/CMakeFiles/zephyr.dir/lib/os/cbprintf_complete.c.gcda
  --> fname    /home/felipe/zephyrproject/zephyr/lib/os/cbprintf_complete.c
(DEBUG) Check if /home/felipe/zephyrproject/zephyr/lib/os/cbprintf_complete.c is included (source file)...
(DEBUG)   No filter matched.
(DEBUG) --> File is excluded.
(DEBUG) Check if /home/felipe/zephyrproject/zephyr-course/twister-out/native_sim_native/host_gnu/zephyr-course/tests/ring_buf/homework.unit.ring_buf/zephyr/CMakeFiles/zephyr.dir/lib/os/cbprintf_packaged.c.gcda is included (trace)...
(DEBUG)   No filter matched.
(DEBUG) --> File is excluded.
(DEBUG) Check if /home/felipe/zephyrproject/zephyr-course/twister-out/native_sim_native/host_gnu/zephyr-course/tests/ring_buf/homework.unit.ring_buf/zephyr/CMakeFiles/zephyr.dir/lib/os/cbprintf_packaged.c.gcda is included (trace)...
(DEBUG) --> File is excluded.
(DEBUG) Check if cbprintf_packaged.c##c45367932576b732544dbcc1b2304546.gcov is included (gcov file)...
(DEBUG)   Filter AlwaysMatchFilter() matched.
(DEBUG) --> File is included.
(DEBUG) Check if log_msg.h##8e71b5010d1ef358ceb2fe0042f1ff82.gcov is included (gcov file)...
(DEBUG) --> File is included.
(DEBUG) Check if utils.h##2904f47ec29db8646374eb8172807ae6.gcov is included (gcov file)...
(DEBUG)   Filter AlwaysMatchFilter() matched.
(DEBUG) --> File is included.
(DEBUG) Check if /home/felipe/zephyrproject/zephyr-course/twister-out/log_msg.h##8e71b5010d1ef358ceb2fe0042f1ff82.gcov is included (trace)...
(DEBUG) --> File is excluded.
(DEBUG) Finding source file corresponding to a gcov data file
  gcov_fname   /home/felipe/zephyrproject/zephyr-course/twister-out/log_msg.h##8e71b5010d1ef358ceb2fe0042f1ff82.gcov
  current_dir  /home/felipe/zephyrproject/zephyr-course/twister-out
  root         /home/felipe/zephyrproject/zephyr-course/app/modules/ring_buf
  starting_dir /home/felipe/zephyrproject/zephyr-course
  obj_dir      /home/felipe/zephyrproject/zephyr-course/twister-out
  gcda_fname   native_sim_native/host_gnu/zephyr-course/tests/ring_buf/homework.unit.ring_buf/zephyr/CMakeFiles/zephyr.dir/lib/os/cbprintf_packaged.c.gcda
  --> fname    /home/felipe/zephyrproject/zephyr/include/zephyr/logging/log_msg.h
(DEBUG) Check if /home/felipe/zephyrproject/zephyr/include/zephyr/logging/log_msg.h is included (source file)...
(DEBUG) --> File is excluded.
(DEBUG) Check if /home/felipe/zephyrproject/zephyr-course/twister-out/cbprintf_packaged.c##c45367932576b732544dbcc1b2304546.gcov is included (trace)...
(DEBUG)   No filter matched.
(DEBUG) --> File is excluded.
(DEBUG) Finding source file corresponding to a gcov data file
  gcov_fname   /home/felipe/zephyrproject/zephyr-course/twister-out/cbprintf_packaged.c##c45367932576b732544dbcc1b2304546.gcov
  current_dir  /home/felipe/zephyrproject/zephyr-course/twister-out
  root         /home/felipe/zephyrproject/zephyr-course/app/modules/ring_buf
  starting_dir /home/felipe/zephyrproject/zephyr-course
  obj_dir      /home/felipe/zephyrproject/zephyr-course/twister-out
  gcda_fname   native_sim_native/host_gnu/zephyr-course/tests/ring_buf/homework.unit.ring_buf/zephyr/CMakeFiles/zephyr.dir/lib/os/cbprintf_packaged.c.gcda
  --> fname    /home/felipe/zephyrproject/zephyr/lib/os/cbprintf_packaged.c
(DEBUG) Check if /home/felipe/zephyrproject/zephyr/lib/os/cbprintf_packaged.c is included (source file)...
(DEBUG)   No filter matched.
(DEBUG) --> File is excluded.
(DEBUG) Check if /home/felipe/zephyrproject/zephyr-course/twister-out/utils.h##2904f47ec29db8646374eb8172807ae6.gcov is included (trace)...
(DEBUG)   No filter matched.
(DEBUG) --> File is excluded.
(DEBUG) Finding source file corresponding to a gcov data file
  gcov_fname   /home/felipe/zephyrproject/zephyr-course/twister-out/utils.h##2904f47ec29db8646374eb8172807ae6.gcov
  current_dir  /home/felipe/zephyrproject/zephyr-course/twister-out
  root         /home/felipe/zephyrproject/zephyr-course/app/modules/ring_buf
  starting_dir /home/felipe/zephyrproject/zephyr-course
  obj_dir      /home/felipe/zephyrproject/zephyr-course/twister-out
  gcda_fname   native_sim_native/host_gnu/zephyr-course/tests/ring_buf/homework.unit.ring_buf/zephyr/CMakeFiles/zephyr.dir/lib/os/cbprintf_packaged.c.gcda
  --> fname    /home/felipe/zephyrproject/zephyr/include/zephyr/linker/utils.h
(DEBUG) Check if /home/felipe/zephyrproject/zephyr/include/zephyr/linker/utils.h is included (source file)...
(DEBUG)   No filter matched.
(DEBUG) --> File is excluded.
(DEBUG) Check if /home/felipe/zephyrproject/zephyr-course/twister-out/native_sim_native/host_gnu/zephyr-course/tests/ring_buf/homework.unit.ring_buf/zephyr/CMakeFiles/zephyr.dir/lib/os/clock.c.gcda is included (trace)...
(DEBUG)   No filter matched.
(DEBUG) --> File is excluded.
(DEBUG) Check if /home/felipe/zephyrproject/zephyr-course/twister-out/native_sim_native/host_gnu/zephyr-course/tests/ring_buf/homework.unit.ring_buf/zephyr/CMakeFiles/zephyr.dir/lib/os/clock.c.gcda is included (trace)...
(DEBUG) --> File is excluded.
(DEBUG) Check if clock.c##3f8e1c3c7b80a78264940cdef74e412a.gcov is included (gcov file)...
(DEBUG)   Filter AlwaysMatchFilter() matched.
(DEBUG) --> File is included.
(DEBUG) Check if timeutil.h##c0b0ee5dab2573878eae3609b913394d.gcov is included (gcov file)...
(DEBUG)   Filter AlwaysMatchFilter() matched.
(DEBUG) --> File is included.
(DEBUG) Check if kernel.h##02fe483cd34741e407932cea525697b1.gcov is included (gcov file)...
(DEBUG)   Filter AlwaysMatchFilter() matched.
(DEBUG) --> File is included.
(DEBUG) Check if spinlock.h##d07917f143d2ca5ff94f2d220e528568.gcov is included (gcov file)...
(DEBUG)   Filter AlwaysMatchFilter() matched.
(DEBUG) --> File is included.
(DEBUG) Check if clock.h##69934556f463b8a8f1112d308b0bc5bd.gcov is included (gcov file)...
(DEBUG)   Filter AlwaysMatchFilter() matched.
(DEBUG) --> File is included.
(DEBUG) Check if arch.h##f17e3501b457fcbd947bf4189b99bd89.gcov is included (gcov file)...
(DEBUG)   Filter AlwaysMatchFilter() matched.
(DEBUG) --> File is included.
(DEBUG) Check if /home/felipe/zephyrproject/zephyr-course/twister-out/kernel.h##02fe483cd34741e407932cea525697b1.gcov is included (trace)...
(DEBUG)   No filter matched.
(DEBUG) --> File is excluded.
(DEBUG) Finding source file corresponding to a gcov data file
  gcov_fname   /home/felipe/zephyrproject/zephyr-course/twister-out/kernel.h##02fe483cd34741e407932cea525697b1.gcov
  current_dir  /home/felipe/zephyrproject/zephyr-course/twister-out
  root         /home/felipe/zephyrproject/zephyr-course/app/modules/ring_buf
  starting_dir /home/felipe/zephyrproject/zephyr-course
  obj_dir      /home/felipe/zephyrproject/zephyr-course/twister-out
  gcda_fname   native_sim_native/host_gnu/zephyr-course/tests/ring_buf/homework.unit.ring_buf/zephyr/CMakeFiles/zephyr.dir/lib/os/clock.c.gcda
  --> fname    /home/felipe/zephyrproject/zephyr-course/twister-out/native_sim_native/host_gnu/zephyr-course/tests/ring_buf/homework.unit.ring_buf/zephyr/include/generated/zephyr/syscalls/kernel.h
(DEBUG) Check if /home/felipe/zephyrproject/zephyr-course/twister-out/native_sim_native/host_gnu/zephyr-course/tests/ring_buf/homework.unit.ring_buf/zephyr/include/generated/zephyr/syscalls/kernel.h is included (source file)...
(DEBUG)   No filter matched.
(DEBUG) --> File is excluded.
(DEBUG) Check if /home/felipe/zephyrproject/zephyr-course/twister-out/clock.h##69934556f463b8a8f1112d308b0bc5bd.gcov is included (trace)...
(DEBUG)   No filter matched.
(DEBUG) --> File is excluded.
(DEBUG) Finding source file corresponding to a gcov data file
  gcov_fname   /home/felipe/zephyrproject/zephyr-course/twister-out/clock.h##69934556f463b8a8f1112d308b0bc5bd.gcov
  current_dir  /home/felipe/zephyrproject/zephyr-course/twister-out
  root         /home/felipe/zephyrproject/zephyr-course/app/modules/ring_buf
  starting_dir /home/felipe/zephyrproject/zephyr-course
  obj_dir      /home/felipe/zephyrproject/zephyr-course/twister-out
  gcda_fname   native_sim_native/host_gnu/zephyr-course/tests/ring_buf/homework.unit.ring_buf/zephyr/CMakeFiles/zephyr.dir/lib/os/clock.c.gcda
  --> fname    /home/felipe/zephyrproject/zephyr-course/twister-out/native_sim_native/host_gnu/zephyr-course/tests/ring_buf/homework.unit.ring_buf/zephyr/include/generated/zephyr/syscalls/clock.h
(DEBUG) Check if /home/felipe/zephyrproject/zephyr-course/twister-out/native_sim_native/host_gnu/zephyr-course/tests/ring_buf/homework.unit.ring_buf/zephyr/include/generated/zephyr/syscalls/clock.h is included (source file)...
(DEBUG)   No filter matched.
(DEBUG) --> File is excluded.
(DEBUG) Check if /home/felipe/zephyrproject/zephyr-course/twister-out/clock.c##3f8e1c3c7b80a78264940cdef74e412a.gcov is included (trace)...
(DEBUG)   No filter matched.
(DEBUG) --> File is excluded.
(DEBUG) Finding source file corresponding to a gcov data file
  gcov_fname   /home/felipe/zephyrproject/zephyr-course/twister-out/clock.c##3f8e1c3c7b80a78264940cdef74e412a.gcov
  current_dir  /home/felipe/zephyrproject/zephyr-course/twister-out
  root         /home/felipe/zephyrproject/zephyr-course/app/modules/ring_buf
  starting_dir /home/felipe/zephyrproject/zephyr-course
  obj_dir      /home/felipe/zephyrproject/zephyr-course/twister-out
  gcda_fname   native_sim_native/host_gnu/zephyr-course/tests/ring_buf/homework.unit.ring_buf/zephyr/CMakeFiles/zephyr.dir/lib/os/clock.c.gcda
  --> fname    /home/felipe/zephyrproject/zephyr/lib/os/clock.c
(DEBUG) Check if /home/felipe/zephyrproject/zephyr/lib/os/clock.c is included (source file)...
(DEBUG)   No filter matched.
(DEBUG) --> File is excluded.
(DEBUG) Check if /home/felipe/zephyrproject/zephyr-course/twister-out/timeutil.h##c0b0ee5dab2573878eae3609b913394d.gcov is included (trace)...
(DEBUG)   No filter matched.
(DEBUG) --> File is excluded.
(DEBUG) Finding source file corresponding to a gcov data file
  gcov_fname   /home/felipe/zephyrproject/zephyr-course/twister-out/timeutil.h##c0b0ee5dab2573878eae3609b913394d.gcov
  current_dir  /home/felipe/zephyrproject/zephyr-course/twister-out
  root         /home/felipe/zephyrproject/zephyr-course/app/modules/ring_buf
  starting_dir /home/felipe/zephyrproject/zephyr-course
  obj_dir      /home/felipe/zephyrproject/zephyr-course/twister-out
  gcda_fname   native_sim_native/host_gnu/zephyr-course/tests/ring_buf/homework.unit.ring_buf/zephyr/CMakeFiles/zephyr.dir/lib/os/clock.c.gcda
  --> fname    /home/felipe/zephyrproject/zephyr/include/zephyr/sys/timeutil.h
(DEBUG) Check if /home/felipe/zephyrproject/zephyr/include/zephyr/sys/timeutil.h is included (source file)...
(DEBUG)   No filter matched.
(DEBUG) --> File is excluded.
(DEBUG) Check if /home/felipe/zephyrproject/zephyr-course/twister-out/arch.h##f17e3501b457fcbd947bf4189b99bd89.gcov is included (trace)...
(DEBUG)   No filter matched.
(DEBUG) --> File is excluded.
(DEBUG) Finding source file corresponding to a gcov data file
  gcov_fname   /home/felipe/zephyrproject/zephyr-course/twister-out/arch.h##f17e3501b457fcbd947bf4189b99bd89.gcov
  current_dir  /home/felipe/zephyrproject/zephyr-course/twister-out
  root         /home/felipe/zephyrproject/zephyr-course/app/modules/ring_buf
  starting_dir /home/felipe/zephyrproject/zephyr-course
  obj_dir      /home/felipe/zephyrproject/zephyr-course/twister-out
  gcda_fname   native_sim_native/host_gnu/zephyr-course/tests/ring_buf/homework.unit.ring_buf/zephyr/CMakeFiles/zephyr.dir/lib/os/clock.c.gcda
  --> fname    /home/felipe/zephyrproject/zephyr/include/zephyr/arch/posix/arch.h
(DEBUG) Check if /home/felipe/zephyrproject/zephyr/include/zephyr/arch/posix/arch.h is included (source file)...
(DEBUG)   No filter matched.
(DEBUG) --> File is excluded.
(DEBUG) Check if /home/felipe/zephyrproject/zephyr-course/twister-out/spinlock.h##d07917f143d2ca5ff94f2d220e528568.gcov is included (trace)...
(DEBUG)   No filter matched.
(DEBUG) --> File is excluded.
(DEBUG) Finding source file corresponding to a gcov data file
  gcov_fname   /home/felipe/zephyrproject/zephyr-course/twister-out/spinlock.h##d07917f143d2ca5ff94f2d220e528568.gcov
  current_dir  /home/felipe/zephyrproject/zephyr-course/twister-out
  root         /home/felipe/zephyrproject/zephyr-course/app/modules/ring_buf
  starting_dir /home/felipe/zephyrproject/zephyr-course
  obj_dir      /home/felipe/zephyrproject/zephyr-course/twister-out
  gcda_fname   native_sim_native/host_gnu/zephyr-course/tests/ring_buf/homework.unit.ring_buf/zephyr/CMakeFiles/zephyr.dir/lib/os/clock.c.gcda
  --> fname    /home/felipe/zephyrproject/zephyr/include/zephyr/spinlock.h
(DEBUG) Check if /home/felipe/zephyrproject/zephyr/include/zephyr/spinlock.h is included (source file)...
(DEBUG)   No filter matched.
(DEBUG) --> File is excluded.
(DEBUG) Check if /home/felipe/zephyrproject/zephyr-course/twister-out/native_sim_native/host_gnu/zephyr-course/tests/ring_buf/homework.unit.ring_buf/zephyr/CMakeFiles/zephyr.dir/lib/os/printk.c.gcda is included (trace)...
(DEBUG)   No filter matched.
(DEBUG) --> File is excluded.
(DEBUG) Check if /home/felipe/zephyrproject/zephyr-course/twister-out/native_sim_native/host_gnu/zephyr-course/tests/ring_buf/homework.unit.ring_buf/zephyr/CMakeFiles/zephyr.dir/lib/os/printk.c.gcda is included (trace)...
(DEBUG) --> File is excluded.
(DEBUG) Check if printk.c##6e454d3758ee52c147fc594731246431.gcov is included (gcov file)...
(DEBUG)   Filter AlwaysMatchFilter() matched.
(DEBUG) --> File is included.
(DEBUG) Check if cbprintf.h##b2e151616223f33dd5fe1cc0fe535743.gcov is included (gcov file)...
(DEBUG) --> File is included.
(DEBUG) Check if kernel.h##02fe483cd34741e407932cea525697b1.gcov is included (gcov file)...
(DEBUG) --> File is included.
(DEBUG) Check if /home/felipe/zephyrproject/zephyr-course/twister-out/cbprintf.h##b2e151616223f33dd5fe1cc0fe535743.gcov is included (trace)...
(DEBUG) --> File is excluded.
(DEBUG) Finding source file corresponding to a gcov data file
  gcov_fname   /home/felipe/zephyrproject/zephyr-course/twister-out/cbprintf.h##b2e151616223f33dd5fe1cc0fe535743.gcov
  current_dir  /home/felipe/zephyrproject/zephyr-course/twister-out
  root         /home/felipe/zephyrproject/zephyr-course/app/modules/ring_buf
  starting_dir /home/felipe/zephyrproject/zephyr-course
  obj_dir      /home/felipe/zephyrproject/zephyr-course/twister-out
  gcda_fname   native_sim_native/host_gnu/zephyr-course/tests/ring_buf/homework.unit.ring_buf/zephyr/CMakeFiles/zephyr.dir/lib/os/printk.c.gcda
  --> fname    /home/felipe/zephyrproject/zephyr/include/zephyr/sys/cbprintf.h
(DEBUG) Check if /home/felipe/zephyrproject/zephyr/include/zephyr/sys/cbprintf.h is included (source file)...
(DEBUG) --> File is excluded.
(DEBUG) Check if /home/felipe/zephyrproject/zephyr-course/twister-out/kernel.h##02fe483cd34741e407932cea525697b1.gcov is included (trace)...
(DEBUG) --> File is excluded.
(DEBUG) Finding source file corresponding to a gcov data file
  gcov_fname   /home/felipe/zephyrproject/zephyr-course/twister-out/kernel.h##02fe483cd34741e407932cea525697b1.gcov
  current_dir  /home/felipe/zephyrproject/zephyr-course/twister-out
  root         /home/felipe/zephyrproject/zephyr-course/app/modules/ring_buf
  starting_dir /home/felipe/zephyrproject/zephyr-course
  obj_dir      /home/felipe/zephyrproject/zephyr-course/twister-out
  gcda_fname   native_sim_native/host_gnu/zephyr-course/tests/ring_buf/homework.unit.ring_buf/zephyr/CMakeFiles/zephyr.dir/lib/os/printk.c.gcda
  --> fname    /home/felipe/zephyrproject/zephyr-course/twister-out/native_sim_native/host_gnu/zephyr-course/tests/ring_buf/homework.unit.ring_buf/zephyr/include/generated/zephyr/syscalls/kernel.h
(DEBUG) Check if /home/felipe/zephyrproject/zephyr-course/twister-out/native_sim_native/host_gnu/zephyr-course/tests/ring_buf/homework.unit.ring_buf/zephyr/include/generated/zephyr/syscalls/kernel.h is included (source file)...
(DEBUG) --> File is excluded.
(DEBUG) Check if /home/felipe/zephyrproject/zephyr-course/twister-out/printk.c##6e454d3758ee52c147fc594731246431.gcov is included (trace)...
(DEBUG)   No filter matched.
(DEBUG) --> File is excluded.
(DEBUG) Finding source file corresponding to a gcov data file
  gcov_fname   /home/felipe/zephyrproject/zephyr-course/twister-out/printk.c##6e454d3758ee52c147fc594731246431.gcov
  current_dir  /home/felipe/zephyrproject/zephyr-course/twister-out
  root         /home/felipe/zephyrproject/zephyr-course/app/modules/ring_buf
  starting_dir /home/felipe/zephyrproject/zephyr-course
  obj_dir      /home/felipe/zephyrproject/zephyr-course/twister-out
  gcda_fname   native_sim_native/host_gnu/zephyr-course/tests/ring_buf/homework.unit.ring_buf/zephyr/CMakeFiles/zephyr.dir/lib/os/printk.c.gcda
  --> fname    /home/felipe/zephyrproject/zephyr/lib/os/printk.c
(DEBUG) Check if /home/felipe/zephyrproject/zephyr/lib/os/printk.c is included (source file)...
(DEBUG)   No filter matched.
(DEBUG) --> File is excluded.
(DEBUG) Check if /home/felipe/zephyrproject/zephyr-course/twister-out/native_sim_native/host_gnu/zephyr-course/tests/ring_buf/homework.unit.ring_buf/zephyr/CMakeFiles/zephyr.dir/lib/os/sem.c.gcda is included (trace)...
(DEBUG)   No filter matched.
(DEBUG) --> File is excluded.
(DEBUG) Check if /home/felipe/zephyrproject/zephyr-course/twister-out/native_sim_native/host_gnu/zephyr-course/tests/ring_buf/homework.unit.ring_buf/zephyr/CMakeFiles/zephyr.dir/lib/os/sem.c.gcda is included (trace)...
(DEBUG) --> File is excluded.
(DEBUG) Check if sem.c##78975b0a66d06b4e2e22af664b42cb95.gcov is included (gcov file)...
(DEBUG)   Filter AlwaysMatchFilter() matched.
(DEBUG) --> File is included.
(DEBUG) Check if kernel.h##02fe483cd34741e407932cea525697b1.gcov is included (gcov file)...
(DEBUG) --> File is included.
(DEBUG) Check if kernel.h##8118239d1ec13e308e040c6439814b34.gcov is included (gcov file)...
(DEBUG)   Filter AlwaysMatchFilter() matched.
(DEBUG) --> File is included.
(DEBUG) Check if /home/felipe/zephyrproject/zephyr-course/twister-out/kernel.h##02fe483cd34741e407932cea525697b1.gcov is included (trace)...
(DEBUG) --> File is excluded.
(DEBUG) Finding source file corresponding to a gcov data file
  gcov_fname   /home/felipe/zephyrproject/zephyr-course/twister-out/kernel.h##02fe483cd34741e407932cea525697b1.gcov
  current_dir  /home/felipe/zephyrproject/zephyr-course/twister-out
  root         /home/felipe/zephyrproject/zephyr-course/app/modules/ring_buf
  starting_dir /home/felipe/zephyrproject/zephyr-course
  obj_dir      /home/felipe/zephyrproject/zephyr-course/twister-out
  gcda_fname   native_sim_native/host_gnu/zephyr-course/tests/ring_buf/homework.unit.ring_buf/zephyr/CMakeFiles/zephyr.dir/lib/os/sem.c.gcda
  --> fname    /home/felipe/zephyrproject/zephyr-course/twister-out/native_sim_native/host_gnu/zephyr-course/tests/ring_buf/homework.unit.ring_buf/zephyr/include/generated/zephyr/syscalls/kernel.h
(DEBUG) Check if /home/felipe/zephyrproject/zephyr-course/twister-out/native_sim_native/host_gnu/zephyr-course/tests/ring_buf/homework.unit.ring_buf/zephyr/include/generated/zephyr/syscalls/kernel.h is included (source file)...
(DEBUG) --> File is excluded.
(DEBUG) Check if /home/felipe/zephyrproject/zephyr-course/twister-out/kernel.h##8118239d1ec13e308e040c6439814b34.gcov is included (trace)...
(DEBUG)   No filter matched.
(DEBUG) --> File is excluded.
(DEBUG) Finding source file corresponding to a gcov data file
  gcov_fname   /home/felipe/zephyrproject/zephyr-course/twister-out/kernel.h##8118239d1ec13e308e040c6439814b34.gcov
  current_dir  /home/felipe/zephyrproject/zephyr-course/twister-out
  root         /home/felipe/zephyrproject/zephyr-course/app/modules/ring_buf
  starting_dir /home/felipe/zephyrproject/zephyr-course
  obj_dir      /home/felipe/zephyrproject/zephyr-course/twister-out
  gcda_fname   native_sim_native/host_gnu/zephyr-course/tests/ring_buf/homework.unit.ring_buf/zephyr/CMakeFiles/zephyr.dir/lib/os/sem.c.gcda
  --> fname    /home/felipe/zephyrproject/zephyr/include/zephyr/kernel.h
(DEBUG) Check if /home/felipe/zephyrproject/zephyr/include/zephyr/kernel.h is included (source file)...
(DEBUG)   No filter matched.
(DEBUG) --> File is excluded.
(DEBUG) Check if /home/felipe/zephyrproject/zephyr-course/twister-out/sem.c##78975b0a66d06b4e2e22af664b42cb95.gcov is included (trace)...
(DEBUG)   No filter matched.
(DEBUG) --> File is excluded.
(DEBUG) Finding source file corresponding to a gcov data file
  gcov_fname   /home/felipe/zephyrproject/zephyr-course/twister-out/sem.c##78975b0a66d06b4e2e22af664b42cb95.gcov
  current_dir  /home/felipe/zephyrproject/zephyr-course/twister-out
  root         /home/felipe/zephyrproject/zephyr-course/app/modules/ring_buf
  starting_dir /home/felipe/zephyrproject/zephyr-course
  obj_dir      /home/felipe/zephyrproject/zephyr-course/twister-out
  gcda_fname   native_sim_native/host_gnu/zephyr-course/tests/ring_buf/homework.unit.ring_buf/zephyr/CMakeFiles/zephyr.dir/lib/os/sem.c.gcda
  --> fname    /home/felipe/zephyrproject/zephyr/lib/os/sem.c
(DEBUG) Check if /home/felipe/zephyrproject/zephyr/lib/os/sem.c is included (source file)...
(DEBUG)   No filter matched.
(DEBUG) --> File is excluded.
(DEBUG) Check if /home/felipe/zephyrproject/zephyr-course/twister-out/native_sim_native/host_gnu/zephyr-course/tests/ring_buf/homework.unit.ring_buf/zephyr/CMakeFiles/zephyr.dir/lib/os/thread_entry.c.gcda is included (trace)...
(DEBUG)   No filter matched.
(DEBUG) --> File is excluded.
(DEBUG) Check if /home/felipe/zephyrproject/zephyr-course/twister-out/native_sim_native/host_gnu/zephyr-course/tests/ring_buf/homework.unit.ring_buf/zephyr/CMakeFiles/zephyr.dir/lib/os/thread_entry.c.gcda is included (trace)...
(DEBUG) --> File is excluded.
(DEBUG) Check if thread_entry.c##308cdf43c19464e1daf98dbbd11bc2f7.gcov is included (gcov file)...
(DEBUG)   Filter AlwaysMatchFilter() matched.
(DEBUG) --> File is included.
(DEBUG) Check if kernel.h##02fe483cd34741e407932cea525697b1.gcov is included (gcov file)...
(DEBUG) --> File is included.
(DEBUG) Check if kernel.h##8118239d1ec13e308e040c6439814b34.gcov is included (gcov file)...
(DEBUG) --> File is included.
(DEBUG) Check if syscall.h##8128d8185b27548b9f11ce6707adf377.gcov is included (gcov file)...
(DEBUG)   Filter AlwaysMatchFilter() matched.
(DEBUG) --> File is included.
(DEBUG) Check if /home/felipe/zephyrproject/zephyr-course/twister-out/syscall.h##8128d8185b27548b9f11ce6707adf377.gcov is included (trace)...
(DEBUG)   No filter matched.
(DEBUG) --> File is excluded.
(DEBUG) Finding source file corresponding to a gcov data file
  gcov_fname   /home/felipe/zephyrproject/zephyr-course/twister-out/syscall.h##8128d8185b27548b9f11ce6707adf377.gcov
  current_dir  /home/felipe/zephyrproject/zephyr-course/twister-out
  root         /home/felipe/zephyrproject/zephyr-course/app/modules/ring_buf
  starting_dir /home/felipe/zephyrproject/zephyr-course
  obj_dir      /home/felipe/zephyrproject/zephyr-course/twister-out
  gcda_fname   native_sim_native/host_gnu/zephyr-course/tests/ring_buf/homework.unit.ring_buf/zephyr/CMakeFiles/zephyr.dir/lib/os/thread_entry.c.gcda
  --> fname    /home/felipe/zephyrproject/zephyr/include/zephyr/syscall.h
(DEBUG) Check if /home/felipe/zephyrproject/zephyr/include/zephyr/syscall.h is included (source file)...
(DEBUG)   No filter matched.
(DEBUG) --> File is excluded.
(DEBUG) Check if /home/felipe/zephyrproject/zephyr-course/twister-out/thread_entry.c##308cdf43c19464e1daf98dbbd11bc2f7.gcov is included (trace)...
(DEBUG)   No filter matched.
(DEBUG) --> File is excluded.
(DEBUG) Finding source file corresponding to a gcov data file
  gcov_fname   /home/felipe/zephyrproject/zephyr-course/twister-out/thread_entry.c##308cdf43c19464e1daf98dbbd11bc2f7.gcov
  current_dir  /home/felipe/zephyrproject/zephyr-course/twister-out
  root         /home/felipe/zephyrproject/zephyr-course/app/modules/ring_buf
  starting_dir /home/felipe/zephyrproject/zephyr-course
  obj_dir      /home/felipe/zephyrproject/zephyr-course/twister-out
  gcda_fname   native_sim_native/host_gnu/zephyr-course/tests/ring_buf/homework.unit.ring_buf/zephyr/CMakeFiles/zephyr.dir/lib/os/thread_entry.c.gcda
  --> fname    /home/felipe/zephyrproject/zephyr/lib/os/thread_entry.c
(DEBUG) Check if /home/felipe/zephyrproject/zephyr/lib/os/thread_entry.c is included (source file)...
(DEBUG)   No filter matched.
(DEBUG) --> File is excluded.
(DEBUG) Check if /home/felipe/zephyrproject/zephyr-course/twister-out/kernel.h##02fe483cd34741e407932cea525697b1.gcov is included (trace)...
(DEBUG) --> File is excluded.
(DEBUG) Finding source file corresponding to a gcov data file
  gcov_fname   /home/felipe/zephyrproject/zephyr-course/twister-out/kernel.h##02fe483cd34741e407932cea525697b1.gcov
  current_dir  /home/felipe/zephyrproject/zephyr-course/twister-out
  root         /home/felipe/zephyrproject/zephyr-course/app/modules/ring_buf
  starting_dir /home/felipe/zephyrproject/zephyr-course
  obj_dir      /home/felipe/zephyrproject/zephyr-course/twister-out
  gcda_fname   native_sim_native/host_gnu/zephyr-course/tests/ring_buf/homework.unit.ring_buf/zephyr/CMakeFiles/zephyr.dir/lib/os/thread_entry.c.gcda
  --> fname    /home/felipe/zephyrproject/zephyr-course/twister-out/native_sim_native/host_gnu/zephyr-course/tests/ring_buf/homework.unit.ring_buf/zephyr/include/generated/zephyr/syscalls/kernel.h
(DEBUG) Check if /home/felipe/zephyrproject/zephyr-course/twister-out/native_sim_native/host_gnu/zephyr-course/tests/ring_buf/homework.unit.ring_buf/zephyr/include/generated/zephyr/syscalls/kernel.h is included (source file)...
(DEBUG) --> File is excluded.
(DEBUG) Check if /home/felipe/zephyrproject/zephyr-course/twister-out/kernel.h##8118239d1ec13e308e040c6439814b34.gcov is included (trace)...
(DEBUG) --> File is excluded.
(DEBUG) Finding source file corresponding to a gcov data file
  gcov_fname   /home/felipe/zephyrproject/zephyr-course/twister-out/kernel.h##8118239d1ec13e308e040c6439814b34.gcov
  current_dir  /home/felipe/zephyrproject/zephyr-course/twister-out
  root         /home/felipe/zephyrproject/zephyr-course/app/modules/ring_buf
  starting_dir /home/felipe/zephyrproject/zephyr-course
  obj_dir      /home/felipe/zephyrproject/zephyr-course/twister-out
  gcda_fname   native_sim_native/host_gnu/zephyr-course/tests/ring_buf/homework.unit.ring_buf/zephyr/CMakeFiles/zephyr.dir/lib/os/thread_entry.c.gcda
  --> fname    /home/felipe/zephyrproject/zephyr/include/zephyr/kernel.h
(DEBUG) Check if /home/felipe/zephyrproject/zephyr/include/zephyr/kernel.h is included (source file)...
(DEBUG) --> File is excluded.
(DEBUG) Check if /home/felipe/zephyrproject/zephyr-course/twister-out/native_sim_native/host_gnu/zephyr-course/tests/ring_buf/homework.unit.ring_buf/zephyr/CMakeFiles/zephyr.dir/lib/utils/bitarray.c.gcda is included (trace)...
(DEBUG)   No filter matched.
(DEBUG) --> File is excluded.
(DEBUG) Check if /home/felipe/zephyrproject/zephyr-course/twister-out/native_sim_native/host_gnu/zephyr-course/tests/ring_buf/homework.unit.ring_buf/zephyr/CMakeFiles/zephyr.dir/lib/utils/bitarray.c.gcda is included (trace)...
(DEBUG) --> File is excluded.
(DEBUG) Check if bitarray.c##c9bf1bf1c37dbc4f3ea2dde5cb7d2d71.gcov is included (gcov file)...
(DEBUG)   Filter AlwaysMatchFilter() matched.
(DEBUG) --> File is included.
(DEBUG) Check if spinlock.h##d07917f143d2ca5ff94f2d220e528568.gcov is included (gcov file)...
(DEBUG) --> File is included.
(DEBUG) Check if arch.h##f17e3501b457fcbd947bf4189b99bd89.gcov is included (gcov file)...
(DEBUG) --> File is included.
(DEBUG) Check if ffs.h##7742c44a64458609153a7ce3fe45faaa.gcov is included (gcov file)...
(DEBUG)   Filter AlwaysMatchFilter() matched.
(DEBUG) --> File is included.
(DEBUG) Check if /home/felipe/zephyrproject/zephyr-course/twister-out/arch.h##f17e3501b457fcbd947bf4189b99bd89.gcov is included (trace)...
(DEBUG) --> File is excluded.
(DEBUG) Finding source file corresponding to a gcov data file
  gcov_fname   /home/felipe/zephyrproject/zephyr-course/twister-out/arch.h##f17e3501b457fcbd947bf4189b99bd89.gcov
  current_dir  /home/felipe/zephyrproject/zephyr-course/twister-out
  root         /home/felipe/zephyrproject/zephyr-course/app/modules/ring_buf
  starting_dir /home/felipe/zephyrproject/zephyr-course
  obj_dir      /home/felipe/zephyrproject/zephyr-course/twister-out
  gcda_fname   native_sim_native/host_gnu/zephyr-course/tests/ring_buf/homework.unit.ring_buf/zephyr/CMakeFiles/zephyr.dir/lib/utils/bitarray.c.gcda
  --> fname    /home/felipe/zephyrproject/zephyr/include/zephyr/arch/posix/arch.h
(DEBUG) Check if /home/felipe/zephyrproject/zephyr/include/zephyr/arch/posix/arch.h is included (source file)...
(DEBUG) --> File is excluded.
(DEBUG) Check if /home/felipe/zephyrproject/zephyr-course/twister-out/spinlock.h##d07917f143d2ca5ff94f2d220e528568.gcov is included (trace)...
(DEBUG) --> File is excluded.
(DEBUG) Finding source file corresponding to a gcov data file
  gcov_fname   /home/felipe/zephyrproject/zephyr-course/twister-out/spinlock.h##d07917f143d2ca5ff94f2d220e528568.gcov
  current_dir  /home/felipe/zephyrproject/zephyr-course/twister-out
  root         /home/felipe/zephyrproject/zephyr-course/app/modules/ring_buf
  starting_dir /home/felipe/zephyrproject/zephyr-course
  obj_dir      /home/felipe/zephyrproject/zephyr-course/twister-out
  gcda_fname   native_sim_native/host_gnu/zephyr-course/tests/ring_buf/homework.unit.ring_buf/zephyr/CMakeFiles/zephyr.dir/lib/utils/bitarray.c.gcda
  --> fname    /home/felipe/zephyrproject/zephyr/include/zephyr/spinlock.h
(DEBUG) Check if /home/felipe/zephyrproject/zephyr/include/zephyr/spinlock.h is included (source file)...
(DEBUG) --> File is excluded.
(DEBUG) Check if /home/felipe/zephyrproject/zephyr-course/twister-out/ffs.h##7742c44a64458609153a7ce3fe45faaa.gcov is included (trace)...
(DEBUG)   No filter matched.
(DEBUG) --> File is excluded.
(DEBUG) Finding source file corresponding to a gcov data file
  gcov_fname   /home/felipe/zephyrproject/zephyr-course/twister-out/ffs.h##7742c44a64458609153a7ce3fe45faaa.gcov
  current_dir  /home/felipe/zephyrproject/zephyr-course/twister-out
  root         /home/felipe/zephyrproject/zephyr-course/app/modules/ring_buf
  starting_dir /home/felipe/zephyrproject/zephyr-course
  obj_dir      /home/felipe/zephyrproject/zephyr-course/twister-out
  gcda_fname   native_sim_native/host_gnu/zephyr-course/tests/ring_buf/homework.unit.ring_buf/zephyr/CMakeFiles/zephyr.dir/lib/utils/bitarray.c.gcda
  --> fname    /home/felipe/zephyrproject/zephyr/include/zephyr/arch/common/ffs.h
(DEBUG) Check if /home/felipe/zephyrproject/zephyr/include/zephyr/arch/common/ffs.h is included (source file)...
(DEBUG)   No filter matched.
(DEBUG) --> File is excluded.
(DEBUG) Check if /home/felipe/zephyrproject/zephyr-course/twister-out/bitarray.c##c9bf1bf1c37dbc4f3ea2dde5cb7d2d71.gcov is included (trace)...
(DEBUG)   No filter matched.
(DEBUG) --> File is excluded.
(DEBUG) Finding source file corresponding to a gcov data file
  gcov_fname   /home/felipe/zephyrproject/zephyr-course/twister-out/bitarray.c##c9bf1bf1c37dbc4f3ea2dde5cb7d2d71.gcov
  current_dir  /home/felipe/zephyrproject/zephyr-course/twister-out
  root         /home/felipe/zephyrproject/zephyr-course/app/modules/ring_buf
  starting_dir /home/felipe/zephyrproject/zephyr-course
  obj_dir      /home/felipe/zephyrproject/zephyr-course/twister-out
  gcda_fname   native_sim_native/host_gnu/zephyr-course/tests/ring_buf/homework.unit.ring_buf/zephyr/CMakeFiles/zephyr.dir/lib/utils/bitarray.c.gcda
  --> fname    /home/felipe/zephyrproject/zephyr/lib/utils/bitarray.c
(DEBUG) Check if /home/felipe/zephyrproject/zephyr/lib/utils/bitarray.c is included (source file)...
(DEBUG)   No filter matched.
(DEBUG) --> File is excluded.
(DEBUG) Check if /home/felipe/zephyrproject/zephyr-course/twister-out/native_sim_native/host_gnu/zephyr-course/tests/ring_buf/homework.unit.ring_buf/zephyr/CMakeFiles/zephyr.dir/lib/utils/bitmask.c.gcda is included (trace)...
(DEBUG)   No filter matched.
(DEBUG) --> File is excluded.
(DEBUG) Check if /home/felipe/zephyrproject/zephyr-course/twister-out/native_sim_native/host_gnu/zephyr-course/tests/ring_buf/homework.unit.ring_buf/zephyr/CMakeFiles/zephyr.dir/lib/utils/bitmask.c.gcda is included (trace)...
(DEBUG) --> File is excluded.
(DEBUG) Check if bitmask.c##7b9eec7423b695802d085121113be701.gcov is included (gcov file)...
(DEBUG)   Filter AlwaysMatchFilter() matched.
(DEBUG) --> File is included.
(DEBUG) Check if math_extras_impl.h##5be93e8864918add166a9f02eace5500.gcov is included (gcov file)...
(DEBUG)   Filter AlwaysMatchFilter() matched.
(DEBUG) --> File is included.
(DEBUG) Check if /home/felipe/zephyrproject/zephyr-course/twister-out/bitmask.c##7b9eec7423b695802d085121113be701.gcov is included (trace)...
(DEBUG)   No filter matched.
(DEBUG) --> File is excluded.
(DEBUG) Finding source file corresponding to a gcov data file
  gcov_fname   /home/felipe/zephyrproject/zephyr-course/twister-out/bitmask.c##7b9eec7423b695802d085121113be701.gcov
  current_dir  /home/felipe/zephyrproject/zephyr-course/twister-out
  root         /home/felipe/zephyrproject/zephyr-course/app/modules/ring_buf
  starting_dir /home/felipe/zephyrproject/zephyr-course
  obj_dir      /home/felipe/zephyrproject/zephyr-course/twister-out
  gcda_fname   native_sim_native/host_gnu/zephyr-course/tests/ring_buf/homework.unit.ring_buf/zephyr/CMakeFiles/zephyr.dir/lib/utils/bitmask.c.gcda
  --> fname    /home/felipe/zephyrproject/zephyr/lib/utils/bitmask.c
(DEBUG) Check if /home/felipe/zephyrproject/zephyr/lib/utils/bitmask.c is included (source file)...
(DEBUG)   No filter matched.
(DEBUG) --> File is excluded.
(DEBUG) Check if /home/felipe/zephyrproject/zephyr-course/twister-out/math_extras_impl.h##5be93e8864918add166a9f02eace5500.gcov is included (trace)...
(DEBUG)   No filter matched.
(DEBUG) --> File is excluded.
(DEBUG) Finding source file corresponding to a gcov data file
  gcov_fname   /home/felipe/zephyrproject/zephyr-course/twister-out/math_extras_impl.h##5be93e8864918add166a9f02eace5500.gcov
  current_dir  /home/felipe/zephyrproject/zephyr-course/twister-out
  root         /home/felipe/zephyrproject/zephyr-course/app/modules/ring_buf
  starting_dir /home/felipe/zephyrproject/zephyr-course
  obj_dir      /home/felipe/zephyrproject/zephyr-course/twister-out
  gcda_fname   native_sim_native/host_gnu/zephyr-course/tests/ring_buf/homework.unit.ring_buf/zephyr/CMakeFiles/zephyr.dir/lib/utils/bitmask.c.gcda
  --> fname    /home/felipe/zephyrproject/zephyr/include/zephyr/sys/math_extras_impl.h
(DEBUG) Check if /home/felipe/zephyrproject/zephyr/include/zephyr/sys/math_extras_impl.h is included (source file)...
(DEBUG)   No filter matched.
(DEBUG) --> File is excluded.
(DEBUG) Check if /home/felipe/zephyrproject/zephyr-course/twister-out/native_sim_native/host_gnu/zephyr-course/tests/ring_buf/homework.unit.ring_buf/zephyr/CMakeFiles/zephyr.dir/lib/utils/dec.c.gcda is included (trace)...
(DEBUG)   No filter matched.
(DEBUG) --> File is excluded.
(DEBUG) Check if /home/felipe/zephyrproject/zephyr-course/twister-out/native_sim_native/host_gnu/zephyr-course/tests/ring_buf/homework.unit.ring_buf/zephyr/CMakeFiles/zephyr.dir/lib/utils/dec.c.gcda is included (trace)...
(DEBUG) --> File is excluded.
(DEBUG) Check if dec.c##b3ce3fce0fd9096a54fd3033c312f0e6.gcov is included (gcov file)...
(DEBUG)   Filter AlwaysMatchFilter() matched.
(DEBUG) --> File is included.
(DEBUG) Check if /home/felipe/zephyrproject/zephyr-course/twister-out/dec.c##b3ce3fce0fd9096a54fd3033c312f0e6.gcov is included (trace)...
(DEBUG)   No filter matched.
(DEBUG) --> File is excluded.
(DEBUG) Finding source file corresponding to a gcov data file
  gcov_fname   /home/felipe/zephyrproject/zephyr-course/twister-out/dec.c##b3ce3fce0fd9096a54fd3033c312f0e6.gcov
  current_dir  /home/felipe/zephyrproject/zephyr-course/twister-out
  root         /home/felipe/zephyrproject/zephyr-course/app/modules/ring_buf
  starting_dir /home/felipe/zephyrproject/zephyr-course
  obj_dir      /home/felipe/zephyrproject/zephyr-course/twister-out
  gcda_fname   native_sim_native/host_gnu/zephyr-course/tests/ring_buf/homework.unit.ring_buf/zephyr/CMakeFiles/zephyr.dir/lib/utils/dec.c.gcda
  --> fname    /home/felipe/zephyrproject/zephyr/lib/utils/dec.c
(DEBUG) Check if /home/felipe/zephyrproject/zephyr/lib/utils/dec.c is included (source file)...
(DEBUG)   No filter matched.
(DEBUG) --> File is excluded.
(DEBUG) Check if /home/felipe/zephyrproject/zephyr-course/twister-out/native_sim_native/host_gnu/zephyr-course/tests/ring_buf/homework.unit.ring_buf/zephyr/CMakeFiles/zephyr.dir/lib/utils/getopt/getopt.c.gcda is included (trace)...
(DEBUG)   No filter matched.
(DEBUG) --> File is excluded.
(DEBUG) Check if /home/felipe/zephyrproject/zephyr-course/twister-out/native_sim_native/host_gnu/zephyr-course/tests/ring_buf/homework.unit.ring_buf/zephyr/CMakeFiles/zephyr.dir/lib/utils/getopt/getopt.c.gcda is included (trace)...
(DEBUG) --> File is excluded.
(DEBUG) Check if getopt.c##9045962769dc283414a759ed851cca6b.gcov is included (gcov file)...
(DEBUG)   Filter AlwaysMatchFilter() matched.
(DEBUG) --> File is included.
(DEBUG) Check if log_msg.h##8e71b5010d1ef358ceb2fe0042f1ff82.gcov is included (gcov file)...
(DEBUG) --> File is included.
(DEBUG) Check if /home/felipe/zephyrproject/zephyr-course/twister-out/log_msg.h##8e71b5010d1ef358ceb2fe0042f1ff82.gcov is included (trace)...
(DEBUG) --> File is excluded.
(DEBUG) Finding source file corresponding to a gcov data file
  gcov_fname   /home/felipe/zephyrproject/zephyr-course/twister-out/log_msg.h##8e71b5010d1ef358ceb2fe0042f1ff82.gcov
  current_dir  /home/felipe/zephyrproject/zephyr-course/twister-out
  root         /home/felipe/zephyrproject/zephyr-course/app/modules/ring_buf
  starting_dir /home/felipe/zephyrproject/zephyr-course
  obj_dir      /home/felipe/zephyrproject/zephyr-course/twister-out
  gcda_fname   native_sim_native/host_gnu/zephyr-course/tests/ring_buf/homework.unit.ring_buf/zephyr/CMakeFiles/zephyr.dir/lib/utils/getopt/getopt.c.gcda
  --> fname    /home/felipe/zephyrproject/zephyr/include/zephyr/logging/log_msg.h
(DEBUG) Check if /home/felipe/zephyrproject/zephyr/include/zephyr/logging/log_msg.h is included (source file)...
(DEBUG) --> File is excluded.
(DEBUG) Check if /home/felipe/zephyrproject/zephyr-course/twister-out/getopt.c##9045962769dc283414a759ed851cca6b.gcov is included (trace)...
(DEBUG)   No filter matched.
(DEBUG) --> File is excluded.
(DEBUG) Finding source file corresponding to a gcov data file
  gcov_fname   /home/felipe/zephyrproject/zephyr-course/twister-out/getopt.c##9045962769dc283414a759ed851cca6b.gcov
  current_dir  /home/felipe/zephyrproject/zephyr-course/twister-out
  root         /home/felipe/zephyrproject/zephyr-course/app/modules/ring_buf
  starting_dir /home/felipe/zephyrproject/zephyr-course
  obj_dir      /home/felipe/zephyrproject/zephyr-course/twister-out
  gcda_fname   native_sim_native/host_gnu/zephyr-course/tests/ring_buf/homework.unit.ring_buf/zephyr/CMakeFiles/zephyr.dir/lib/utils/getopt/getopt.c.gcda
  --> fname    /home/felipe/zephyrproject/zephyr/lib/utils/getopt/getopt.c
(DEBUG) Check if /home/felipe/zephyrproject/zephyr/lib/utils/getopt/getopt.c is included (source file)...
(DEBUG)   No filter matched.
(DEBUG) --> File is excluded.
(DEBUG) Check if /home/felipe/zephyrproject/zephyr-course/twister-out/native_sim_native/host_gnu/zephyr-course/tests/ring_buf/homework.unit.ring_buf/zephyr/CMakeFiles/zephyr.dir/lib/utils/getopt/getopt_common.c.gcda is included (trace)...
(DEBUG)   No filter matched.
(DEBUG) --> File is excluded.
(DEBUG) Check if /home/felipe/zephyrproject/zephyr-course/twister-out/native_sim_native/host_gnu/zephyr-course/tests/ring_buf/homework.unit.ring_buf/zephyr/CMakeFiles/zephyr.dir/lib/utils/getopt/getopt_common.c.gcda is included (trace)...
(DEBUG) --> File is excluded.
(DEBUG) Check if getopt_common.c##4ca6c0471ae193ec4b194563a567a0bc.gcov is included (gcov file)...
(DEBUG)   Filter AlwaysMatchFilter() matched.
(DEBUG) --> File is included.
(DEBUG) Check if /home/felipe/zephyrproject/zephyr-course/twister-out/getopt_common.c##4ca6c0471ae193ec4b194563a567a0bc.gcov is included (trace)...
(DEBUG)   No filter matched.
(DEBUG) --> File is excluded.
(DEBUG) Finding source file corresponding to a gcov data file
  gcov_fname   /home/felipe/zephyrproject/zephyr-course/twister-out/getopt_common.c##4ca6c0471ae193ec4b194563a567a0bc.gcov
  current_dir  /home/felipe/zephyrproject/zephyr-course/twister-out
  root         /home/felipe/zephyrproject/zephyr-course/app/modules/ring_buf
  starting_dir /home/felipe/zephyrproject/zephyr-course
  obj_dir      /home/felipe/zephyrproject/zephyr-course/twister-out
  gcda_fname   native_sim_native/host_gnu/zephyr-course/tests/ring_buf/homework.unit.ring_buf/zephyr/CMakeFiles/zephyr.dir/lib/utils/getopt/getopt_common.c.gcda
  --> fname    /home/felipe/zephyrproject/zephyr/lib/utils/getopt/getopt_common.c
(DEBUG) Check if /home/felipe/zephyrproject/zephyr/lib/utils/getopt/getopt_common.c is included (source file)...
(DEBUG)   No filter matched.
(DEBUG) --> File is excluded.
(DEBUG) Check if /home/felipe/zephyrproject/zephyr-course/twister-out/native_sim_native/host_gnu/zephyr-course/tests/ring_buf/homework.unit.ring_buf/zephyr/CMakeFiles/zephyr.dir/lib/utils/hex.c.gcda is included (trace)...
(DEBUG)   No filter matched.
(DEBUG) --> File is excluded.
(DEBUG) Check if /home/felipe/zephyrproject/zephyr-course/twister-out/native_sim_native/host_gnu/zephyr-course/tests/ring_buf/homework.unit.ring_buf/zephyr/CMakeFiles/zephyr.dir/lib/utils/hex.c.gcda is included (trace)...
(DEBUG) --> File is excluded.
(DEBUG) Check if hex.c##a8a59ef9cc0b2ac737fb3aa7fed26b23.gcov is included (gcov file)...
(DEBUG)   Filter AlwaysMatchFilter() matched.
(DEBUG) --> File is included.
(DEBUG) Check if /home/felipe/zephyrproject/zephyr-course/twister-out/hex.c##a8a59ef9cc0b2ac737fb3aa7fed26b23.gcov is included (trace)...
(DEBUG)   No filter matched.
(DEBUG) --> File is excluded.
(DEBUG) Finding source file corresponding to a gcov data file
  gcov_fname   /home/felipe/zephyrproject/zephyr-course/twister-out/hex.c##a8a59ef9cc0b2ac737fb3aa7fed26b23.gcov
  current_dir  /home/felipe/zephyrproject/zephyr-course/twister-out
  root         /home/felipe/zephyrproject/zephyr-course/app/modules/ring_buf
  starting_dir /home/felipe/zephyrproject/zephyr-course
  obj_dir      /home/felipe/zephyrproject/zephyr-course/twister-out
  gcda_fname   native_sim_native/host_gnu/zephyr-course/tests/ring_buf/homework.unit.ring_buf/zephyr/CMakeFiles/zephyr.dir/lib/utils/hex.c.gcda
  --> fname    /home/felipe/zephyrproject/zephyr/lib/utils/hex.c
(DEBUG) Check if /home/felipe/zephyrproject/zephyr/lib/utils/hex.c is included (source file)...
(DEBUG)   No filter matched.
(DEBUG) --> File is excluded.
(DEBUG) Check if /home/felipe/zephyrproject/zephyr-course/twister-out/native_sim_native/host_gnu/zephyr-course/tests/ring_buf/homework.unit.ring_buf/zephyr/CMakeFiles/zephyr.dir/lib/utils/rb.c.gcda is included (trace)...
(DEBUG)   No filter matched.
(DEBUG) --> File is excluded.
(DEBUG) Check if /home/felipe/zephyrproject/zephyr-course/twister-out/native_sim_native/host_gnu/zephyr-course/tests/ring_buf/homework.unit.ring_buf/zephyr/CMakeFiles/zephyr.dir/lib/utils/rb.c.gcda is included (trace)...
(DEBUG) --> File is excluded.
(DEBUG) Check if rb.c##4409b56218ade18d57b0bea248d38b0a.gcov is included (gcov file)...
(DEBUG)   Filter AlwaysMatchFilter() matched.
(DEBUG) --> File is included.
(DEBUG) Check if /home/felipe/zephyrproject/zephyr-course/twister-out/rb.c##4409b56218ade18d57b0bea248d38b0a.gcov is included (trace)...
(DEBUG)   No filter matched.
(DEBUG) --> File is excluded.
(DEBUG) Finding source file corresponding to a gcov data file
  gcov_fname   /home/felipe/zephyrproject/zephyr-course/twister-out/rb.c##4409b56218ade18d57b0bea248d38b0a.gcov
  current_dir  /home/felipe/zephyrproject/zephyr-course/twister-out
  root         /home/felipe/zephyrproject/zephyr-course/app/modules/ring_buf
  starting_dir /home/felipe/zephyrproject/zephyr-course
  obj_dir      /home/felipe/zephyrproject/zephyr-course/twister-out
  gcda_fname   native_sim_native/host_gnu/zephyr-course/tests/ring_buf/homework.unit.ring_buf/zephyr/CMakeFiles/zephyr.dir/lib/utils/rb.c.gcda
  --> fname    /home/felipe/zephyrproject/zephyr/lib/utils/rb.c
(DEBUG) Check if /home/felipe/zephyrproject/zephyr/lib/utils/rb.c is included (source file)...
(DEBUG)   No filter matched.
(DEBUG) --> File is excluded.
(DEBUG) Check if /home/felipe/zephyrproject/zephyr-course/twister-out/native_sim_native/host_gnu/zephyr-course/tests/ring_buf/homework.unit.ring_buf/zephyr/CMakeFiles/zephyr.dir/lib/utils/ring_buffer.c.gcda is included (trace)...
(DEBUG)   No filter matched.
(DEBUG) --> File is excluded.
(DEBUG) Check if /home/felipe/zephyrproject/zephyr-course/twister-out/native_sim_native/host_gnu/zephyr-course/tests/ring_buf/homework.unit.ring_buf/zephyr/CMakeFiles/zephyr.dir/lib/utils/ring_buffer.c.gcda is included (trace)...
(DEBUG) --> File is excluded.
(DEBUG) Check if ring_buffer.c##2d03bb4884498bf1f49c6f3e7b0b13cf.gcov is included (gcov file)...
(DEBUG)   Filter AlwaysMatchFilter() matched.
(DEBUG) --> File is included.
(DEBUG) Check if ring_buffer.h##b7d6b57d4f25df1cf7a4d563678a77de.gcov is included (gcov file)...
(DEBUG)   Filter AlwaysMatchFilter() matched.
(DEBUG) --> File is included.
(DEBUG) Check if /home/felipe/zephyrproject/zephyr-course/twister-out/ring_buffer.c##2d03bb4884498bf1f49c6f3e7b0b13cf.gcov is included (trace)...
(DEBUG)   No filter matched.
(DEBUG) --> File is excluded.
(DEBUG) Finding source file corresponding to a gcov data file
  gcov_fname   /home/felipe/zephyrproject/zephyr-course/twister-out/ring_buffer.c##2d03bb4884498bf1f49c6f3e7b0b13cf.gcov
  current_dir  /home/felipe/zephyrproject/zephyr-course/twister-out
  root         /home/felipe/zephyrproject/zephyr-course/app/modules/ring_buf
  starting_dir /home/felipe/zephyrproject/zephyr-course
  obj_dir      /home/felipe/zephyrproject/zephyr-course/twister-out
  gcda_fname   native_sim_native/host_gnu/zephyr-course/tests/ring_buf/homework.unit.ring_buf/zephyr/CMakeFiles/zephyr.dir/lib/utils/ring_buffer.c.gcda
  --> fname    /home/felipe/zephyrproject/zephyr/lib/utils/ring_buffer.c
(DEBUG) Check if /home/felipe/zephyrproject/zephyr/lib/utils/ring_buffer.c is included (source file)...
(DEBUG)   No filter matched.
(DEBUG) --> File is excluded.
(DEBUG) Check if /home/felipe/zephyrproject/zephyr-course/twister-out/ring_buffer.h##b7d6b57d4f25df1cf7a4d563678a77de.gcov is included (trace)...
(DEBUG)   No filter matched.
(DEBUG) --> File is excluded.
(DEBUG) Finding source file corresponding to a gcov data file
  gcov_fname   /home/felipe/zephyrproject/zephyr-course/twister-out/ring_buffer.h##b7d6b57d4f25df1cf7a4d563678a77de.gcov
  current_dir  /home/felipe/zephyrproject/zephyr-course/twister-out
  root         /home/felipe/zephyrproject/zephyr-course/app/modules/ring_buf
  starting_dir /home/felipe/zephyrproject/zephyr-course
  obj_dir      /home/felipe/zephyrproject/zephyr-course/twister-out
  gcda_fname   native_sim_native/host_gnu/zephyr-course/tests/ring_buf/homework.unit.ring_buf/zephyr/CMakeFiles/zephyr.dir/lib/utils/ring_buffer.c.gcda
  --> fname    /home/felipe/zephyrproject/zephyr/include/zephyr/sys/ring_buffer.h
(DEBUG) Check if /home/felipe/zephyrproject/zephyr/include/zephyr/sys/ring_buffer.h is included (source file)...
(DEBUG)   No filter matched.
(DEBUG) --> File is excluded.
(DEBUG) Check if /home/felipe/zephyrproject/zephyr-course/twister-out/native_sim_native/host_gnu/zephyr-course/tests/ring_buf/homework.unit.ring_buf/zephyr/CMakeFiles/zephyr.dir/lib/utils/set.c.gcda is included (trace)...
(DEBUG)   No filter matched.
(DEBUG) --> File is excluded.
(DEBUG) Check if /home/felipe/zephyrproject/zephyr-course/twister-out/native_sim_native/host_gnu/zephyr-course/tests/ring_buf/homework.unit.ring_buf/zephyr/CMakeFiles/zephyr.dir/lib/utils/set.c.gcda is included (trace)...
(DEBUG) --> File is excluded.
(DEBUG) Check if set.c##b65b619d324565eb87e247d5e0770081.gcov is included (gcov file)...
(DEBUG)   Filter AlwaysMatchFilter() matched.
(DEBUG) --> File is included.
(DEBUG) Check if /home/felipe/zephyrproject/zephyr-course/twister-out/set.c##b65b619d324565eb87e247d5e0770081.gcov is included (trace)...
(DEBUG)   No filter matched.
(DEBUG) --> File is excluded.
(DEBUG) Finding source file corresponding to a gcov data file
  gcov_fname   /home/felipe/zephyrproject/zephyr-course/twister-out/set.c##b65b619d324565eb87e247d5e0770081.gcov
  current_dir  /home/felipe/zephyrproject/zephyr-course/twister-out
  root         /home/felipe/zephyrproject/zephyr-course/app/modules/ring_buf
  starting_dir /home/felipe/zephyrproject/zephyr-course
  obj_dir      /home/felipe/zephyrproject/zephyr-course/twister-out
  gcda_fname   native_sim_native/host_gnu/zephyr-course/tests/ring_buf/homework.unit.ring_buf/zephyr/CMakeFiles/zephyr.dir/lib/utils/set.c.gcda
  --> fname    /home/felipe/zephyrproject/zephyr/lib/utils/set.c
(DEBUG) Check if /home/felipe/zephyrproject/zephyr/lib/utils/set.c is included (source file)...
(DEBUG)   No filter matched.
(DEBUG) --> File is excluded.
(DEBUG) Check if /home/felipe/zephyrproject/zephyr-course/twister-out/native_sim_native/host_gnu/zephyr-course/tests/ring_buf/homework.unit.ring_buf/zephyr/CMakeFiles/zephyr.dir/lib/utils/timeutil.c.gcda is included (trace)...
(DEBUG)   No filter matched.
(DEBUG) --> File is excluded.
(DEBUG) Check if /home/felipe/zephyrproject/zephyr-course/twister-out/native_sim_native/host_gnu/zephyr-course/tests/ring_buf/homework.unit.ring_buf/zephyr/CMakeFiles/zephyr.dir/lib/utils/timeutil.c.gcda is included (trace)...
(DEBUG) --> File is excluded.
(DEBUG) Check if timeutil.c##e666817277c16d096b6a675d0f0f2384.gcov is included (gcov file)...
(DEBUG)   Filter AlwaysMatchFilter() matched.
(DEBUG) --> File is included.
(DEBUG) Check if timeutil.h##c0b0ee5dab2573878eae3609b913394d.gcov is included (gcov file)...
(DEBUG) --> File is included.
(DEBUG) Check if /home/felipe/zephyrproject/zephyr-course/twister-out/timeutil.h##c0b0ee5dab2573878eae3609b913394d.gcov is included (trace)...
(DEBUG) --> File is excluded.
(DEBUG) Finding source file corresponding to a gcov data file
  gcov_fname   /home/felipe/zephyrproject/zephyr-course/twister-out/timeutil.h##c0b0ee5dab2573878eae3609b913394d.gcov
  current_dir  /home/felipe/zephyrproject/zephyr-course/twister-out
  root         /home/felipe/zephyrproject/zephyr-course/app/modules/ring_buf
  starting_dir /home/felipe/zephyrproject/zephyr-course
  obj_dir      /home/felipe/zephyrproject/zephyr-course/twister-out
  gcda_fname   native_sim_native/host_gnu/zephyr-course/tests/ring_buf/homework.unit.ring_buf/zephyr/CMakeFiles/zephyr.dir/lib/utils/timeutil.c.gcda
  --> fname    /home/felipe/zephyrproject/zephyr/include/zephyr/sys/timeutil.h
(DEBUG) Check if /home/felipe/zephyrproject/zephyr/include/zephyr/sys/timeutil.h is included (source file)...
(DEBUG) --> File is excluded.
(DEBUG) Check if /home/felipe/zephyrproject/zephyr-course/twister-out/timeutil.c##e666817277c16d096b6a675d0f0f2384.gcov is included (trace)...
(DEBUG)   No filter matched.
(DEBUG) --> File is excluded.
(DEBUG) Finding source file corresponding to a gcov data file
  gcov_fname   /home/felipe/zephyrproject/zephyr-course/twister-out/timeutil.c##e666817277c16d096b6a675d0f0f2384.gcov
  current_dir  /home/felipe/zephyrproject/zephyr-course/twister-out
  root         /home/felipe/zephyrproject/zephyr-course/app/modules/ring_buf
  starting_dir /home/felipe/zephyrproject/zephyr-course
  obj_dir      /home/felipe/zephyrproject/zephyr-course/twister-out
  gcda_fname   native_sim_native/host_gnu/zephyr-course/tests/ring_buf/homework.unit.ring_buf/zephyr/CMakeFiles/zephyr.dir/lib/utils/timeutil.c.gcda
  --> fname    /home/felipe/zephyrproject/zephyr/lib/utils/timeutil.c
(DEBUG) Check if /home/felipe/zephyrproject/zephyr/lib/utils/timeutil.c is included (source file)...
(DEBUG)   No filter matched.
(DEBUG) --> File is excluded.
(DEBUG) Check if /home/felipe/zephyrproject/zephyr-course/twister-out/native_sim_native/host_gnu/zephyr-course/tests/ring_buf/homework.unit.ring_buf/zephyr/CMakeFiles/zephyr.dir/misc/generated/configs.c.gcda is included (trace)...
(DEBUG)   No filter matched.
(DEBUG) --> File is excluded.
(DEBUG) Check if /home/felipe/zephyrproject/zephyr-course/twister-out/native_sim_native/host_gnu/zephyr-course/tests/ring_buf/homework.unit.ring_buf/zephyr/CMakeFiles/zephyr.dir/misc/generated/configs.c.gcda is included (trace)...
(DEBUG) --> File is excluded.
(DEBUG) Check if configs.c##3cd923797c19d87ad86e34fa4bb3511a.gcov is included (gcov file)...
(DEBUG)   Filter AlwaysMatchFilter() matched.
(DEBUG) --> File is included.
(DEBUG) Check if /home/felipe/zephyrproject/zephyr-course/twister-out/configs.c##3cd923797c19d87ad86e34fa4bb3511a.gcov is included (trace)...
(DEBUG)   No filter matched.
(DEBUG) --> File is excluded.
(DEBUG) Finding source file corresponding to a gcov data file
  gcov_fname   /home/felipe/zephyrproject/zephyr-course/twister-out/configs.c##3cd923797c19d87ad86e34fa4bb3511a.gcov
  current_dir  /home/felipe/zephyrproject/zephyr-course/twister-out
  root         /home/felipe/zephyrproject/zephyr-course/app/modules/ring_buf
  starting_dir /home/felipe/zephyrproject/zephyr-course
  obj_dir      /home/felipe/zephyrproject/zephyr-course/twister-out
  gcda_fname   native_sim_native/host_gnu/zephyr-course/tests/ring_buf/homework.unit.ring_buf/zephyr/CMakeFiles/zephyr.dir/misc/generated/configs.c.gcda
  --> fname    /home/felipe/zephyrproject/zephyr-course/twister-out/native_sim_native/host_gnu/zephyr-course/tests/ring_buf/homework.unit.ring_buf/zephyr/misc/generated/configs.c
(DEBUG) Check if /home/felipe/zephyrproject/zephyr-course/twister-out/native_sim_native/host_gnu/zephyr-course/tests/ring_buf/homework.unit.ring_buf/zephyr/misc/generated/configs.c is included (source file)...
(DEBUG)   No filter matched.
(DEBUG) --> File is excluded.
(DEBUG) Check if /home/felipe/zephyrproject/zephyr-course/twister-out/native_sim_native/host_gnu/zephyr-course/tests/ring_buf/homework.unit.ring_buf/zephyr/CMakeFiles/zephyr.dir/subsys/logging/backends/log_backend_native_posix.c.gcda is included (trace)...
(DEBUG)   No filter matched.
(DEBUG) --> File is excluded.
(DEBUG) Check if /home/felipe/zephyrproject/zephyr-course/twister-out/native_sim_native/host_gnu/zephyr-course/tests/ring_buf/homework.unit.ring_buf/zephyr/CMakeFiles/zephyr.dir/subsys/logging/backends/log_backend_native_posix.c.gcda is included (trace)...
(DEBUG) --> File is excluded.
(DEBUG) Check if log_backend_native_posix.c##d25c1cbf39a77b3a8cd207011a42c98c.gcov is included (gcov file)...
(DEBUG)   Filter AlwaysMatchFilter() matched.
(DEBUG) --> File is included.
(DEBUG) Check if log_backend_std.h##2ff5b1c49e1b26ce63ebeaffa14d0c17.gcov is included (gcov file)...
(DEBUG)   Filter AlwaysMatchFilter() matched.
(DEBUG) --> File is included.
(DEBUG) Check if log_output.h##8eca4334ad56db1ca55a707acc17c177.gcov is included (gcov file)...
(DEBUG)   Filter AlwaysMatchFilter() matched.
(DEBUG) --> File is included.
(DEBUG) Check if /home/felipe/zephyrproject/zephyr-course/twister-out/log_output.h##8eca4334ad56db1ca55a707acc17c177.gcov is included (trace)...
(DEBUG)   No filter matched.
(DEBUG) --> File is excluded.
(DEBUG) Finding source file corresponding to a gcov data file
  gcov_fname   /home/felipe/zephyrproject/zephyr-course/twister-out/log_output.h##8eca4334ad56db1ca55a707acc17c177.gcov
  current_dir  /home/felipe/zephyrproject/zephyr-course/twister-out
  root         /home/felipe/zephyrproject/zephyr-course/app/modules/ring_buf
  starting_dir /home/felipe/zephyrproject/zephyr-course
  obj_dir      /home/felipe/zephyrproject/zephyr-course/twister-out
  gcda_fname   native_sim_native/host_gnu/zephyr-course/tests/ring_buf/homework.unit.ring_buf/zephyr/CMakeFiles/zephyr.dir/subsys/logging/backends/log_backend_native_posix.c.gcda
  --> fname    /home/felipe/zephyrproject/zephyr/include/zephyr/logging/log_output.h
(DEBUG) Check if /home/felipe/zephyrproject/zephyr/include/zephyr/logging/log_output.h is included (source file)...
(DEBUG)   No filter matched.
(DEBUG) --> File is excluded.
(DEBUG) Check if /home/felipe/zephyrproject/zephyr-course/twister-out/log_backend_native_posix.c##d25c1cbf39a77b3a8cd207011a42c98c.gcov is included (trace)...
(DEBUG)   No filter matched.
(DEBUG) --> File is excluded.
(DEBUG) Finding source file corresponding to a gcov data file
  gcov_fname   /home/felipe/zephyrproject/zephyr-course/twister-out/log_backend_native_posix.c##d25c1cbf39a77b3a8cd207011a42c98c.gcov
  current_dir  /home/felipe/zephyrproject/zephyr-course/twister-out
  root         /home/felipe/zephyrproject/zephyr-course/app/modules/ring_buf
  starting_dir /home/felipe/zephyrproject/zephyr-course
  obj_dir      /home/felipe/zephyrproject/zephyr-course/twister-out
  gcda_fname   native_sim_native/host_gnu/zephyr-course/tests/ring_buf/homework.unit.ring_buf/zephyr/CMakeFiles/zephyr.dir/subsys/logging/backends/log_backend_native_posix.c.gcda
  --> fname    /home/felipe/zephyrproject/zephyr/subsys/logging/backends/log_backend_native_posix.c
(DEBUG) Check if /home/felipe/zephyrproject/zephyr/subsys/logging/backends/log_backend_native_posix.c is included (source file)...
(DEBUG)   No filter matched.
(DEBUG) --> File is excluded.
(DEBUG) Check if /home/felipe/zephyrproject/zephyr-course/twister-out/log_backend_std.h##2ff5b1c49e1b26ce63ebeaffa14d0c17.gcov is included (trace)...
(DEBUG)   No filter matched.
(DEBUG) --> File is excluded.
(DEBUG) Finding source file corresponding to a gcov data file
  gcov_fname   /home/felipe/zephyrproject/zephyr-course/twister-out/log_backend_std.h##2ff5b1c49e1b26ce63ebeaffa14d0c17.gcov
  current_dir  /home/felipe/zephyrproject/zephyr-course/twister-out
  root         /home/felipe/zephyrproject/zephyr-course/app/modules/ring_buf
  starting_dir /home/felipe/zephyrproject/zephyr-course
  obj_dir      /home/felipe/zephyrproject/zephyr-course/twister-out
  gcda_fname   native_sim_native/host_gnu/zephyr-course/tests/ring_buf/homework.unit.ring_buf/zephyr/CMakeFiles/zephyr.dir/subsys/logging/backends/log_backend_native_posix.c.gcda
  --> fname    /home/felipe/zephyrproject/zephyr/include/zephyr/logging/log_backend_std.h
(DEBUG) Check if /home/felipe/zephyrproject/zephyr/include/zephyr/logging/log_backend_std.h is included (source file)...
(DEBUG)   No filter matched.
(DEBUG) --> File is excluded.
(DEBUG) Check if /home/felipe/zephyrproject/zephyr-course/twister-out/native_sim_native/host_gnu/zephyr-course/tests/ring_buf/homework.unit.ring_buf/zephyr/CMakeFiles/zephyr.dir/subsys/logging/log_cache.c.gcda is included (trace)...
(DEBUG)   No filter matched.
(DEBUG) --> File is excluded.
(DEBUG) Check if /home/felipe/zephyrproject/zephyr-course/twister-out/native_sim_native/host_gnu/zephyr-course/tests/ring_buf/homework.unit.ring_buf/zephyr/CMakeFiles/zephyr.dir/subsys/logging/log_cache.c.gcda is included (trace)...
(DEBUG) --> File is excluded.
(DEBUG) Check if log_cache.c##abc1cbed448c18c6a448c79fc05fc9bf.gcov is included (gcov file)...
(DEBUG)   Filter AlwaysMatchFilter() matched.
(DEBUG) --> File is included.
(DEBUG) Check if slist.h##4bdeeab80e1bf2535336b5f908d5f4f0.gcov is included (gcov file)...
(DEBUG)   Filter AlwaysMatchFilter() matched.
(DEBUG) --> File is included.
(DEBUG) Check if /home/felipe/zephyrproject/zephyr-course/twister-out/slist.h##4bdeeab80e1bf2535336b5f908d5f4f0.gcov is included (trace)...
(DEBUG)   No filter matched.
(DEBUG) --> File is excluded.
(DEBUG) Finding source file corresponding to a gcov data file
  gcov_fname   /home/felipe/zephyrproject/zephyr-course/twister-out/slist.h##4bdeeab80e1bf2535336b5f908d5f4f0.gcov
  current_dir  /home/felipe/zephyrproject/zephyr-course/twister-out
  root         /home/felipe/zephyrproject/zephyr-course/app/modules/ring_buf
  starting_dir /home/felipe/zephyrproject/zephyr-course
  obj_dir      /home/felipe/zephyrproject/zephyr-course/twister-out
  gcda_fname   native_sim_native/host_gnu/zephyr-course/tests/ring_buf/homework.unit.ring_buf/zephyr/CMakeFiles/zephyr.dir/subsys/logging/log_cache.c.gcda
  --> fname    /home/felipe/zephyrproject/zephyr/include/zephyr/sys/slist.h
(DEBUG) Check if /home/felipe/zephyrproject/zephyr/include/zephyr/sys/slist.h is included (source file)...
(DEBUG)   No filter matched.
(DEBUG) --> File is excluded.
(DEBUG) Check if /home/felipe/zephyrproject/zephyr-course/twister-out/log_cache.c##abc1cbed448c18c6a448c79fc05fc9bf.gcov is included (trace)...
(DEBUG)   No filter matched.
(DEBUG) --> File is excluded.
(DEBUG) Finding source file corresponding to a gcov data file
  gcov_fname   /home/felipe/zephyrproject/zephyr-course/twister-out/log_cache.c##abc1cbed448c18c6a448c79fc05fc9bf.gcov
  current_dir  /home/felipe/zephyrproject/zephyr-course/twister-out
  root         /home/felipe/zephyrproject/zephyr-course/app/modules/ring_buf
  starting_dir /home/felipe/zephyrproject/zephyr-course
  obj_dir      /home/felipe/zephyrproject/zephyr-course/twister-out
  gcda_fname   native_sim_native/host_gnu/zephyr-course/tests/ring_buf/homework.unit.ring_buf/zephyr/CMakeFiles/zephyr.dir/subsys/logging/log_cache.c.gcda
  --> fname    /home/felipe/zephyrproject/zephyr/subsys/logging/log_cache.c
(DEBUG) Check if /home/felipe/zephyrproject/zephyr/subsys/logging/log_cache.c is included (source file)...
(DEBUG)   No filter matched.
(DEBUG) --> File is excluded.
(DEBUG) Check if /home/felipe/zephyrproject/zephyr-course/twister-out/native_sim_native/host_gnu/zephyr-course/tests/ring_buf/homework.unit.ring_buf/zephyr/CMakeFiles/zephyr.dir/subsys/logging/log_core.c.gcda is included (trace)...
(DEBUG)   No filter matched.
(DEBUG) --> File is excluded.
(DEBUG) Check if /home/felipe/zephyrproject/zephyr-course/twister-out/native_sim_native/host_gnu/zephyr-course/tests/ring_buf/homework.unit.ring_buf/zephyr/CMakeFiles/zephyr.dir/subsys/logging/log_core.c.gcda is included (trace)...
(DEBUG) --> File is excluded.
(DEBUG) Check if log_core.c##fce8b3be9263256d3a22ba34a91fbfff.gcov is included (gcov file)...
(DEBUG)   Filter AlwaysMatchFilter() matched.
(DEBUG) --> File is included.
(DEBUG) Check if log_ctrl.h##bc7291ddb353fe8c15fcc40af1692eaa.gcov is included (gcov file)...
(DEBUG)   Filter AlwaysMatchFilter() matched.
(DEBUG) --> File is included.
(DEBUG) Check if log_backend.h##ee2cc09272cfd437395e6271cf485099.gcov is included (gcov file)...
(DEBUG)   Filter AlwaysMatchFilter() matched.
(DEBUG) --> File is included.
(DEBUG) Check if kernel.h##02fe483cd34741e407932cea525697b1.gcov is included (gcov file)...
(DEBUG) --> File is included.
(DEBUG) Check if kernel.h##8118239d1ec13e308e040c6439814b34.gcov is included (gcov file)...
(DEBUG) --> File is included.
(DEBUG) Check if spinlock.h##d07917f143d2ca5ff94f2d220e528568.gcov is included (gcov file)...
(DEBUG) --> File is included.
(DEBUG) Check if log_msg.h##8e71b5010d1ef358ceb2fe0042f1ff82.gcov is included (gcov file)...
(DEBUG) --> File is included.
(DEBUG) Check if arch.h##f17e3501b457fcbd947bf4189b99bd89.gcov is included (gcov file)...
(DEBUG) --> File is included.
(DEBUG) Check if syscall.h##8128d8185b27548b9f11ce6707adf377.gcov is included (gcov file)...
(DEBUG) --> File is included.
(DEBUG) Check if atomic_builtin.h##23af1619d78a0629f5320614eb23b34f.gcov is included (gcov file)...
(DEBUG)   Filter AlwaysMatchFilter() matched.
(DEBUG) --> File is included.
(DEBUG) Check if /home/felipe/zephyrproject/zephyr-course/twister-out/log_backend.h##ee2cc09272cfd437395e6271cf485099.gcov is included (trace)...
(DEBUG)   No filter matched.
(DEBUG) --> File is excluded.
(DEBUG) Finding source file corresponding to a gcov data file
  gcov_fname   /home/felipe/zephyrproject/zephyr-course/twister-out/log_backend.h##ee2cc09272cfd437395e6271cf485099.gcov
  current_dir  /home/felipe/zephyrproject/zephyr-course/twister-out
  root         /home/felipe/zephyrproject/zephyr-course/app/modules/ring_buf
  starting_dir /home/felipe/zephyrproject/zephyr-course
  obj_dir      /home/felipe/zephyrproject/zephyr-course/twister-out
  gcda_fname   native_sim_native/host_gnu/zephyr-course/tests/ring_buf/homework.unit.ring_buf/zephyr/CMakeFiles/zephyr.dir/subsys/logging/log_core.c.gcda
  --> fname    /home/felipe/zephyrproject/zephyr/include/zephyr/logging/log_backend.h
(DEBUG) Check if /home/felipe/zephyrproject/zephyr/include/zephyr/logging/log_backend.h is included (source file)...
(DEBUG)   No filter matched.
(DEBUG) --> File is excluded.
(DEBUG) Check if /home/felipe/zephyrproject/zephyr-course/twister-out/log_msg.h##8e71b5010d1ef358ceb2fe0042f1ff82.gcov is included (trace)...
(DEBUG) --> File is excluded.
(DEBUG) Finding source file corresponding to a gcov data file
  gcov_fname   /home/felipe/zephyrproject/zephyr-course/twister-out/log_msg.h##8e71b5010d1ef358ceb2fe0042f1ff82.gcov
  current_dir  /home/felipe/zephyrproject/zephyr-course/twister-out
  root         /home/felipe/zephyrproject/zephyr-course/app/modules/ring_buf
  starting_dir /home/felipe/zephyrproject/zephyr-course
  obj_dir      /home/felipe/zephyrproject/zephyr-course/twister-out
  gcda_fname   native_sim_native/host_gnu/zephyr-course/tests/ring_buf/homework.unit.ring_buf/zephyr/CMakeFiles/zephyr.dir/subsys/logging/log_core.c.gcda
  --> fname    /home/felipe/zephyrproject/zephyr/include/zephyr/logging/log_msg.h
(DEBUG) Check if /home/felipe/zephyrproject/zephyr/include/zephyr/logging/log_msg.h is included (source file)...
(DEBUG) --> File is excluded.
(DEBUG) Check if /home/felipe/zephyrproject/zephyr-course/twister-out/kernel.h##02fe483cd34741e407932cea525697b1.gcov is included (trace)...
(DEBUG) --> File is excluded.
(DEBUG) Finding source file corresponding to a gcov data file
  gcov_fname   /home/felipe/zephyrproject/zephyr-course/twister-out/kernel.h##02fe483cd34741e407932cea525697b1.gcov
  current_dir  /home/felipe/zephyrproject/zephyr-course/twister-out
  root         /home/felipe/zephyrproject/zephyr-course/app/modules/ring_buf
  starting_dir /home/felipe/zephyrproject/zephyr-course
  obj_dir      /home/felipe/zephyrproject/zephyr-course/twister-out
  gcda_fname   native_sim_native/host_gnu/zephyr-course/tests/ring_buf/homework.unit.ring_buf/zephyr/CMakeFiles/zephyr.dir/subsys/logging/log_core.c.gcda
  --> fname    /home/felipe/zephyrproject/zephyr-course/twister-out/native_sim_native/host_gnu/zephyr-course/tests/ring_buf/homework.unit.ring_buf/zephyr/include/generated/zephyr/syscalls/kernel.h
(DEBUG) Check if /home/felipe/zephyrproject/zephyr-course/twister-out/native_sim_native/host_gnu/zephyr-course/tests/ring_buf/homework.unit.ring_buf/zephyr/include/generated/zephyr/syscalls/kernel.h is included (source file)...
(DEBUG) --> File is excluded.
(DEBUG) Check if /home/felipe/zephyrproject/zephyr-course/twister-out/kernel.h##8118239d1ec13e308e040c6439814b34.gcov is included (trace)...
(DEBUG) --> File is excluded.
(DEBUG) Finding source file corresponding to a gcov data file
  gcov_fname   /home/felipe/zephyrproject/zephyr-course/twister-out/kernel.h##8118239d1ec13e308e040c6439814b34.gcov
  current_dir  /home/felipe/zephyrproject/zephyr-course/twister-out
  root         /home/felipe/zephyrproject/zephyr-course/app/modules/ring_buf
  starting_dir /home/felipe/zephyrproject/zephyr-course
  obj_dir      /home/felipe/zephyrproject/zephyr-course/twister-out
  gcda_fname   native_sim_native/host_gnu/zephyr-course/tests/ring_buf/homework.unit.ring_buf/zephyr/CMakeFiles/zephyr.dir/subsys/logging/log_core.c.gcda
  --> fname    /home/felipe/zephyrproject/zephyr/include/zephyr/kernel.h
(DEBUG) Check if /home/felipe/zephyrproject/zephyr/include/zephyr/kernel.h is included (source file)...
(DEBUG) --> File is excluded.
(DEBUG) Check if /home/felipe/zephyrproject/zephyr-course/twister-out/log_ctrl.h##bc7291ddb353fe8c15fcc40af1692eaa.gcov is included (trace)...
(DEBUG)   No filter matched.
(DEBUG) --> File is excluded.
(DEBUG) Finding source file corresponding to a gcov data file
  gcov_fname   /home/felipe/zephyrproject/zephyr-course/twister-out/log_ctrl.h##bc7291ddb353fe8c15fcc40af1692eaa.gcov
  current_dir  /home/felipe/zephyrproject/zephyr-course/twister-out
  root         /home/felipe/zephyrproject/zephyr-course/app/modules/ring_buf
  starting_dir /home/felipe/zephyrproject/zephyr-course
  obj_dir      /home/felipe/zephyrproject/zephyr-course/twister-out
  gcda_fname   native_sim_native/host_gnu/zephyr-course/tests/ring_buf/homework.unit.ring_buf/zephyr/CMakeFiles/zephyr.dir/subsys/logging/log_core.c.gcda
  --> fname    /home/felipe/zephyrproject/zephyr-course/twister-out/native_sim_native/host_gnu/zephyr-course/tests/ring_buf/homework.unit.ring_buf/zephyr/include/generated/zephyr/syscalls/log_ctrl.h
(DEBUG) Check if /home/felipe/zephyrproject/zephyr-course/twister-out/native_sim_native/host_gnu/zephyr-course/tests/ring_buf/homework.unit.ring_buf/zephyr/include/generated/zephyr/syscalls/log_ctrl.h is included (source file)...
(DEBUG)   No filter matched.
(DEBUG) --> File is excluded.
(DEBUG) Check if /home/felipe/zephyrproject/zephyr-course/twister-out/syscall.h##8128d8185b27548b9f11ce6707adf377.gcov is included (trace)...
(DEBUG) --> File is excluded.
(DEBUG) Finding source file corresponding to a gcov data file
  gcov_fname   /home/felipe/zephyrproject/zephyr-course/twister-out/syscall.h##8128d8185b27548b9f11ce6707adf377.gcov
  current_dir  /home/felipe/zephyrproject/zephyr-course/twister-out
  root         /home/felipe/zephyrproject/zephyr-course/app/modules/ring_buf
  starting_dir /home/felipe/zephyrproject/zephyr-course
  obj_dir      /home/felipe/zephyrproject/zephyr-course/twister-out
  gcda_fname   native_sim_native/host_gnu/zephyr-course/tests/ring_buf/homework.unit.ring_buf/zephyr/CMakeFiles/zephyr.dir/subsys/logging/log_core.c.gcda
  --> fname    /home/felipe/zephyrproject/zephyr/include/zephyr/syscall.h
(DEBUG) Check if /home/felipe/zephyrproject/zephyr/include/zephyr/syscall.h is included (source file)...
(DEBUG) --> File is excluded.
(DEBUG) Check if /home/felipe/zephyrproject/zephyr-course/twister-out/log_core.c##fce8b3be9263256d3a22ba34a91fbfff.gcov is included (trace)...
(DEBUG)   No filter matched.
(DEBUG) --> File is excluded.
(DEBUG) Finding source file corresponding to a gcov data file
  gcov_fname   /home/felipe/zephyrproject/zephyr-course/twister-out/log_core.c##fce8b3be9263256d3a22ba34a91fbfff.gcov
  current_dir  /home/felipe/zephyrproject/zephyr-course/twister-out
  root         /home/felipe/zephyrproject/zephyr-course/app/modules/ring_buf
  starting_dir /home/felipe/zephyrproject/zephyr-course
  obj_dir      /home/felipe/zephyrproject/zephyr-course/twister-out
  gcda_fname   native_sim_native/host_gnu/zephyr-course/tests/ring_buf/homework.unit.ring_buf/zephyr/CMakeFiles/zephyr.dir/subsys/logging/log_core.c.gcda
  --> fname    /home/felipe/zephyrproject/zephyr/subsys/logging/log_core.c
(DEBUG) Check if /home/felipe/zephyrproject/zephyr/subsys/logging/log_core.c is included (source file)...
(DEBUG)   No filter matched.
(DEBUG) --> File is excluded.
(DEBUG) Check if /home/felipe/zephyrproject/zephyr-course/twister-out/arch.h##f17e3501b457fcbd947bf4189b99bd89.gcov is included (trace)...
(DEBUG) --> File is excluded.
(DEBUG) Finding source file corresponding to a gcov data file
  gcov_fname   /home/felipe/zephyrproject/zephyr-course/twister-out/arch.h##f17e3501b457fcbd947bf4189b99bd89.gcov
  current_dir  /home/felipe/zephyrproject/zephyr-course/twister-out
  root         /home/felipe/zephyrproject/zephyr-course/app/modules/ring_buf
  starting_dir /home/felipe/zephyrproject/zephyr-course
  obj_dir      /home/felipe/zephyrproject/zephyr-course/twister-out
  gcda_fname   native_sim_native/host_gnu/zephyr-course/tests/ring_buf/homework.unit.ring_buf/zephyr/CMakeFiles/zephyr.dir/subsys/logging/log_core.c.gcda
  --> fname    /home/felipe/zephyrproject/zephyr/include/zephyr/arch/posix/arch.h
(DEBUG) Check if /home/felipe/zephyrproject/zephyr/include/zephyr/arch/posix/arch.h is included (source file)...
(DEBUG) --> File is excluded.
(DEBUG) Check if /home/felipe/zephyrproject/zephyr-course/twister-out/atomic_builtin.h##23af1619d78a0629f5320614eb23b34f.gcov is included (trace)...
(DEBUG)   No filter matched.
(DEBUG) --> File is excluded.
(DEBUG) Finding source file corresponding to a gcov data file
  gcov_fname   /home/felipe/zephyrproject/zephyr-course/twister-out/atomic_builtin.h##23af1619d78a0629f5320614eb23b34f.gcov
  current_dir  /home/felipe/zephyrproject/zephyr-course/twister-out
  root         /home/felipe/zephyrproject/zephyr-course/app/modules/ring_buf
  starting_dir /home/felipe/zephyrproject/zephyr-course
  obj_dir      /home/felipe/zephyrproject/zephyr-course/twister-out
  gcda_fname   native_sim_native/host_gnu/zephyr-course/tests/ring_buf/homework.unit.ring_buf/zephyr/CMakeFiles/zephyr.dir/subsys/logging/log_core.c.gcda
  --> fname    /home/felipe/zephyrproject/zephyr/include/zephyr/sys/atomic_builtin.h
(DEBUG) Check if /home/felipe/zephyrproject/zephyr/include/zephyr/sys/atomic_builtin.h is included (source file)...
(DEBUG)   No filter matched.
(DEBUG) --> File is excluded.
(DEBUG) Check if /home/felipe/zephyrproject/zephyr-course/twister-out/spinlock.h##d07917f143d2ca5ff94f2d220e528568.gcov is included (trace)...
(DEBUG) --> File is excluded.
(DEBUG) Finding source file corresponding to a gcov data file
  gcov_fname   /home/felipe/zephyrproject/zephyr-course/twister-out/spinlock.h##d07917f143d2ca5ff94f2d220e528568.gcov
  current_dir  /home/felipe/zephyrproject/zephyr-course/twister-out
  root         /home/felipe/zephyrproject/zephyr-course/app/modules/ring_buf
  starting_dir /home/felipe/zephyrproject/zephyr-course
  obj_dir      /home/felipe/zephyrproject/zephyr-course/twister-out
  gcda_fname   native_sim_native/host_gnu/zephyr-course/tests/ring_buf/homework.unit.ring_buf/zephyr/CMakeFiles/zephyr.dir/subsys/logging/log_core.c.gcda
  --> fname    /home/felipe/zephyrproject/zephyr/include/zephyr/spinlock.h
(DEBUG) Check if /home/felipe/zephyrproject/zephyr/include/zephyr/spinlock.h is included (source file)...
(DEBUG) --> File is excluded.
(DEBUG) Check if /home/felipe/zephyrproject/zephyr-course/twister-out/native_sim_native/host_gnu/zephyr-course/tests/ring_buf/homework.unit.ring_buf/zephyr/CMakeFiles/zephyr.dir/subsys/logging/log_mgmt.c.gcda is included (trace)...
(DEBUG)   No filter matched.
(DEBUG) --> File is excluded.
(DEBUG) Check if /home/felipe/zephyrproject/zephyr-course/twister-out/native_sim_native/host_gnu/zephyr-course/tests/ring_buf/homework.unit.ring_buf/zephyr/CMakeFiles/zephyr.dir/subsys/logging/log_mgmt.c.gcda is included (trace)...
(DEBUG) --> File is excluded.
(DEBUG) Check if log_mgmt.c##a0df39efd6fa42b91191cecd180e3e10.gcov is included (gcov file)...
(DEBUG)   Filter AlwaysMatchFilter() matched.
(DEBUG) --> File is included.
(DEBUG) Check if log_link.h##9264c227c60b708fec151c531d80171d.gcov is included (gcov file)...
(DEBUG)   Filter AlwaysMatchFilter() matched.
(DEBUG) --> File is included.
(DEBUG) Check if log_ctrl.h##bc7291ddb353fe8c15fcc40af1692eaa.gcov is included (gcov file)...
(DEBUG) --> File is included.
(DEBUG) Check if log_backend.h##ee2cc09272cfd437395e6271cf485099.gcov is included (gcov file)...
(DEBUG) --> File is included.
(DEBUG) Check if log_internal.h##506d104cc18e3ab058d9d83dcb92f868.gcov is included (gcov file)...
(DEBUG)   Filter AlwaysMatchFilter() matched.
(DEBUG) --> File is included.
(DEBUG) Check if log_core.h##222ad98a543657d3ca60fd57c0098273.gcov is included (gcov file)...
(DEBUG)   Filter AlwaysMatchFilter() matched.
(DEBUG) --> File is included.
(DEBUG) Check if /home/felipe/zephyrproject/zephyr-course/twister-out/log_backend.h##ee2cc09272cfd437395e6271cf485099.gcov is included (trace)...
(DEBUG) --> File is excluded.
(DEBUG) Finding source file corresponding to a gcov data file
  gcov_fname   /home/felipe/zephyrproject/zephyr-course/twister-out/log_backend.h##ee2cc09272cfd437395e6271cf485099.gcov
  current_dir  /home/felipe/zephyrproject/zephyr-course/twister-out
  root         /home/felipe/zephyrproject/zephyr-course/app/modules/ring_buf
  starting_dir /home/felipe/zephyrproject/zephyr-course
  obj_dir      /home/felipe/zephyrproject/zephyr-course/twister-out
  gcda_fname   native_sim_native/host_gnu/zephyr-course/tests/ring_buf/homework.unit.ring_buf/zephyr/CMakeFiles/zephyr.dir/subsys/logging/log_mgmt.c.gcda
  --> fname    /home/felipe/zephyrproject/zephyr/include/zephyr/logging/log_backend.h
(DEBUG) Check if /home/felipe/zephyrproject/zephyr/include/zephyr/logging/log_backend.h is included (source file)...
(DEBUG) --> File is excluded.
(DEBUG) Check if /home/felipe/zephyrproject/zephyr-course/twister-out/log_ctrl.h##bc7291ddb353fe8c15fcc40af1692eaa.gcov is included (trace)...
(DEBUG) --> File is excluded.
(DEBUG) Finding source file corresponding to a gcov data file
  gcov_fname   /home/felipe/zephyrproject/zephyr-course/twister-out/log_ctrl.h##bc7291ddb353fe8c15fcc40af1692eaa.gcov
  current_dir  /home/felipe/zephyrproject/zephyr-course/twister-out
  root         /home/felipe/zephyrproject/zephyr-course/app/modules/ring_buf
  starting_dir /home/felipe/zephyrproject/zephyr-course
  obj_dir      /home/felipe/zephyrproject/zephyr-course/twister-out
  gcda_fname   native_sim_native/host_gnu/zephyr-course/tests/ring_buf/homework.unit.ring_buf/zephyr/CMakeFiles/zephyr.dir/subsys/logging/log_mgmt.c.gcda
  --> fname    /home/felipe/zephyrproject/zephyr-course/twister-out/native_sim_native/host_gnu/zephyr-course/tests/ring_buf/homework.unit.ring_buf/zephyr/include/generated/zephyr/syscalls/log_ctrl.h
(DEBUG) Check if /home/felipe/zephyrproject/zephyr-course/twister-out/native_sim_native/host_gnu/zephyr-course/tests/ring_buf/homework.unit.ring_buf/zephyr/include/generated/zephyr/syscalls/log_ctrl.h is included (source file)...
(DEBUG) --> File is excluded.
(DEBUG) Check if /home/felipe/zephyrproject/zephyr-course/twister-out/log_internal.h##506d104cc18e3ab058d9d83dcb92f868.gcov is included (trace)...
(DEBUG)   No filter matched.
(DEBUG) --> File is excluded.
(DEBUG) Finding source file corresponding to a gcov data file
  gcov_fname   /home/felipe/zephyrproject/zephyr-course/twister-out/log_internal.h##506d104cc18e3ab058d9d83dcb92f868.gcov
  current_dir  /home/felipe/zephyrproject/zephyr-course/twister-out
  root         /home/felipe/zephyrproject/zephyr-course/app/modules/ring_buf
  starting_dir /home/felipe/zephyrproject/zephyr-course
  obj_dir      /home/felipe/zephyrproject/zephyr-course/twister-out
  gcda_fname   native_sim_native/host_gnu/zephyr-course/tests/ring_buf/homework.unit.ring_buf/zephyr/CMakeFiles/zephyr.dir/subsys/logging/log_mgmt.c.gcda
  --> fname    /home/felipe/zephyrproject/zephyr/include/zephyr/logging/log_internal.h
(DEBUG) Check if /home/felipe/zephyrproject/zephyr/include/zephyr/logging/log_internal.h is included (source file)...
(DEBUG)   No filter matched.
(DEBUG) --> File is excluded.
(DEBUG) Check if /home/felipe/zephyrproject/zephyr-course/twister-out/log_link.h##9264c227c60b708fec151c531d80171d.gcov is included (trace)...
(DEBUG)   No filter matched.
(DEBUG) --> File is excluded.
(DEBUG) Finding source file corresponding to a gcov data file
  gcov_fname   /home/felipe/zephyrproject/zephyr-course/twister-out/log_link.h##9264c227c60b708fec151c531d80171d.gcov
  current_dir  /home/felipe/zephyrproject/zephyr-course/twister-out
  root         /home/felipe/zephyrproject/zephyr-course/app/modules/ring_buf
  starting_dir /home/felipe/zephyrproject/zephyr-course
  obj_dir      /home/felipe/zephyrproject/zephyr-course/twister-out
  gcda_fname   native_sim_native/host_gnu/zephyr-course/tests/ring_buf/homework.unit.ring_buf/zephyr/CMakeFiles/zephyr.dir/subsys/logging/log_mgmt.c.gcda
  --> fname    /home/felipe/zephyrproject/zephyr/include/zephyr/logging/log_link.h
(DEBUG) Check if /home/felipe/zephyrproject/zephyr/include/zephyr/logging/log_link.h is included (source file)...
(DEBUG)   No filter matched.
(DEBUG) --> File is excluded.
(DEBUG) Check if /home/felipe/zephyrproject/zephyr-course/twister-out/log_core.h##222ad98a543657d3ca60fd57c0098273.gcov is included (trace)...
(DEBUG)   No filter matched.
(DEBUG) --> File is excluded.
(DEBUG) Finding source file corresponding to a gcov data file
  gcov_fname   /home/felipe/zephyrproject/zephyr-course/twister-out/log_core.h##222ad98a543657d3ca60fd57c0098273.gcov
  current_dir  /home/felipe/zephyrproject/zephyr-course/twister-out
  root         /home/felipe/zephyrproject/zephyr-course/app/modules/ring_buf
  starting_dir /home/felipe/zephyrproject/zephyr-course
  obj_dir      /home/felipe/zephyrproject/zephyr-course/twister-out
  gcda_fname   native_sim_native/host_gnu/zephyr-course/tests/ring_buf/homework.unit.ring_buf/zephyr/CMakeFiles/zephyr.dir/subsys/logging/log_mgmt.c.gcda
  --> fname    /home/felipe/zephyrproject/zephyr/include/zephyr/logging/log_core.h
(DEBUG) Check if /home/felipe/zephyrproject/zephyr/include/zephyr/logging/log_core.h is included (source file)...
(DEBUG)   No filter matched.
(DEBUG) --> File is excluded.
(DEBUG) Check if /home/felipe/zephyrproject/zephyr-course/twister-out/log_mgmt.c##a0df39efd6fa42b91191cecd180e3e10.gcov is included (trace)...
(DEBUG)   No filter matched.
(DEBUG) --> File is excluded.
(DEBUG) Finding source file corresponding to a gcov data file
  gcov_fname   /home/felipe/zephyrproject/zephyr-course/twister-out/log_mgmt.c##a0df39efd6fa42b91191cecd180e3e10.gcov
  current_dir  /home/felipe/zephyrproject/zephyr-course/twister-out
  root         /home/felipe/zephyrproject/zephyr-course/app/modules/ring_buf
  starting_dir /home/felipe/zephyrproject/zephyr-course
  obj_dir      /home/felipe/zephyrproject/zephyr-course/twister-out
  gcda_fname   native_sim_native/host_gnu/zephyr-course/tests/ring_buf/homework.unit.ring_buf/zephyr/CMakeFiles/zephyr.dir/subsys/logging/log_mgmt.c.gcda
  --> fname    /home/felipe/zephyrproject/zephyr/subsys/logging/log_mgmt.c
(DEBUG) Check if /home/felipe/zephyrproject/zephyr/subsys/logging/log_mgmt.c is included (source file)...
(DEBUG)   No filter matched.
(DEBUG) --> File is excluded.
(DEBUG) Check if /home/felipe/zephyrproject/zephyr-course/twister-out/native_sim_native/host_gnu/zephyr-course/tests/ring_buf/homework.unit.ring_buf/zephyr/CMakeFiles/zephyr.dir/subsys/logging/log_msg.c.gcda is included (trace)...
(DEBUG)   No filter matched.
(DEBUG) --> File is excluded.
(DEBUG) Check if /home/felipe/zephyrproject/zephyr-course/twister-out/native_sim_native/host_gnu/zephyr-course/tests/ring_buf/homework.unit.ring_buf/zephyr/CMakeFiles/zephyr.dir/subsys/logging/log_msg.c.gcda is included (trace)...
(DEBUG) --> File is excluded.
(DEBUG) Check if log_msg.c##aad5d07d502a99449e19f0fefbdd61aa.gcov is included (gcov file)...
(DEBUG)   Filter AlwaysMatchFilter() matched.
(DEBUG) --> File is included.
(DEBUG) Check if log_internal.h##506d104cc18e3ab058d9d83dcb92f868.gcov is included (gcov file)...
(DEBUG) --> File is included.
(DEBUG) Check if log_core.h##222ad98a543657d3ca60fd57c0098273.gcov is included (gcov file)...
(DEBUG) --> File is included.
(DEBUG) Check if log_msg.h##06b7f9328cfed5bd4337905feee39a23.gcov is included (gcov file)...
(DEBUG)   Filter AlwaysMatchFilter() matched.
(DEBUG) --> File is included.
(DEBUG) Check if log_msg.h##8e71b5010d1ef358ceb2fe0042f1ff82.gcov is included (gcov file)...
(DEBUG) --> File is included.
(DEBUG) Check if cbprintf.h##b2e151616223f33dd5fe1cc0fe535743.gcov is included (gcov file)...
(DEBUG) --> File is included.
(DEBUG) Check if syscall.h##8128d8185b27548b9f11ce6707adf377.gcov is included (gcov file)...
(DEBUG) --> File is included.
(DEBUG) Check if /home/felipe/zephyrproject/zephyr-course/twister-out/log_msg.h##8e71b5010d1ef358ceb2fe0042f1ff82.gcov is included (trace)...
(DEBUG) --> File is excluded.
(DEBUG) Finding source file corresponding to a gcov data file
  gcov_fname   /home/felipe/zephyrproject/zephyr-course/twister-out/log_msg.h##8e71b5010d1ef358ceb2fe0042f1ff82.gcov
  current_dir  /home/felipe/zephyrproject/zephyr-course/twister-out
  root         /home/felipe/zephyrproject/zephyr-course/app/modules/ring_buf
  starting_dir /home/felipe/zephyrproject/zephyr-course
  obj_dir      /home/felipe/zephyrproject/zephyr-course/twister-out
  gcda_fname   native_sim_native/host_gnu/zephyr-course/tests/ring_buf/homework.unit.ring_buf/zephyr/CMakeFiles/zephyr.dir/subsys/logging/log_msg.c.gcda
  --> fname    /home/felipe/zephyrproject/zephyr/include/zephyr/logging/log_msg.h
(DEBUG) Check if /home/felipe/zephyrproject/zephyr/include/zephyr/logging/log_msg.h is included (source file)...
(DEBUG) --> File is excluded.
(DEBUG) Check if /home/felipe/zephyrproject/zephyr-course/twister-out/log_msg.c##aad5d07d502a99449e19f0fefbdd61aa.gcov is included (trace)...
(DEBUG)   No filter matched.
(DEBUG) --> File is excluded.
(DEBUG) Finding source file corresponding to a gcov data file
  gcov_fname   /home/felipe/zephyrproject/zephyr-course/twister-out/log_msg.c##aad5d07d502a99449e19f0fefbdd61aa.gcov
  current_dir  /home/felipe/zephyrproject/zephyr-course/twister-out
  root         /home/felipe/zephyrproject/zephyr-course/app/modules/ring_buf
  starting_dir /home/felipe/zephyrproject/zephyr-course
  obj_dir      /home/felipe/zephyrproject/zephyr-course/twister-out
  gcda_fname   native_sim_native/host_gnu/zephyr-course/tests/ring_buf/homework.unit.ring_buf/zephyr/CMakeFiles/zephyr.dir/subsys/logging/log_msg.c.gcda
  --> fname    /home/felipe/zephyrproject/zephyr/subsys/logging/log_msg.c
(DEBUG) Check if /home/felipe/zephyrproject/zephyr/subsys/logging/log_msg.c is included (source file)...
(DEBUG)   No filter matched.
(DEBUG) --> File is excluded.
(DEBUG) Check if /home/felipe/zephyrproject/zephyr-course/twister-out/log_internal.h##506d104cc18e3ab058d9d83dcb92f868.gcov is included (trace)...
(DEBUG) --> File is excluded.
(DEBUG) Finding source file corresponding to a gcov data file
  gcov_fname   /home/felipe/zephyrproject/zephyr-course/twister-out/log_internal.h##506d104cc18e3ab058d9d83dcb92f868.gcov
  current_dir  /home/felipe/zephyrproject/zephyr-course/twister-out
  root         /home/felipe/zephyrproject/zephyr-course/app/modules/ring_buf
  starting_dir /home/felipe/zephyrproject/zephyr-course
  obj_dir      /home/felipe/zephyrproject/zephyr-course/twister-out
  gcda_fname   native_sim_native/host_gnu/zephyr-course/tests/ring_buf/homework.unit.ring_buf/zephyr/CMakeFiles/zephyr.dir/subsys/logging/log_msg.c.gcda
  --> fname    /home/felipe/zephyrproject/zephyr/include/zephyr/logging/log_internal.h
(DEBUG) Check if /home/felipe/zephyrproject/zephyr/include/zephyr/logging/log_internal.h is included (source file)...
(DEBUG) --> File is excluded.
(DEBUG) Check if /home/felipe/zephyrproject/zephyr-course/twister-out/syscall.h##8128d8185b27548b9f11ce6707adf377.gcov is included (trace)...
(DEBUG) --> File is excluded.
(DEBUG) Finding source file corresponding to a gcov data file
  gcov_fname   /home/felipe/zephyrproject/zephyr-course/twister-out/syscall.h##8128d8185b27548b9f11ce6707adf377.gcov
  current_dir  /home/felipe/zephyrproject/zephyr-course/twister-out
  root         /home/felipe/zephyrproject/zephyr-course/app/modules/ring_buf
  starting_dir /home/felipe/zephyrproject/zephyr-course
  obj_dir      /home/felipe/zephyrproject/zephyr-course/twister-out
  gcda_fname   native_sim_native/host_gnu/zephyr-course/tests/ring_buf/homework.unit.ring_buf/zephyr/CMakeFiles/zephyr.dir/subsys/logging/log_msg.c.gcda
  --> fname    /home/felipe/zephyrproject/zephyr/include/zephyr/syscall.h
(DEBUG) Check if /home/felipe/zephyrproject/zephyr/include/zephyr/syscall.h is included (source file)...
(DEBUG) --> File is excluded.
(DEBUG) Check if /home/felipe/zephyrproject/zephyr-course/twister-out/log_msg.h##06b7f9328cfed5bd4337905feee39a23.gcov is included (trace)...
(DEBUG)   No filter matched.
(DEBUG) --> File is excluded.
(DEBUG) Finding source file corresponding to a gcov data file
  gcov_fname   /home/felipe/zephyrproject/zephyr-course/twister-out/log_msg.h##06b7f9328cfed5bd4337905feee39a23.gcov
  current_dir  /home/felipe/zephyrproject/zephyr-course/twister-out
  root         /home/felipe/zephyrproject/zephyr-course/app/modules/ring_buf
  starting_dir /home/felipe/zephyrproject/zephyr-course
  obj_dir      /home/felipe/zephyrproject/zephyr-course/twister-out
  gcda_fname   native_sim_native/host_gnu/zephyr-course/tests/ring_buf/homework.unit.ring_buf/zephyr/CMakeFiles/zephyr.dir/subsys/logging/log_msg.c.gcda
  --> fname    /home/felipe/zephyrproject/zephyr-course/twister-out/native_sim_native/host_gnu/zephyr-course/tests/ring_buf/homework.unit.ring_buf/zephyr/include/generated/zephyr/syscalls/log_msg.h
(DEBUG) Check if /home/felipe/zephyrproject/zephyr-course/twister-out/native_sim_native/host_gnu/zephyr-course/tests/ring_buf/homework.unit.ring_buf/zephyr/include/generated/zephyr/syscalls/log_msg.h is included (source file)...
(DEBUG)   No filter matched.
(DEBUG) --> File is excluded.
(DEBUG) Check if /home/felipe/zephyrproject/zephyr-course/twister-out/cbprintf.h##b2e151616223f33dd5fe1cc0fe535743.gcov is included (trace)...
(DEBUG) --> File is excluded.
(DEBUG) Finding source file corresponding to a gcov data file
  gcov_fname   /home/felipe/zephyrproject/zephyr-course/twister-out/cbprintf.h##b2e151616223f33dd5fe1cc0fe535743.gcov
  current_dir  /home/felipe/zephyrproject/zephyr-course/twister-out
  root         /home/felipe/zephyrproject/zephyr-course/app/modules/ring_buf
  starting_dir /home/felipe/zephyrproject/zephyr-course
  obj_dir      /home/felipe/zephyrproject/zephyr-course/twister-out
  gcda_fname   native_sim_native/host_gnu/zephyr-course/tests/ring_buf/homework.unit.ring_buf/zephyr/CMakeFiles/zephyr.dir/subsys/logging/log_msg.c.gcda
  --> fname    /home/felipe/zephyrproject/zephyr/include/zephyr/sys/cbprintf.h
(DEBUG) Check if /home/felipe/zephyrproject/zephyr/include/zephyr/sys/cbprintf.h is included (source file)...
(DEBUG) --> File is excluded.
(DEBUG) Check if /home/felipe/zephyrproject/zephyr-course/twister-out/log_core.h##222ad98a543657d3ca60fd57c0098273.gcov is included (trace)...
(DEBUG) --> File is excluded.
(DEBUG) Finding source file corresponding to a gcov data file
  gcov_fname   /home/felipe/zephyrproject/zephyr-course/twister-out/log_core.h##222ad98a543657d3ca60fd57c0098273.gcov
  current_dir  /home/felipe/zephyrproject/zephyr-course/twister-out
  root         /home/felipe/zephyrproject/zephyr-course/app/modules/ring_buf
  starting_dir /home/felipe/zephyrproject/zephyr-course
  obj_dir      /home/felipe/zephyrproject/zephyr-course/twister-out
  gcda_fname   native_sim_native/host_gnu/zephyr-course/tests/ring_buf/homework.unit.ring_buf/zephyr/CMakeFiles/zephyr.dir/subsys/logging/log_msg.c.gcda
  --> fname    /home/felipe/zephyrproject/zephyr/include/zephyr/logging/log_core.h
(DEBUG) Check if /home/felipe/zephyrproject/zephyr/include/zephyr/logging/log_core.h is included (source file)...
(DEBUG) --> File is excluded.
(DEBUG) Check if /home/felipe/zephyrproject/zephyr-course/twister-out/native_sim_native/host_gnu/zephyr-course/tests/ring_buf/homework.unit.ring_buf/zephyr/CMakeFiles/zephyr.dir/subsys/logging/log_output.c.gcda is included (trace)...
(DEBUG)   No filter matched.
(DEBUG) --> File is excluded.
(DEBUG) Check if /home/felipe/zephyrproject/zephyr-course/twister-out/native_sim_native/host_gnu/zephyr-course/tests/ring_buf/homework.unit.ring_buf/zephyr/CMakeFiles/zephyr.dir/subsys/logging/log_output.c.gcda is included (trace)...
(DEBUG) --> File is excluded.
(DEBUG) Check if log_output.c##2486d85f8088283bfed2fe1b0642d900.gcov is included (gcov file)...
(DEBUG)   Filter AlwaysMatchFilter() matched.
(DEBUG) --> File is included.
(DEBUG) Check if log_output.h##8eca4334ad56db1ca55a707acc17c177.gcov is included (gcov file)...
(DEBUG) --> File is included.
(DEBUG) Check if log_msg.h##8e71b5010d1ef358ceb2fe0042f1ff82.gcov is included (gcov file)...
(DEBUG) --> File is included.
(DEBUG) Check if cbprintf.h##b2e151616223f33dd5fe1cc0fe535743.gcov is included (gcov file)...
(DEBUG) --> File is included.
(DEBUG) Check if /home/felipe/zephyrproject/zephyr-course/twister-out/log_output.h##8eca4334ad56db1ca55a707acc17c177.gcov is included (trace)...
(DEBUG) --> File is excluded.
(DEBUG) Finding source file corresponding to a gcov data file
  gcov_fname   /home/felipe/zephyrproject/zephyr-course/twister-out/log_output.h##8eca4334ad56db1ca55a707acc17c177.gcov
  current_dir  /home/felipe/zephyrproject/zephyr-course/twister-out
  root         /home/felipe/zephyrproject/zephyr-course/app/modules/ring_buf
  starting_dir /home/felipe/zephyrproject/zephyr-course
  obj_dir      /home/felipe/zephyrproject/zephyr-course/twister-out
  gcda_fname   native_sim_native/host_gnu/zephyr-course/tests/ring_buf/homework.unit.ring_buf/zephyr/CMakeFiles/zephyr.dir/subsys/logging/log_output.c.gcda
  --> fname    /home/felipe/zephyrproject/zephyr/include/zephyr/logging/log_output.h
(DEBUG) Check if /home/felipe/zephyrproject/zephyr/include/zephyr/logging/log_output.h is included (source file)...
(DEBUG) --> File is excluded.
(DEBUG) Check if /home/felipe/zephyrproject/zephyr-course/twister-out/log_msg.h##8e71b5010d1ef358ceb2fe0042f1ff82.gcov is included (trace)...
(DEBUG) --> File is excluded.
(DEBUG) Finding source file corresponding to a gcov data file
  gcov_fname   /home/felipe/zephyrproject/zephyr-course/twister-out/log_msg.h##8e71b5010d1ef358ceb2fe0042f1ff82.gcov
  current_dir  /home/felipe/zephyrproject/zephyr-course/twister-out
  root         /home/felipe/zephyrproject/zephyr-course/app/modules/ring_buf
  starting_dir /home/felipe/zephyrproject/zephyr-course
  obj_dir      /home/felipe/zephyrproject/zephyr-course/twister-out
  gcda_fname   native_sim_native/host_gnu/zephyr-course/tests/ring_buf/homework.unit.ring_buf/zephyr/CMakeFiles/zephyr.dir/subsys/logging/log_output.c.gcda
  --> fname    /home/felipe/zephyrproject/zephyr/include/zephyr/logging/log_msg.h
(DEBUG) Check if /home/felipe/zephyrproject/zephyr/include/zephyr/logging/log_msg.h is included (source file)...
(DEBUG) --> File is excluded.
(DEBUG) Check if /home/felipe/zephyrproject/zephyr-course/twister-out/log_output.c##2486d85f8088283bfed2fe1b0642d900.gcov is included (trace)...
(DEBUG)   No filter matched.
(DEBUG) --> File is excluded.
(DEBUG) Finding source file corresponding to a gcov data file
  gcov_fname   /home/felipe/zephyrproject/zephyr-course/twister-out/log_output.c##2486d85f8088283bfed2fe1b0642d900.gcov
  current_dir  /home/felipe/zephyrproject/zephyr-course/twister-out
  root         /home/felipe/zephyrproject/zephyr-course/app/modules/ring_buf
  starting_dir /home/felipe/zephyrproject/zephyr-course
  obj_dir      /home/felipe/zephyrproject/zephyr-course/twister-out
  gcda_fname   native_sim_native/host_gnu/zephyr-course/tests/ring_buf/homework.unit.ring_buf/zephyr/CMakeFiles/zephyr.dir/subsys/logging/log_output.c.gcda
  --> fname    /home/felipe/zephyrproject/zephyr/subsys/logging/log_output.c
(DEBUG) Check if /home/felipe/zephyrproject/zephyr/subsys/logging/log_output.c is included (source file)...
(DEBUG)   No filter matched.
(DEBUG) --> File is excluded.
(DEBUG) Check if /home/felipe/zephyrproject/zephyr-course/twister-out/cbprintf.h##b2e151616223f33dd5fe1cc0fe535743.gcov is included (trace)...
(DEBUG) --> File is excluded.
(DEBUG) Finding source file corresponding to a gcov data file
  gcov_fname   /home/felipe/zephyrproject/zephyr-course/twister-out/cbprintf.h##b2e151616223f33dd5fe1cc0fe535743.gcov
  current_dir  /home/felipe/zephyrproject/zephyr-course/twister-out
  root         /home/felipe/zephyrproject/zephyr-course/app/modules/ring_buf
  starting_dir /home/felipe/zephyrproject/zephyr-course
  obj_dir      /home/felipe/zephyrproject/zephyr-course/twister-out
  gcda_fname   native_sim_native/host_gnu/zephyr-course/tests/ring_buf/homework.unit.ring_buf/zephyr/CMakeFiles/zephyr.dir/subsys/logging/log_output.c.gcda
  --> fname    /home/felipe/zephyrproject/zephyr/include/zephyr/sys/cbprintf.h
(DEBUG) Check if /home/felipe/zephyrproject/zephyr/include/zephyr/sys/cbprintf.h is included (source file)...
(DEBUG) --> File is excluded.
(DEBUG) Check if /home/felipe/zephyrproject/zephyr-course/twister-out/native_sim_native/host_gnu/zephyr-course/tests/ring_buf/homework.unit.ring_buf/zephyr/CMakeFiles/zephyr.dir/subsys/tracing/tracing_none.c.gcda is included (trace)...
(DEBUG)   No filter matched.
(DEBUG) --> File is excluded.
(DEBUG) Check if /home/felipe/zephyrproject/zephyr-course/twister-out/native_sim_native/host_gnu/zephyr-course/tests/ring_buf/homework.unit.ring_buf/zephyr/CMakeFiles/zephyr.dir/subsys/tracing/tracing_none.c.gcda is included (trace)...
(DEBUG) --> File is excluded.
(DEBUG) Check if tracing_none.c##0585d140fc20ddb367307046cf370d20.gcov is included (gcov file)...
(DEBUG)   Filter AlwaysMatchFilter() matched.
(DEBUG) --> File is included.
(DEBUG) Check if /home/felipe/zephyrproject/zephyr-course/twister-out/tracing_none.c##0585d140fc20ddb367307046cf370d20.gcov is included (trace)...
(DEBUG)   No filter matched.
(DEBUG) --> File is excluded.
(DEBUG) Finding source file corresponding to a gcov data file
  gcov_fname   /home/felipe/zephyrproject/zephyr-course/twister-out/tracing_none.c##0585d140fc20ddb367307046cf370d20.gcov
  current_dir  /home/felipe/zephyrproject/zephyr-course/twister-out
  root         /home/felipe/zephyrproject/zephyr-course/app/modules/ring_buf
  starting_dir /home/felipe/zephyrproject/zephyr-course
  obj_dir      /home/felipe/zephyrproject/zephyr-course/twister-out
  gcda_fname   native_sim_native/host_gnu/zephyr-course/tests/ring_buf/homework.unit.ring_buf/zephyr/CMakeFiles/zephyr.dir/subsys/tracing/tracing_none.c.gcda
  --> fname    /home/felipe/zephyrproject/zephyr/subsys/tracing/tracing_none.c
(DEBUG) Check if /home/felipe/zephyrproject/zephyr/subsys/tracing/tracing_none.c is included (source file)...
(DEBUG)   No filter matched.
(DEBUG) --> File is excluded.
(DEBUG) Check if /home/felipe/zephyrproject/zephyr-course/twister-out/native_sim_native/host_gnu/zephyr-course/tests/ring_buf/homework.unit.ring_buf/zephyr/CMakeFiles/zephyr_pre0.dir/misc/empty_file.c.gcno is included (trace)...
(DEBUG)   No filter matched.
(DEBUG) --> File is excluded.
(DEBUG) Check if /home/felipe/zephyrproject/zephyr-course/twister-out/native_sim_native/host_gnu/zephyr-course/tests/ring_buf/homework.unit.ring_buf/zephyr/CMakeFiles/zephyr_pre0.dir/misc/empty_file.c.gcno is included (trace)...
(DEBUG) --> File is excluded.
(DEBUG) Check if /home/felipe/zephyrproject/zephyr-course/twister-out/native_sim_native/host_gnu/zephyr-course/tests/ring_buf/homework.unit.ring_buf/zephyr/NSI/common/src/main.gcda is included (trace)...
(DEBUG)   No filter matched.
(DEBUG) --> File is excluded.
(DEBUG) Check if /home/felipe/zephyrproject/zephyr-course/twister-out/native_sim_native/host_gnu/zephyr-course/tests/ring_buf/homework.unit.ring_buf/zephyr/NSI/common/src/main.gcda is included (trace)...
(DEBUG) --> File is excluded.
(DEBUG) Check if main.c##e3ea3269d4599a8145801291f9a132b6.gcov is included (gcov file)...
(DEBUG)   Filter AlwaysMatchFilter() matched.
(DEBUG) --> File is included.
(DEBUG) Check if nsi_hw_scheduler.h##18b49d179f44403c85d4a20fc3dc71ce.gcov is included (gcov file)...
(DEBUG)   Filter AlwaysMatchFilter() matched.
(DEBUG) --> File is included.
(DEBUG) Check if /home/felipe/zephyrproject/zephyr-course/twister-out/main.c##e3ea3269d4599a8145801291f9a132b6.gcov is included (trace)...
(DEBUG)   No filter matched.
(DEBUG) --> File is excluded.
(DEBUG) Finding source file corresponding to a gcov data file
  gcov_fname   /home/felipe/zephyrproject/zephyr-course/twister-out/main.c##e3ea3269d4599a8145801291f9a132b6.gcov
  current_dir  /home/felipe/zephyrproject/zephyr-course/twister-out
  root         /home/felipe/zephyrproject/zephyr-course/app/modules/ring_buf
  starting_dir /home/felipe/zephyrproject/zephyr-course
  obj_dir      /home/felipe/zephyrproject/zephyr-course/twister-out
  gcda_fname   native_sim_native/host_gnu/zephyr-course/tests/ring_buf/homework.unit.ring_buf/zephyr/NSI/common/src/main.gcda
  --> fname    /home/felipe/zephyrproject/zephyr/scripts/native_simulator/common/src/main.c
(DEBUG) Check if /home/felipe/zephyrproject/zephyr/scripts/native_simulator/common/src/main.c is included (source file)...
(DEBUG)   No filter matched.
(DEBUG) --> File is excluded.
(DEBUG) Check if /home/felipe/zephyrproject/zephyr-course/twister-out/nsi_hw_scheduler.h##18b49d179f44403c85d4a20fc3dc71ce.gcov is included (trace)...
(DEBUG)   No filter matched.
(DEBUG) --> File is excluded.
(DEBUG) Finding source file corresponding to a gcov data file
  gcov_fname   /home/felipe/zephyrproject/zephyr-course/twister-out/nsi_hw_scheduler.h##18b49d179f44403c85d4a20fc3dc71ce.gcov
  current_dir  /home/felipe/zephyrproject/zephyr-course/twister-out
  root         /home/felipe/zephyrproject/zephyr-course/app/modules/ring_buf
  starting_dir /home/felipe/zephyrproject/zephyr-course
  obj_dir      /home/felipe/zephyrproject/zephyr-course/twister-out
  gcda_fname   native_sim_native/host_gnu/zephyr-course/tests/ring_buf/homework.unit.ring_buf/zephyr/NSI/common/src/main.gcda
  --> fname    /home/felipe/zephyrproject/zephyr/scripts/native_simulator/common/src/include/nsi_hw_scheduler.h
(DEBUG) Check if /home/felipe/zephyrproject/zephyr/scripts/native_simulator/common/src/include/nsi_hw_scheduler.h is included (source file)...
(DEBUG)   No filter matched.
(DEBUG) --> File is excluded.
(DEBUG) Check if /home/felipe/zephyrproject/zephyr-course/twister-out/native_sim_native/host_gnu/zephyr-course/tests/ring_buf/homework.unit.ring_buf/zephyr/NSI/common/src/nce.gcda is included (trace)...
(DEBUG)   No filter matched.
(DEBUG) --> File is excluded.
(DEBUG) Check if /home/felipe/zephyrproject/zephyr-course/twister-out/native_sim_native/host_gnu/zephyr-course/tests/ring_buf/homework.unit.ring_buf/zephyr/NSI/common/src/nce.gcda is included (trace)...
(DEBUG) --> File is excluded.
(DEBUG) Check if nce.c##980e1b7b5065439332827bba85337c87.gcov is included (gcov file)...
(DEBUG)   Filter AlwaysMatchFilter() matched.
(DEBUG) --> File is included.
(DEBUG) Check if nsi_safe_call.h##b46d4efd73b6db3d790cd564e158af7d.gcov is included (gcov file)...
(DEBUG)   Filter AlwaysMatchFilter() matched.
(DEBUG) --> File is included.
(DEBUG) Check if /home/felipe/zephyrproject/zephyr-course/twister-out/nce.c##980e1b7b5065439332827bba85337c87.gcov is included (trace)...
(DEBUG)   No filter matched.
(DEBUG) --> File is excluded.
(DEBUG) Finding source file corresponding to a gcov data file
  gcov_fname   /home/felipe/zephyrproject/zephyr-course/twister-out/nce.c##980e1b7b5065439332827bba85337c87.gcov
  current_dir  /home/felipe/zephyrproject/zephyr-course/twister-out
  root         /home/felipe/zephyrproject/zephyr-course/app/modules/ring_buf
  starting_dir /home/felipe/zephyrproject/zephyr-course
  obj_dir      /home/felipe/zephyrproject/zephyr-course/twister-out
  gcda_fname   native_sim_native/host_gnu/zephyr-course/tests/ring_buf/homework.unit.ring_buf/zephyr/NSI/common/src/nce.gcda
  --> fname    /home/felipe/zephyrproject/zephyr/scripts/native_simulator/common/src/nce.c
(DEBUG) Check if /home/felipe/zephyrproject/zephyr/scripts/native_simulator/common/src/nce.c is included (source file)...
(DEBUG)   No filter matched.
(DEBUG) --> File is excluded.
(DEBUG) Check if /home/felipe/zephyrproject/zephyr-course/twister-out/nsi_safe_call.h##b46d4efd73b6db3d790cd564e158af7d.gcov is included (trace)...
(DEBUG)   No filter matched.
(DEBUG) --> File is excluded.
(DEBUG) Finding source file corresponding to a gcov data file
  gcov_fname   /home/felipe/zephyrproject/zephyr-course/twister-out/nsi_safe_call.h##b46d4efd73b6db3d790cd564e158af7d.gcov
  current_dir  /home/felipe/zephyrproject/zephyr-course/twister-out
  root         /home/felipe/zephyrproject/zephyr-course/app/modules/ring_buf
  starting_dir /home/felipe/zephyrproject/zephyr-course
  obj_dir      /home/felipe/zephyrproject/zephyr-course/twister-out
  gcda_fname   native_sim_native/host_gnu/zephyr-course/tests/ring_buf/homework.unit.ring_buf/zephyr/NSI/common/src/nce.gcda
  --> fname    /home/felipe/zephyrproject/zephyr/scripts/native_simulator/common/src/nsi_safe_call.h
(DEBUG) Check if /home/felipe/zephyrproject/zephyr/scripts/native_simulator/common/src/nsi_safe_call.h is included (source file)...
(DEBUG)   No filter matched.
(DEBUG) --> File is excluded.
(DEBUG) Check if /home/felipe/zephyrproject/zephyr-course/twister-out/native_sim_native/host_gnu/zephyr-course/tests/ring_buf/homework.unit.ring_buf/zephyr/NSI/common/src/nct.gcda is included (trace)...
(DEBUG)   No filter matched.
(DEBUG) --> File is excluded.
(DEBUG) Check if /home/felipe/zephyrproject/zephyr-course/twister-out/native_sim_native/host_gnu/zephyr-course/tests/ring_buf/homework.unit.ring_buf/zephyr/NSI/common/src/nct.gcda is included (trace)...
(DEBUG) --> File is excluded.
(DEBUG) Check if nct.c##58d6fa6cbbd690972805fd7b2f63d737.gcov is included (gcov file)...
(DEBUG)   Filter AlwaysMatchFilter() matched.
(DEBUG) --> File is included.
(DEBUG) Check if nsi_safe_call.h##b46d4efd73b6db3d790cd564e158af7d.gcov is included (gcov file)...
(DEBUG) --> File is included.
(DEBUG) Check if /home/felipe/zephyrproject/zephyr-course/twister-out/nct.c##58d6fa6cbbd690972805fd7b2f63d737.gcov is included (trace)...
(DEBUG)   No filter matched.
(DEBUG) --> File is excluded.
(DEBUG) Finding source file corresponding to a gcov data file
  gcov_fname   /home/felipe/zephyrproject/zephyr-course/twister-out/nct.c##58d6fa6cbbd690972805fd7b2f63d737.gcov
  current_dir  /home/felipe/zephyrproject/zephyr-course/twister-out
  root         /home/felipe/zephyrproject/zephyr-course/app/modules/ring_buf
  starting_dir /home/felipe/zephyrproject/zephyr-course
  obj_dir      /home/felipe/zephyrproject/zephyr-course/twister-out
  gcda_fname   native_sim_native/host_gnu/zephyr-course/tests/ring_buf/homework.unit.ring_buf/zephyr/NSI/common/src/nct.gcda
  --> fname    /home/felipe/zephyrproject/zephyr/scripts/native_simulator/common/src/nct.c
(DEBUG) Check if /home/felipe/zephyrproject/zephyr/scripts/native_simulator/common/src/nct.c is included (source file)...
(DEBUG)   No filter matched.
(DEBUG) --> File is excluded.
(DEBUG) Check if /home/felipe/zephyrproject/zephyr-course/twister-out/nsi_safe_call.h##b46d4efd73b6db3d790cd564e158af7d.gcov is included (trace)...
(DEBUG) --> File is excluded.
(DEBUG) Finding source file corresponding to a gcov data file
  gcov_fname   /home/felipe/zephyrproject/zephyr-course/twister-out/nsi_safe_call.h##b46d4efd73b6db3d790cd564e158af7d.gcov
  current_dir  /home/felipe/zephyrproject/zephyr-course/twister-out
  root         /home/felipe/zephyrproject/zephyr-course/app/modules/ring_buf
  starting_dir /home/felipe/zephyrproject/zephyr-course
  obj_dir      /home/felipe/zephyrproject/zephyr-course/twister-out
  gcda_fname   native_sim_native/host_gnu/zephyr-course/tests/ring_buf/homework.unit.ring_buf/zephyr/NSI/common/src/nct.gcda
  --> fname    /home/felipe/zephyrproject/zephyr/scripts/native_simulator/common/src/nsi_safe_call.h
(DEBUG) Check if /home/felipe/zephyrproject/zephyr/scripts/native_simulator/common/src/nsi_safe_call.h is included (source file)...
(DEBUG) --> File is excluded.
(DEBUG) Check if /home/felipe/zephyrproject/zephyr-course/twister-out/native_sim_native/host_gnu/zephyr-course/tests/ring_buf/homework.unit.ring_buf/zephyr/NSI/common/src/nsi_cpu_ctrl.gcda is included (trace)...
(DEBUG)   No filter matched.
(DEBUG) --> File is excluded.
(DEBUG) Check if /home/felipe/zephyrproject/zephyr-course/twister-out/native_sim_native/host_gnu/zephyr-course/tests/ring_buf/homework.unit.ring_buf/zephyr/NSI/common/src/nsi_cpu_ctrl.gcda is included (trace)...
(DEBUG) --> File is excluded.
(DEBUG) Check if nsi_cpu_ctrl.c##706243d65ed8b8fd24c5f3b2c2001996.gcov is included (gcov file)...
(DEBUG)   Filter AlwaysMatchFilter() matched.
(DEBUG) --> File is included.
(DEBUG) Check if /home/felipe/zephyrproject/zephyr-course/twister-out/nsi_cpu_ctrl.c##706243d65ed8b8fd24c5f3b2c2001996.gcov is included (trace)...
(DEBUG)   No filter matched.
(DEBUG) --> File is excluded.
(DEBUG) Finding source file corresponding to a gcov data file
  gcov_fname   /home/felipe/zephyrproject/zephyr-course/twister-out/nsi_cpu_ctrl.c##706243d65ed8b8fd24c5f3b2c2001996.gcov
  current_dir  /home/felipe/zephyrproject/zephyr-course/twister-out
  root         /home/felipe/zephyrproject/zephyr-course/app/modules/ring_buf
  starting_dir /home/felipe/zephyrproject/zephyr-course
  obj_dir      /home/felipe/zephyrproject/zephyr-course/twister-out
  gcda_fname   native_sim_native/host_gnu/zephyr-course/tests/ring_buf/homework.unit.ring_buf/zephyr/NSI/common/src/nsi_cpu_ctrl.gcda
  --> fname    /home/felipe/zephyrproject/zephyr/scripts/native_simulator/common/src/nsi_cpu_ctrl.c
(DEBUG) Check if /home/felipe/zephyrproject/zephyr/scripts/native_simulator/common/src/nsi_cpu_ctrl.c is included (source file)...
(DEBUG)   No filter matched.
(DEBUG) --> File is excluded.
(DEBUG) Check if /home/felipe/zephyrproject/zephyr-course/twister-out/native_sim_native/host_gnu/zephyr-course/tests/ring_buf/homework.unit.ring_buf/zephyr/NSI/common/src/nsi_cpun_if.gcda is included (trace)...
(DEBUG)   No filter matched.
(DEBUG) --> File is excluded.
(DEBUG) Check if /home/felipe/zephyrproject/zephyr-course/twister-out/native_sim_native/host_gnu/zephyr-course/tests/ring_buf/homework.unit.ring_buf/zephyr/NSI/common/src/nsi_cpun_if.gcda is included (trace)...
(DEBUG) --> File is excluded.
(DEBUG) Check if nsi_cpun_if.c##36a88d39817cba66395fa5acb8bbfe49.gcov is included (gcov file)...
(DEBUG)   Filter AlwaysMatchFilter() matched.
(DEBUG) --> File is included.
(DEBUG) Check if /home/felipe/zephyrproject/zephyr-course/twister-out/nsi_cpun_if.c##36a88d39817cba66395fa5acb8bbfe49.gcov is included (trace)...
(DEBUG)   No filter matched.
(DEBUG) --> File is excluded.
(DEBUG) Finding source file corresponding to a gcov data file
  gcov_fname   /home/felipe/zephyrproject/zephyr-course/twister-out/nsi_cpun_if.c##36a88d39817cba66395fa5acb8bbfe49.gcov
  current_dir  /home/felipe/zephyrproject/zephyr-course/twister-out
  root         /home/felipe/zephyrproject/zephyr-course/app/modules/ring_buf
  starting_dir /home/felipe/zephyrproject/zephyr-course
  obj_dir      /home/felipe/zephyrproject/zephyr-course/twister-out
  gcda_fname   native_sim_native/host_gnu/zephyr-course/tests/ring_buf/homework.unit.ring_buf/zephyr/NSI/common/src/nsi_cpun_if.gcda
  --> fname    /home/felipe/zephyrproject/zephyr/scripts/native_simulator/common/src/nsi_cpun_if.c
(DEBUG) Check if /home/felipe/zephyrproject/zephyr/scripts/native_simulator/common/src/nsi_cpun_if.c is included (source file)...
(DEBUG)   No filter matched.
(DEBUG) --> File is excluded.
(DEBUG) Check if /home/felipe/zephyrproject/zephyr-course/twister-out/native_sim_native/host_gnu/zephyr-course/tests/ring_buf/homework.unit.ring_buf/zephyr/NSI/common/src/nsi_errno.gcda is included (trace)...
(DEBUG)   No filter matched.
(DEBUG) --> File is excluded.
(DEBUG) Check if /home/felipe/zephyrproject/zephyr-course/twister-out/native_sim_native/host_gnu/zephyr-course/tests/ring_buf/homework.unit.ring_buf/zephyr/NSI/common/src/nsi_errno.gcda is included (trace)...
(DEBUG) --> File is excluded.
(DEBUG) Check if nsi_errno.c##1f1691192f8ef5cf969f3118c31626dd.gcov is included (gcov file)...
(DEBUG)   Filter AlwaysMatchFilter() matched.
(DEBUG) --> File is included.
(DEBUG) Check if /home/felipe/zephyrproject/zephyr-course/twister-out/nsi_errno.c##1f1691192f8ef5cf969f3118c31626dd.gcov is included (trace)...
(DEBUG)   No filter matched.
(DEBUG) --> File is excluded.
(DEBUG) Finding source file corresponding to a gcov data file
  gcov_fname   /home/felipe/zephyrproject/zephyr-course/twister-out/nsi_errno.c##1f1691192f8ef5cf969f3118c31626dd.gcov
  current_dir  /home/felipe/zephyrproject/zephyr-course/twister-out
  root         /home/felipe/zephyrproject/zephyr-course/app/modules/ring_buf
  starting_dir /home/felipe/zephyrproject/zephyr-course
  obj_dir      /home/felipe/zephyrproject/zephyr-course/twister-out
  gcda_fname   native_sim_native/host_gnu/zephyr-course/tests/ring_buf/homework.unit.ring_buf/zephyr/NSI/common/src/nsi_errno.gcda
  --> fname    /home/felipe/zephyrproject/zephyr/scripts/native_simulator/common/src/nsi_errno.c
(DEBUG) Check if /home/felipe/zephyrproject/zephyr/scripts/native_simulator/common/src/nsi_errno.c is included (source file)...
(DEBUG)   No filter matched.
(DEBUG) --> File is excluded.
(DEBUG) Check if /home/felipe/zephyrproject/zephyr-course/twister-out/native_sim_native/host_gnu/zephyr-course/tests/ring_buf/homework.unit.ring_buf/zephyr/NSI/common/src/nsi_host_trampolines.gcda is included (trace)...
(DEBUG)   No filter matched.
(DEBUG) --> File is excluded.
(DEBUG) Check if /home/felipe/zephyrproject/zephyr-course/twister-out/native_sim_native/host_gnu/zephyr-course/tests/ring_buf/homework.unit.ring_buf/zephyr/NSI/common/src/nsi_host_trampolines.gcda is included (trace)...
(DEBUG) --> File is excluded.
(DEBUG) Check if nsi_host_trampolines.c##31f599abe37897ae06b2bdeba38c2648.gcov is included (gcov file)...
(DEBUG)   Filter AlwaysMatchFilter() matched.
(DEBUG) --> File is included.
(DEBUG) Check if /home/felipe/zephyrproject/zephyr-course/twister-out/nsi_host_trampolines.c##31f599abe37897ae06b2bdeba38c2648.gcov is included (trace)...
(DEBUG)   No filter matched.
(DEBUG) --> File is excluded.
(DEBUG) Finding source file corresponding to a gcov data file
  gcov_fname   /home/felipe/zephyrproject/zephyr-course/twister-out/nsi_host_trampolines.c##31f599abe37897ae06b2bdeba38c2648.gcov
  current_dir  /home/felipe/zephyrproject/zephyr-course/twister-out
  root         /home/felipe/zephyrproject/zephyr-course/app/modules/ring_buf
  starting_dir /home/felipe/zephyrproject/zephyr-course
  obj_dir      /home/felipe/zephyrproject/zephyr-course/twister-out
  gcda_fname   native_sim_native/host_gnu/zephyr-course/tests/ring_buf/homework.unit.ring_buf/zephyr/NSI/common/src/nsi_host_trampolines.gcda
  --> fname    /home/felipe/zephyrproject/zephyr/scripts/native_simulator/common/src/nsi_host_trampolines.c
(DEBUG) Check if /home/felipe/zephyrproject/zephyr/scripts/native_simulator/common/src/nsi_host_trampolines.c is included (source file)...
(DEBUG)   No filter matched.
(DEBUG) --> File is excluded.
(DEBUG) Check if /home/felipe/zephyrproject/zephyr-course/twister-out/native_sim_native/host_gnu/zephyr-course/tests/ring_buf/homework.unit.ring_buf/zephyr/NSI/common/src/nsi_hw_scheduler.gcda is included (trace)...
(DEBUG)   No filter matched.
(DEBUG) --> File is excluded.
(DEBUG) Check if /home/felipe/zephyrproject/zephyr-course/twister-out/native_sim_native/host_gnu/zephyr-course/tests/ring_buf/homework.unit.ring_buf/zephyr/NSI/common/src/nsi_hw_scheduler.gcda is included (trace)...
(DEBUG) --> File is excluded.
(DEBUG) Check if nsi_hw_scheduler.c##d8e42b10deddfc52a9b155fd9ac5ac34.gcov is included (gcov file)...
(DEBUG)   Filter AlwaysMatchFilter() matched.
(DEBUG) --> File is included.
(DEBUG) Check if nsi_safe_call.h##b46d4efd73b6db3d790cd564e158af7d.gcov is included (gcov file)...
(DEBUG) --> File is included.
(DEBUG) Check if /home/felipe/zephyrproject/zephyr-course/twister-out/nsi_hw_scheduler.c##d8e42b10deddfc52a9b155fd9ac5ac34.gcov is included (trace)...
(DEBUG)   No filter matched.
(DEBUG) --> File is excluded.
(DEBUG) Finding source file corresponding to a gcov data file
  gcov_fname   /home/felipe/zephyrproject/zephyr-course/twister-out/nsi_hw_scheduler.c##d8e42b10deddfc52a9b155fd9ac5ac34.gcov
  current_dir  /home/felipe/zephyrproject/zephyr-course/twister-out
  root         /home/felipe/zephyrproject/zephyr-course/app/modules/ring_buf
  starting_dir /home/felipe/zephyrproject/zephyr-course
  obj_dir      /home/felipe/zephyrproject/zephyr-course/twister-out
  gcda_fname   native_sim_native/host_gnu/zephyr-course/tests/ring_buf/homework.unit.ring_buf/zephyr/NSI/common/src/nsi_hw_scheduler.gcda
  --> fname    /home/felipe/zephyrproject/zephyr/scripts/native_simulator/common/src/nsi_hw_scheduler.c
(DEBUG) Check if /home/felipe/zephyrproject/zephyr/scripts/native_simulator/common/src/nsi_hw_scheduler.c is included (source file)...
(DEBUG)   No filter matched.
(DEBUG) --> File is excluded.
(DEBUG) Check if /home/felipe/zephyrproject/zephyr-course/twister-out/nsi_safe_call.h##b46d4efd73b6db3d790cd564e158af7d.gcov is included (trace)...
(DEBUG) --> File is excluded.
(DEBUG) Finding source file corresponding to a gcov data file
  gcov_fname   /home/felipe/zephyrproject/zephyr-course/twister-out/nsi_safe_call.h##b46d4efd73b6db3d790cd564e158af7d.gcov
  current_dir  /home/felipe/zephyrproject/zephyr-course/twister-out
  root         /home/felipe/zephyrproject/zephyr-course/app/modules/ring_buf
  starting_dir /home/felipe/zephyrproject/zephyr-course
  obj_dir      /home/felipe/zephyrproject/zephyr-course/twister-out
  gcda_fname   native_sim_native/host_gnu/zephyr-course/tests/ring_buf/homework.unit.ring_buf/zephyr/NSI/common/src/nsi_hw_scheduler.gcda
  --> fname    /home/felipe/zephyrproject/zephyr/scripts/native_simulator/common/src/nsi_safe_call.h
(DEBUG) Check if /home/felipe/zephyrproject/zephyr/scripts/native_simulator/common/src/nsi_safe_call.h is included (source file)...
(DEBUG) --> File is excluded.
(DEBUG) Check if /home/felipe/zephyrproject/zephyr-course/twister-out/native_sim_native/host_gnu/zephyr-course/tests/ring_buf/homework.unit.ring_buf/zephyr/NSI/common/src/nsi_tasks.gcda is included (trace)...
(DEBUG)   No filter matched.
(DEBUG) --> File is excluded.
(DEBUG) Check if /home/felipe/zephyrproject/zephyr-course/twister-out/native_sim_native/host_gnu/zephyr-course/tests/ring_buf/homework.unit.ring_buf/zephyr/NSI/common/src/nsi_tasks.gcda is included (trace)...
(DEBUG) --> File is excluded.
(DEBUG) Check if nsi_tasks.c##04015dbbb05a4d4defb88ecc1b4e304c.gcov is included (gcov file)...
(DEBUG)   Filter AlwaysMatchFilter() matched.
(DEBUG) --> File is included.
(DEBUG) Check if /home/felipe/zephyrproject/zephyr-course/twister-out/nsi_tasks.c##04015dbbb05a4d4defb88ecc1b4e304c.gcov is included (trace)...
(DEBUG)   No filter matched.
(DEBUG) --> File is excluded.
(DEBUG) Finding source file corresponding to a gcov data file
  gcov_fname   /home/felipe/zephyrproject/zephyr-course/twister-out/nsi_tasks.c##04015dbbb05a4d4defb88ecc1b4e304c.gcov
  current_dir  /home/felipe/zephyrproject/zephyr-course/twister-out
  root         /home/felipe/zephyrproject/zephyr-course/app/modules/ring_buf
  starting_dir /home/felipe/zephyrproject/zephyr-course
  obj_dir      /home/felipe/zephyrproject/zephyr-course/twister-out
  gcda_fname   native_sim_native/host_gnu/zephyr-course/tests/ring_buf/homework.unit.ring_buf/zephyr/NSI/common/src/nsi_tasks.gcda
  --> fname    /home/felipe/zephyrproject/zephyr/scripts/native_simulator/common/src/nsi_tasks.c
(DEBUG) Check if /home/felipe/zephyrproject/zephyr/scripts/native_simulator/common/src/nsi_tasks.c is included (source file)...
(DEBUG)   No filter matched.
(DEBUG) --> File is excluded.
(DEBUG) Check if /home/felipe/zephyrproject/zephyr-course/twister-out/native_sim_native/host_gnu/zephyr-course/tests/ring_buf/homework.unit.ring_buf/zephyr/NSI/common/src/nsi_trace_varg.gcda is included (trace)...
(DEBUG)   No filter matched.
(DEBUG) --> File is excluded.
(DEBUG) Check if /home/felipe/zephyrproject/zephyr-course/twister-out/native_sim_native/host_gnu/zephyr-course/tests/ring_buf/homework.unit.ring_buf/zephyr/NSI/common/src/nsi_trace_varg.gcda is included (trace)...
(DEBUG) --> File is excluded.
(DEBUG) Check if nsi_trace_varg.c##e36dcb6c5265958360e6422c8e327bde.gcov is included (gcov file)...
(DEBUG)   Filter AlwaysMatchFilter() matched.
(DEBUG) --> File is included.
(DEBUG) Check if /home/felipe/zephyrproject/zephyr-course/twister-out/nsi_trace_varg.c##e36dcb6c5265958360e6422c8e327bde.gcov is included (trace)...
(DEBUG)   No filter matched.
(DEBUG) --> File is excluded.
(DEBUG) Finding source file corresponding to a gcov data file
  gcov_fname   /home/felipe/zephyrproject/zephyr-course/twister-out/nsi_trace_varg.c##e36dcb6c5265958360e6422c8e327bde.gcov
  current_dir  /home/felipe/zephyrproject/zephyr-course/twister-out
  root         /home/felipe/zephyrproject/zephyr-course/app/modules/ring_buf
  starting_dir /home/felipe/zephyrproject/zephyr-course
  obj_dir      /home/felipe/zephyrproject/zephyr-course/twister-out
  gcda_fname   native_sim_native/host_gnu/zephyr-course/tests/ring_buf/homework.unit.ring_buf/zephyr/NSI/common/src/nsi_trace_varg.gcda
  --> fname    /home/felipe/zephyrproject/zephyr/scripts/native_simulator/common/src/nsi_trace_varg.c
(DEBUG) Check if /home/felipe/zephyrproject/zephyr/scripts/native_simulator/common/src/nsi_trace_varg.c is included (source file)...
(DEBUG)   No filter matched.
(DEBUG) --> File is excluded.
(DEBUG) Check if /home/felipe/zephyrproject/zephyr-course/twister-out/native_sim_native/host_gnu/zephyr-course/tests/ring_buf/homework.unit.ring_buf/zephyr/NSI/common/src/nsi_weak_stubs.gcda is included (trace)...
(DEBUG)   No filter matched.
(DEBUG) --> File is excluded.
(DEBUG) Check if /home/felipe/zephyrproject/zephyr-course/twister-out/native_sim_native/host_gnu/zephyr-course/tests/ring_buf/homework.unit.ring_buf/zephyr/NSI/common/src/nsi_weak_stubs.gcda is included (trace)...
(DEBUG) --> File is excluded.
(DEBUG) Check if nsi_weak_stubs.c##65afe5de57c304ab4a3cb40d360fe03e.gcov is included (gcov file)...
(DEBUG)   Filter AlwaysMatchFilter() matched.
(DEBUG) --> File is included.
(DEBUG) Check if /home/felipe/zephyrproject/zephyr-course/twister-out/nsi_weak_stubs.c##65afe5de57c304ab4a3cb40d360fe03e.gcov is included (trace)...
(DEBUG)   No filter matched.
(DEBUG) --> File is excluded.
(DEBUG) Finding source file corresponding to a gcov data file
  gcov_fname   /home/felipe/zephyrproject/zephyr-course/twister-out/nsi_weak_stubs.c##65afe5de57c304ab4a3cb40d360fe03e.gcov
  current_dir  /home/felipe/zephyrproject/zephyr-course/twister-out
  root         /home/felipe/zephyrproject/zephyr-course/app/modules/ring_buf
  starting_dir /home/felipe/zephyrproject/zephyr-course
  obj_dir      /home/felipe/zephyrproject/zephyr-course/twister-out
  gcda_fname   native_sim_native/host_gnu/zephyr-course/tests/ring_buf/homework.unit.ring_buf/zephyr/NSI/common/src/nsi_weak_stubs.gcda
  --> fname    /home/felipe/zephyrproject/zephyr/scripts/native_simulator/common/src/nsi_weak_stubs.c
(DEBUG) Check if /home/felipe/zephyrproject/zephyr/scripts/native_simulator/common/src/nsi_weak_stubs.c is included (source file)...
(DEBUG)   No filter matched.
(DEBUG) --> File is excluded.
(DEBUG) Check if /home/felipe/zephyrproject/zephyr-course/twister-out/native_sim_native/host_gnu/zephyr-course/tests/ring_buf/homework.unit.ring_buf/zephyr/NSI/native/src/hw_counter.gcda is included (trace)...
(DEBUG)   No filter matched.
(DEBUG) --> File is excluded.
(DEBUG) Check if /home/felipe/zephyrproject/zephyr-course/twister-out/native_sim_native/host_gnu/zephyr-course/tests/ring_buf/homework.unit.ring_buf/zephyr/NSI/native/src/hw_counter.gcda is included (trace)...
(DEBUG) --> File is excluded.
(DEBUG) Check if hw_counter.c##2570cb262415188ade583db98f59e10e.gcov is included (gcov file)...
(DEBUG)   Filter AlwaysMatchFilter() matched.
(DEBUG) --> File is included.
(DEBUG) Check if nsi_hw_scheduler.h##18b49d179f44403c85d4a20fc3dc71ce.gcov is included (gcov file)...
(DEBUG) --> File is included.
(DEBUG) Check if /home/felipe/zephyrproject/zephyr-course/twister-out/hw_counter.c##2570cb262415188ade583db98f59e10e.gcov is included (trace)...
(DEBUG)   No filter matched.
(DEBUG) --> File is excluded.
(DEBUG) Finding source file corresponding to a gcov data file
  gcov_fname   /home/felipe/zephyrproject/zephyr-course/twister-out/hw_counter.c##2570cb262415188ade583db98f59e10e.gcov
  current_dir  /home/felipe/zephyrproject/zephyr-course/twister-out
  root         /home/felipe/zephyrproject/zephyr-course/app/modules/ring_buf
  starting_dir /home/felipe/zephyrproject/zephyr-course
  obj_dir      /home/felipe/zephyrproject/zephyr-course/twister-out
  gcda_fname   native_sim_native/host_gnu/zephyr-course/tests/ring_buf/homework.unit.ring_buf/zephyr/NSI/native/src/hw_counter.gcda
  --> fname    /home/felipe/zephyrproject/zephyr/scripts/native_simulator/native/src/hw_counter.c
(DEBUG) Check if /home/felipe/zephyrproject/zephyr/scripts/native_simulator/native/src/hw_counter.c is included (source file)...
(DEBUG)   No filter matched.
(DEBUG) --> File is excluded.
(DEBUG) Check if /home/felipe/zephyrproject/zephyr-course/twister-out/nsi_hw_scheduler.h##18b49d179f44403c85d4a20fc3dc71ce.gcov is included (trace)...
(DEBUG) --> File is excluded.
(DEBUG) Finding source file corresponding to a gcov data file
  gcov_fname   /home/felipe/zephyrproject/zephyr-course/twister-out/nsi_hw_scheduler.h##18b49d179f44403c85d4a20fc3dc71ce.gcov
  current_dir  /home/felipe/zephyrproject/zephyr-course/twister-out
  root         /home/felipe/zephyrproject/zephyr-course/app/modules/ring_buf
  starting_dir /home/felipe/zephyrproject/zephyr-course
  obj_dir      /home/felipe/zephyrproject/zephyr-course/twister-out
  gcda_fname   native_sim_native/host_gnu/zephyr-course/tests/ring_buf/homework.unit.ring_buf/zephyr/NSI/native/src/hw_counter.gcda
  --> fname    /home/felipe/zephyrproject/zephyr/scripts/native_simulator/common/src/include/nsi_hw_scheduler.h
(DEBUG) Check if /home/felipe/zephyrproject/zephyr/scripts/native_simulator/common/src/include/nsi_hw_scheduler.h is included (source file)...
(DEBUG) --> File is excluded.
(DEBUG) Check if /home/felipe/zephyrproject/zephyr-course/twister-out/native_sim_native/host_gnu/zephyr-course/tests/ring_buf/homework.unit.ring_buf/zephyr/NSI/native/src/irq_ctrl.gcda is included (trace)...
(DEBUG)   No filter matched.
(DEBUG) --> File is excluded.
(DEBUG) Check if /home/felipe/zephyrproject/zephyr-course/twister-out/native_sim_native/host_gnu/zephyr-course/tests/ring_buf/homework.unit.ring_buf/zephyr/NSI/native/src/irq_ctrl.gcda is included (trace)...
(DEBUG) --> File is excluded.
(DEBUG) Check if irq_ctrl.c##f4b83fc2729d88a3bb16317b3cbb889f.gcov is included (gcov file)...
(DEBUG)   Filter AlwaysMatchFilter() matched.
(DEBUG) --> File is included.
(DEBUG) Check if nsi_internal.h##8526c6706074018ca44f2727e987587a.gcov is included (gcov file)...
(DEBUG)   Filter AlwaysMatchFilter() matched.
(DEBUG) --> File is included.
(DEBUG) Check if nsi_hw_scheduler.h##18b49d179f44403c85d4a20fc3dc71ce.gcov is included (gcov file)...
(DEBUG) --> File is included.
(DEBUG) Check if /home/felipe/zephyrproject/zephyr-course/twister-out/nsi_internal.h##8526c6706074018ca44f2727e987587a.gcov is included (trace)...
(DEBUG)   No filter matched.
(DEBUG) --> File is excluded.
(DEBUG) Finding source file corresponding to a gcov data file
  gcov_fname   /home/felipe/zephyrproject/zephyr-course/twister-out/nsi_internal.h##8526c6706074018ca44f2727e987587a.gcov
  current_dir  /home/felipe/zephyrproject/zephyr-course/twister-out
  root         /home/felipe/zephyrproject/zephyr-course/app/modules/ring_buf
  starting_dir /home/felipe/zephyrproject/zephyr-course
  obj_dir      /home/felipe/zephyrproject/zephyr-course/twister-out
  gcda_fname   native_sim_native/host_gnu/zephyr-course/tests/ring_buf/homework.unit.ring_buf/zephyr/NSI/native/src/irq_ctrl.gcda
  --> fname    /home/felipe/zephyrproject/zephyr/scripts/native_simulator/common/src/nsi_internal.h
(DEBUG) Check if /home/felipe/zephyrproject/zephyr/scripts/native_simulator/common/src/nsi_internal.h is included (source file)...
(DEBUG)   No filter matched.
(DEBUG) --> File is excluded.
(DEBUG) Check if /home/felipe/zephyrproject/zephyr-course/twister-out/irq_ctrl.c##f4b83fc2729d88a3bb16317b3cbb889f.gcov is included (trace)...
(DEBUG)   No filter matched.
(DEBUG) --> File is excluded.
(DEBUG) Finding source file corresponding to a gcov data file
  gcov_fname   /home/felipe/zephyrproject/zephyr-course/twister-out/irq_ctrl.c##f4b83fc2729d88a3bb16317b3cbb889f.gcov
  current_dir  /home/felipe/zephyrproject/zephyr-course/twister-out
  root         /home/felipe/zephyrproject/zephyr-course/app/modules/ring_buf
  starting_dir /home/felipe/zephyrproject/zephyr-course
  obj_dir      /home/felipe/zephyrproject/zephyr-course/twister-out
  gcda_fname   native_sim_native/host_gnu/zephyr-course/tests/ring_buf/homework.unit.ring_buf/zephyr/NSI/native/src/irq_ctrl.gcda
  --> fname    /home/felipe/zephyrproject/zephyr/scripts/native_simulator/native/src/irq_ctrl.c
(DEBUG) Check if /home/felipe/zephyrproject/zephyr/scripts/native_simulator/native/src/irq_ctrl.c is included (source file)...
(DEBUG)   No filter matched.
(DEBUG) --> File is excluded.
(DEBUG) Check if /home/felipe/zephyrproject/zephyr-course/twister-out/nsi_hw_scheduler.h##18b49d179f44403c85d4a20fc3dc71ce.gcov is included (trace)...
(DEBUG) --> File is excluded.
(DEBUG) Finding source file corresponding to a gcov data file
  gcov_fname   /home/felipe/zephyrproject/zephyr-course/twister-out/nsi_hw_scheduler.h##18b49d179f44403c85d4a20fc3dc71ce.gcov
  current_dir  /home/felipe/zephyrproject/zephyr-course/twister-out
  root         /home/felipe/zephyrproject/zephyr-course/app/modules/ring_buf
  starting_dir /home/felipe/zephyrproject/zephyr-course
  obj_dir      /home/felipe/zephyrproject/zephyr-course/twister-out
  gcda_fname   native_sim_native/host_gnu/zephyr-course/tests/ring_buf/homework.unit.ring_buf/zephyr/NSI/native/src/irq_ctrl.gcda
  --> fname    /home/felipe/zephyrproject/zephyr/scripts/native_simulator/common/src/include/nsi_hw_scheduler.h
(DEBUG) Check if /home/felipe/zephyrproject/zephyr/scripts/native_simulator/common/src/include/nsi_hw_scheduler.h is included (source file)...
(DEBUG) --> File is excluded.
(DEBUG) Check if /home/felipe/zephyrproject/zephyr-course/twister-out/native_sim_native/host_gnu/zephyr-course/tests/ring_buf/homework.unit.ring_buf/zephyr/NSI/native/src/native_rtc.gcda is included (trace)...
(DEBUG)   No filter matched.
(DEBUG) --> File is excluded.
(DEBUG) Check if /home/felipe/zephyrproject/zephyr-course/twister-out/native_sim_native/host_gnu/zephyr-course/tests/ring_buf/homework.unit.ring_buf/zephyr/NSI/native/src/native_rtc.gcda is included (trace)...
(DEBUG) --> File is excluded.
(DEBUG) Check if native_rtc.c##e526a2fdaa1eca0f21bddcf75e863c3e.gcov is included (gcov file)...
(DEBUG)   Filter AlwaysMatchFilter() matched.
(DEBUG) --> File is included.
(DEBUG) Check if nsi_hw_scheduler.h##18b49d179f44403c85d4a20fc3dc71ce.gcov is included (gcov file)...
(DEBUG) --> File is included.
(DEBUG) Check if /home/felipe/zephyrproject/zephyr-course/twister-out/native_rtc.c##e526a2fdaa1eca0f21bddcf75e863c3e.gcov is included (trace)...
(DEBUG)   No filter matched.
(DEBUG) --> File is excluded.
(DEBUG) Finding source file corresponding to a gcov data file
  gcov_fname   /home/felipe/zephyrproject/zephyr-course/twister-out/native_rtc.c##e526a2fdaa1eca0f21bddcf75e863c3e.gcov
  current_dir  /home/felipe/zephyrproject/zephyr-course/twister-out
  root         /home/felipe/zephyrproject/zephyr-course/app/modules/ring_buf
  starting_dir /home/felipe/zephyrproject/zephyr-course
  obj_dir      /home/felipe/zephyrproject/zephyr-course/twister-out
  gcda_fname   native_sim_native/host_gnu/zephyr-course/tests/ring_buf/homework.unit.ring_buf/zephyr/NSI/native/src/native_rtc.gcda
  --> fname    /home/felipe/zephyrproject/zephyr/scripts/native_simulator/native/src/native_rtc.c
(DEBUG) Check if /home/felipe/zephyrproject/zephyr/scripts/native_simulator/native/src/native_rtc.c is included (source file)...
(DEBUG)   No filter matched.
(DEBUG) --> File is excluded.
(DEBUG) Check if /home/felipe/zephyrproject/zephyr-course/twister-out/nsi_hw_scheduler.h##18b49d179f44403c85d4a20fc3dc71ce.gcov is included (trace)...
(DEBUG) --> File is excluded.
(DEBUG) Finding source file corresponding to a gcov data file
  gcov_fname   /home/felipe/zephyrproject/zephyr-course/twister-out/nsi_hw_scheduler.h##18b49d179f44403c85d4a20fc3dc71ce.gcov
  current_dir  /home/felipe/zephyrproject/zephyr-course/twister-out
  root         /home/felipe/zephyrproject/zephyr-course/app/modules/ring_buf
  starting_dir /home/felipe/zephyrproject/zephyr-course
  obj_dir      /home/felipe/zephyrproject/zephyr-course/twister-out
  gcda_fname   native_sim_native/host_gnu/zephyr-course/tests/ring_buf/homework.unit.ring_buf/zephyr/NSI/native/src/native_rtc.gcda
  --> fname    /home/felipe/zephyrproject/zephyr/scripts/native_simulator/common/src/include/nsi_hw_scheduler.h
(DEBUG) Check if /home/felipe/zephyrproject/zephyr/scripts/native_simulator/common/src/include/nsi_hw_scheduler.h is included (source file)...
(DEBUG) --> File is excluded.
(DEBUG) Check if /home/felipe/zephyrproject/zephyr-course/twister-out/native_sim_native/host_gnu/zephyr-course/tests/ring_buf/homework.unit.ring_buf/zephyr/NSI/native/src/nsi_cmdline.gcda is included (trace)...
(DEBUG)   No filter matched.
(DEBUG) --> File is excluded.
(DEBUG) Check if /home/felipe/zephyrproject/zephyr-course/twister-out/native_sim_native/host_gnu/zephyr-course/tests/ring_buf/homework.unit.ring_buf/zephyr/NSI/native/src/nsi_cmdline.gcda is included (trace)...
(DEBUG) --> File is excluded.
(DEBUG) Check if nsi_cmdline.c##86e263ffa6281d538cdb7a2974110378.gcov is included (gcov file)...
(DEBUG)   Filter AlwaysMatchFilter() matched.
(DEBUG) --> File is included.
(DEBUG) Check if /home/felipe/zephyrproject/zephyr-course/twister-out/nsi_cmdline.c##86e263ffa6281d538cdb7a2974110378.gcov is included (trace)...
(DEBUG)   No filter matched.
(DEBUG) --> File is excluded.
(DEBUG) Finding source file corresponding to a gcov data file
  gcov_fname   /home/felipe/zephyrproject/zephyr-course/twister-out/nsi_cmdline.c##86e263ffa6281d538cdb7a2974110378.gcov
  current_dir  /home/felipe/zephyrproject/zephyr-course/twister-out
  root         /home/felipe/zephyrproject/zephyr-course/app/modules/ring_buf
  starting_dir /home/felipe/zephyrproject/zephyr-course
  obj_dir      /home/felipe/zephyrproject/zephyr-course/twister-out
  gcda_fname   native_sim_native/host_gnu/zephyr-course/tests/ring_buf/homework.unit.ring_buf/zephyr/NSI/native/src/nsi_cmdline.gcda
  --> fname    /home/felipe/zephyrproject/zephyr/scripts/native_simulator/native/src/nsi_cmdline.c
(DEBUG) Check if /home/felipe/zephyrproject/zephyr/scripts/native_simulator/native/src/nsi_cmdline.c is included (source file)...
(DEBUG)   No filter matched.
(DEBUG) --> File is excluded.
(DEBUG) Check if /home/felipe/zephyrproject/zephyr-course/twister-out/native_sim_native/host_gnu/zephyr-course/tests/ring_buf/homework.unit.ring_buf/zephyr/NSI/native/src/nsi_cmdline_common.gcda is included (trace)...
(DEBUG)   No filter matched.
(DEBUG) --> File is excluded.
(DEBUG) Check if /home/felipe/zephyrproject/zephyr-course/twister-out/native_sim_native/host_gnu/zephyr-course/tests/ring_buf/homework.unit.ring_buf/zephyr/NSI/native/src/nsi_cmdline_common.gcda is included (trace)...
(DEBUG) --> File is excluded.
(DEBUG) Check if nsi_cmdline_common.c##adeef9136ff261c003e313e8ddde4661.gcov is included (gcov file)...
(DEBUG)   Filter AlwaysMatchFilter() matched.
(DEBUG) --> File is included.
(DEBUG) Check if /home/felipe/zephyrproject/zephyr-course/twister-out/nsi_cmdline_common.c##adeef9136ff261c003e313e8ddde4661.gcov is included (trace)...
(DEBUG)   No filter matched.
(DEBUG) --> File is excluded.
(DEBUG) Finding source file corresponding to a gcov data file
  gcov_fname   /home/felipe/zephyrproject/zephyr-course/twister-out/nsi_cmdline_common.c##adeef9136ff261c003e313e8ddde4661.gcov
  current_dir  /home/felipe/zephyrproject/zephyr-course/twister-out
  root         /home/felipe/zephyrproject/zephyr-course/app/modules/ring_buf
  starting_dir /home/felipe/zephyrproject/zephyr-course
  obj_dir      /home/felipe/zephyrproject/zephyr-course/twister-out
  gcda_fname   native_sim_native/host_gnu/zephyr-course/tests/ring_buf/homework.unit.ring_buf/zephyr/NSI/native/src/nsi_cmdline_common.gcda
  --> fname    /home/felipe/zephyrproject/zephyr/scripts/native_simulator/native/src/nsi_cmdline_common.c
(DEBUG) Check if /home/felipe/zephyrproject/zephyr/scripts/native_simulator/native/src/nsi_cmdline_common.c is included (source file)...
(DEBUG)   No filter matched.
(DEBUG) --> File is excluded.
(DEBUG) Check if /home/felipe/zephyrproject/zephyr-course/twister-out/native_sim_native/host_gnu/zephyr-course/tests/ring_buf/homework.unit.ring_buf/zephyr/NSI/native/src/nsi_trace.gcda is included (trace)...
(DEBUG)   No filter matched.
(DEBUG) --> File is excluded.
(DEBUG) Check if /home/felipe/zephyrproject/zephyr-course/twister-out/native_sim_native/host_gnu/zephyr-course/tests/ring_buf/homework.unit.ring_buf/zephyr/NSI/native/src/nsi_trace.gcda is included (trace)...
(DEBUG) --> File is excluded.
(DEBUG) Check if nsi_trace.c##f9a46441d2647470879e83a8a6a6c39c.gcov is included (gcov file)...
(DEBUG)   Filter AlwaysMatchFilter() matched.
(DEBUG) --> File is included.
(DEBUG) Check if /home/felipe/zephyrproject/zephyr-course/twister-out/nsi_trace.c##f9a46441d2647470879e83a8a6a6c39c.gcov is included (trace)...
(DEBUG)   No filter matched.
(DEBUG) --> File is excluded.
(DEBUG) Finding source file corresponding to a gcov data file
  gcov_fname   /home/felipe/zephyrproject/zephyr-course/twister-out/nsi_trace.c##f9a46441d2647470879e83a8a6a6c39c.gcov
  current_dir  /home/felipe/zephyrproject/zephyr-course/twister-out
  root         /home/felipe/zephyrproject/zephyr-course/app/modules/ring_buf
  starting_dir /home/felipe/zephyrproject/zephyr-course
  obj_dir      /home/felipe/zephyrproject/zephyr-course/twister-out
  gcda_fname   native_sim_native/host_gnu/zephyr-course/tests/ring_buf/homework.unit.ring_buf/zephyr/NSI/native/src/nsi_trace.gcda
  --> fname    /home/felipe/zephyrproject/zephyr/scripts/native_simulator/native/src/nsi_trace.c
(DEBUG) Check if /home/felipe/zephyrproject/zephyr/scripts/native_simulator/native/src/nsi_trace.c is included (source file)...
(DEBUG)   No filter matched.
(DEBUG) --> File is excluded.
(DEBUG) Check if /home/felipe/zephyrproject/zephyr-course/twister-out/native_sim_native/host_gnu/zephyr-course/tests/ring_buf/homework.unit.ring_buf/zephyr/NSI/native/src/timer_model.gcda is included (trace)...
(DEBUG)   No filter matched.
(DEBUG) --> File is excluded.
(DEBUG) Check if /home/felipe/zephyrproject/zephyr-course/twister-out/native_sim_native/host_gnu/zephyr-course/tests/ring_buf/homework.unit.ring_buf/zephyr/NSI/native/src/timer_model.gcda is included (trace)...
(DEBUG) --> File is excluded.
(DEBUG) Check if timer_model.c##28fd6368fb49ba996d90b1706a01b914.gcov is included (gcov file)...
(DEBUG)   Filter AlwaysMatchFilter() matched.
(DEBUG) --> File is included.
(DEBUG) Check if nsi_hw_scheduler.h##18b49d179f44403c85d4a20fc3dc71ce.gcov is included (gcov file)...
(DEBUG) --> File is included.
(DEBUG) Check if /home/felipe/zephyrproject/zephyr-course/twister-out/nsi_hw_scheduler.h##18b49d179f44403c85d4a20fc3dc71ce.gcov is included (trace)...
(DEBUG) --> File is excluded.
(DEBUG) Finding source file corresponding to a gcov data file
  gcov_fname   /home/felipe/zephyrproject/zephyr-course/twister-out/nsi_hw_scheduler.h##18b49d179f44403c85d4a20fc3dc71ce.gcov
  current_dir  /home/felipe/zephyrproject/zephyr-course/twister-out
  root         /home/felipe/zephyrproject/zephyr-course/app/modules/ring_buf
  starting_dir /home/felipe/zephyrproject/zephyr-course
  obj_dir      /home/felipe/zephyrproject/zephyr-course/twister-out
  gcda_fname   native_sim_native/host_gnu/zephyr-course/tests/ring_buf/homework.unit.ring_buf/zephyr/NSI/native/src/timer_model.gcda
  --> fname    /home/felipe/zephyrproject/zephyr/scripts/native_simulator/common/src/include/nsi_hw_scheduler.h
(DEBUG) Check if /home/felipe/zephyrproject/zephyr/scripts/native_simulator/common/src/include/nsi_hw_scheduler.h is included (source file)...
(DEBUG) --> File is excluded.
(DEBUG) Check if /home/felipe/zephyrproject/zephyr-course/twister-out/timer_model.c##28fd6368fb49ba996d90b1706a01b914.gcov is included (trace)...
(DEBUG)   No filter matched.
(DEBUG) --> File is excluded.
(DEBUG) Finding source file corresponding to a gcov data file
  gcov_fname   /home/felipe/zephyrproject/zephyr-course/twister-out/timer_model.c##28fd6368fb49ba996d90b1706a01b914.gcov
  current_dir  /home/felipe/zephyrproject/zephyr-course/twister-out
  root         /home/felipe/zephyrproject/zephyr-course/app/modules/ring_buf
  starting_dir /home/felipe/zephyrproject/zephyr-course
  obj_dir      /home/felipe/zephyrproject/zephyr-course/twister-out
  gcda_fname   native_sim_native/host_gnu/zephyr-course/tests/ring_buf/homework.unit.ring_buf/zephyr/NSI/native/src/timer_model.gcda
  --> fname    /home/felipe/zephyrproject/zephyr/scripts/native_simulator/native/src/timer_model.c
(DEBUG) Check if /home/felipe/zephyrproject/zephyr/scripts/native_simulator/native/src/timer_model.c is included (source file)...
(DEBUG)   No filter matched.
(DEBUG) --> File is excluded.
(DEBUG) Check if /home/felipe/zephyrproject/zephyr-course/twister-out/native_sim_native/host_gnu/zephyr-course/tests/ring_buf/homework.unit.ring_buf/zephyr/arch/arch/posix/core/CMakeFiles/arch__posix__core.dir/cpuhalt.c.gcda is included (trace)...
(DEBUG)   No filter matched.
(DEBUG) --> File is excluded.
(DEBUG) Check if /home/felipe/zephyrproject/zephyr-course/twister-out/native_sim_native/host_gnu/zephyr-course/tests/ring_buf/homework.unit.ring_buf/zephyr/arch/arch/posix/core/CMakeFiles/arch__posix__core.dir/cpuhalt.c.gcda is included (trace)...
(DEBUG) --> File is excluded.
(DEBUG) Check if cpuhalt.c##a5ea6fccd43f3110d91134cd0c31bfd7.gcov is included (gcov file)...
(DEBUG)   Filter AlwaysMatchFilter() matched.
(DEBUG) --> File is included.
(DEBUG) Check if /home/felipe/zephyrproject/zephyr-course/twister-out/cpuhalt.c##a5ea6fccd43f3110d91134cd0c31bfd7.gcov is included (trace)...
(DEBUG)   No filter matched.
(DEBUG) --> File is excluded.
(DEBUG) Finding source file corresponding to a gcov data file
  gcov_fname   /home/felipe/zephyrproject/zephyr-course/twister-out/cpuhalt.c##a5ea6fccd43f3110d91134cd0c31bfd7.gcov
  current_dir  /home/felipe/zephyrproject/zephyr-course/twister-out
  root         /home/felipe/zephyrproject/zephyr-course/app/modules/ring_buf
  starting_dir /home/felipe/zephyrproject/zephyr-course
  obj_dir      /home/felipe/zephyrproject/zephyr-course/twister-out
  gcda_fname   native_sim_native/host_gnu/zephyr-course/tests/ring_buf/homework.unit.ring_buf/zephyr/arch/arch/posix/core/CMakeFiles/arch__posix__core.dir/cpuhalt.c.gcda
  --> fname    /home/felipe/zephyrproject/zephyr/arch/posix/core/cpuhalt.c
(DEBUG) Check if /home/felipe/zephyrproject/zephyr/arch/posix/core/cpuhalt.c is included (source file)...
(DEBUG)   No filter matched.
(DEBUG) --> File is excluded.
(DEBUG) Check if /home/felipe/zephyrproject/zephyr-course/twister-out/native_sim_native/host_gnu/zephyr-course/tests/ring_buf/homework.unit.ring_buf/zephyr/arch/arch/posix/core/CMakeFiles/arch__posix__core.dir/fatal.c.gcda is included (trace)...
(DEBUG)   No filter matched.
(DEBUG) --> File is excluded.
(DEBUG) Check if /home/felipe/zephyrproject/zephyr-course/twister-out/native_sim_native/host_gnu/zephyr-course/tests/ring_buf/homework.unit.ring_buf/zephyr/arch/arch/posix/core/CMakeFiles/arch__posix__core.dir/fatal.c.gcda is included (trace)...
(DEBUG) --> File is excluded.
(DEBUG) Check if fatal.c##e0b371d3259e47211698d5e48def37f5.gcov is included (gcov file)...
(DEBUG)   Filter AlwaysMatchFilter() matched.
(DEBUG) --> File is included.
(DEBUG) Check if /home/felipe/zephyrproject/zephyr-course/twister-out/fatal.c##e0b371d3259e47211698d5e48def37f5.gcov is included (trace)...
(DEBUG)   No filter matched.
(DEBUG) --> File is excluded.
(DEBUG) Finding source file corresponding to a gcov data file
  gcov_fname   /home/felipe/zephyrproject/zephyr-course/twister-out/fatal.c##e0b371d3259e47211698d5e48def37f5.gcov
  current_dir  /home/felipe/zephyrproject/zephyr-course/twister-out
  root         /home/felipe/zephyrproject/zephyr-course/app/modules/ring_buf
  starting_dir /home/felipe/zephyrproject/zephyr-course
  obj_dir      /home/felipe/zephyrproject/zephyr-course/twister-out
  gcda_fname   native_sim_native/host_gnu/zephyr-course/tests/ring_buf/homework.unit.ring_buf/zephyr/arch/arch/posix/core/CMakeFiles/arch__posix__core.dir/fatal.c.gcda
  --> fname    /home/felipe/zephyrproject/zephyr/arch/posix/core/fatal.c
(DEBUG) Check if /home/felipe/zephyrproject/zephyr/arch/posix/core/fatal.c is included (source file)...
(DEBUG)   No filter matched.
(DEBUG) --> File is excluded.
(DEBUG) Check if /home/felipe/zephyrproject/zephyr-course/twister-out/native_sim_native/host_gnu/zephyr-course/tests/ring_buf/homework.unit.ring_buf/zephyr/arch/arch/posix/core/CMakeFiles/arch__posix__core.dir/irq.c.gcda is included (trace)...
(DEBUG)   No filter matched.
(DEBUG) --> File is excluded.
(DEBUG) Check if /home/felipe/zephyrproject/zephyr-course/twister-out/native_sim_native/host_gnu/zephyr-course/tests/ring_buf/homework.unit.ring_buf/zephyr/arch/arch/posix/core/CMakeFiles/arch__posix__core.dir/irq.c.gcda is included (trace)...
(DEBUG) --> File is excluded.
(DEBUG) Check if irq.c##4c8a964306d294542612f7c6540a4f9b.gcov is included (gcov file)...
(DEBUG)   Filter AlwaysMatchFilter() matched.
(DEBUG) --> File is included.
(DEBUG) Check if /home/felipe/zephyrproject/zephyr-course/twister-out/irq.c##4c8a964306d294542612f7c6540a4f9b.gcov is included (trace)...
(DEBUG)   No filter matched.
(DEBUG) --> File is excluded.
(DEBUG) Finding source file corresponding to a gcov data file
  gcov_fname   /home/felipe/zephyrproject/zephyr-course/twister-out/irq.c##4c8a964306d294542612f7c6540a4f9b.gcov
  current_dir  /home/felipe/zephyrproject/zephyr-course/twister-out
  root         /home/felipe/zephyrproject/zephyr-course/app/modules/ring_buf
  starting_dir /home/felipe/zephyrproject/zephyr-course
  obj_dir      /home/felipe/zephyrproject/zephyr-course/twister-out
  gcda_fname   native_sim_native/host_gnu/zephyr-course/tests/ring_buf/homework.unit.ring_buf/zephyr/arch/arch/posix/core/CMakeFiles/arch__posix__core.dir/irq.c.gcda
  --> fname    /home/felipe/zephyrproject/zephyr/arch/posix/core/irq.c
(DEBUG) Check if /home/felipe/zephyrproject/zephyr/arch/posix/core/irq.c is included (source file)...
(DEBUG)   No filter matched.
(DEBUG) --> File is excluded.
(DEBUG) Check if /home/felipe/zephyrproject/zephyr-course/twister-out/native_sim_native/host_gnu/zephyr-course/tests/ring_buf/homework.unit.ring_buf/zephyr/arch/arch/posix/core/CMakeFiles/arch__posix__core.dir/posix_core_nsi.c.gcda is included (trace)...
(DEBUG)   No filter matched.
(DEBUG) --> File is excluded.
(DEBUG) Check if /home/felipe/zephyrproject/zephyr-course/twister-out/native_sim_native/host_gnu/zephyr-course/tests/ring_buf/homework.unit.ring_buf/zephyr/arch/arch/posix/core/CMakeFiles/arch__posix__core.dir/posix_core_nsi.c.gcda is included (trace)...
(DEBUG) --> File is excluded.
(DEBUG) Check if posix_core_nsi.c##bd5411feb219129997daa02e5d6e2439.gcov is included (gcov file)...
(DEBUG)   Filter AlwaysMatchFilter() matched.
(DEBUG) --> File is included.
(DEBUG) Check if /home/felipe/zephyrproject/zephyr-course/twister-out/posix_core_nsi.c##bd5411feb219129997daa02e5d6e2439.gcov is included (trace)...
(DEBUG)   No filter matched.
(DEBUG) --> File is excluded.
(DEBUG) Finding source file corresponding to a gcov data file
  gcov_fname   /home/felipe/zephyrproject/zephyr-course/twister-out/posix_core_nsi.c##bd5411feb219129997daa02e5d6e2439.gcov
  current_dir  /home/felipe/zephyrproject/zephyr-course/twister-out
  root         /home/felipe/zephyrproject/zephyr-course/app/modules/ring_buf
  starting_dir /home/felipe/zephyrproject/zephyr-course
  obj_dir      /home/felipe/zephyrproject/zephyr-course/twister-out
  gcda_fname   native_sim_native/host_gnu/zephyr-course/tests/ring_buf/homework.unit.ring_buf/zephyr/arch/arch/posix/core/CMakeFiles/arch__posix__core.dir/posix_core_nsi.c.gcda
  --> fname    /home/felipe/zephyrproject/zephyr/arch/posix/core/posix_core_nsi.c
(DEBUG) Check if /home/felipe/zephyrproject/zephyr/arch/posix/core/posix_core_nsi.c is included (source file)...
(DEBUG)   No filter matched.
(DEBUG) --> File is excluded.
(DEBUG) Check if /home/felipe/zephyrproject/zephyr-course/twister-out/native_sim_native/host_gnu/zephyr-course/tests/ring_buf/homework.unit.ring_buf/zephyr/arch/arch/posix/core/CMakeFiles/arch__posix__core.dir/swap.c.gcda is included (trace)...
(DEBUG)   No filter matched.
(DEBUG) --> File is excluded.
(DEBUG) Check if /home/felipe/zephyrproject/zephyr-course/twister-out/native_sim_native/host_gnu/zephyr-course/tests/ring_buf/homework.unit.ring_buf/zephyr/arch/arch/posix/core/CMakeFiles/arch__posix__core.dir/swap.c.gcda is included (trace)...
(DEBUG) --> File is excluded.
(DEBUG) Check if swap.c##8195e469d97020b79667ff0e0252a4d9.gcov is included (gcov file)...
(DEBUG)   Filter AlwaysMatchFilter() matched.
(DEBUG) --> File is included.
(DEBUG) Check if arch.h##f17e3501b457fcbd947bf4189b99bd89.gcov is included (gcov file)...
(DEBUG) --> File is included.
(DEBUG) Check if /home/felipe/zephyrproject/zephyr-course/twister-out/arch.h##f17e3501b457fcbd947bf4189b99bd89.gcov is included (trace)...
(DEBUG) --> File is excluded.
(DEBUG) Finding source file corresponding to a gcov data file
  gcov_fname   /home/felipe/zephyrproject/zephyr-course/twister-out/arch.h##f17e3501b457fcbd947bf4189b99bd89.gcov
  current_dir  /home/felipe/zephyrproject/zephyr-course/twister-out
  root         /home/felipe/zephyrproject/zephyr-course/app/modules/ring_buf
  starting_dir /home/felipe/zephyrproject/zephyr-course
  obj_dir      /home/felipe/zephyrproject/zephyr-course/twister-out
  gcda_fname   native_sim_native/host_gnu/zephyr-course/tests/ring_buf/homework.unit.ring_buf/zephyr/arch/arch/posix/core/CMakeFiles/arch__posix__core.dir/swap.c.gcda
  --> fname    /home/felipe/zephyrproject/zephyr/include/zephyr/arch/posix/arch.h
(DEBUG) Check if /home/felipe/zephyrproject/zephyr/include/zephyr/arch/posix/arch.h is included (source file)...
(DEBUG) --> File is excluded.
(DEBUG) Check if /home/felipe/zephyrproject/zephyr-course/twister-out/swap.c##8195e469d97020b79667ff0e0252a4d9.gcov is included (trace)...
(DEBUG)   No filter matched.
(DEBUG) --> File is excluded.
(DEBUG) Finding source file corresponding to a gcov data file
  gcov_fname   /home/felipe/zephyrproject/zephyr-course/twister-out/swap.c##8195e469d97020b79667ff0e0252a4d9.gcov
  current_dir  /home/felipe/zephyrproject/zephyr-course/twister-out
  root         /home/felipe/zephyrproject/zephyr-course/app/modules/ring_buf
  starting_dir /home/felipe/zephyrproject/zephyr-course
  obj_dir      /home/felipe/zephyrproject/zephyr-course/twister-out
  gcda_fname   native_sim_native/host_gnu/zephyr-course/tests/ring_buf/homework.unit.ring_buf/zephyr/arch/arch/posix/core/CMakeFiles/arch__posix__core.dir/swap.c.gcda
  --> fname    /home/felipe/zephyrproject/zephyr/arch/posix/core/swap.c
(DEBUG) Check if /home/felipe/zephyrproject/zephyr/arch/posix/core/swap.c is included (source file)...
(DEBUG)   No filter matched.
(DEBUG) --> File is excluded.
(DEBUG) Check if /home/felipe/zephyrproject/zephyr-course/twister-out/native_sim_native/host_gnu/zephyr-course/tests/ring_buf/homework.unit.ring_buf/zephyr/arch/arch/posix/core/CMakeFiles/arch__posix__core.dir/thread.c.gcda is included (trace)...
(DEBUG)   No filter matched.
(DEBUG) --> File is excluded.
(DEBUG) Check if /home/felipe/zephyrproject/zephyr-course/twister-out/native_sim_native/host_gnu/zephyr-course/tests/ring_buf/homework.unit.ring_buf/zephyr/arch/arch/posix/core/CMakeFiles/arch__posix__core.dir/thread.c.gcda is included (trace)...
(DEBUG) --> File is excluded.
(DEBUG) Check if thread.c##e581cba0878b759bdb2072ffb665d295.gcov is included (gcov file)...
(DEBUG)   Filter AlwaysMatchFilter() matched.
(DEBUG) --> File is included.
(DEBUG) Check if arch.h##f17e3501b457fcbd947bf4189b99bd89.gcov is included (gcov file)...
(DEBUG) --> File is included.
(DEBUG) Check if /home/felipe/zephyrproject/zephyr-course/twister-out/arch.h##f17e3501b457fcbd947bf4189b99bd89.gcov is included (trace)...
(DEBUG) --> File is excluded.
(DEBUG) Finding source file corresponding to a gcov data file
  gcov_fname   /home/felipe/zephyrproject/zephyr-course/twister-out/arch.h##f17e3501b457fcbd947bf4189b99bd89.gcov
  current_dir  /home/felipe/zephyrproject/zephyr-course/twister-out
  root         /home/felipe/zephyrproject/zephyr-course/app/modules/ring_buf
  starting_dir /home/felipe/zephyrproject/zephyr-course
  obj_dir      /home/felipe/zephyrproject/zephyr-course/twister-out
  gcda_fname   native_sim_native/host_gnu/zephyr-course/tests/ring_buf/homework.unit.ring_buf/zephyr/arch/arch/posix/core/CMakeFiles/arch__posix__core.dir/thread.c.gcda
  --> fname    /home/felipe/zephyrproject/zephyr/include/zephyr/arch/posix/arch.h
(DEBUG) Check if /home/felipe/zephyrproject/zephyr/include/zephyr/arch/posix/arch.h is included (source file)...
(DEBUG) --> File is excluded.
(DEBUG) Check if /home/felipe/zephyrproject/zephyr-course/twister-out/thread.c##e581cba0878b759bdb2072ffb665d295.gcov is included (trace)...
(DEBUG)   No filter matched.
(DEBUG) --> File is excluded.
(DEBUG) Finding source file corresponding to a gcov data file
  gcov_fname   /home/felipe/zephyrproject/zephyr-course/twister-out/thread.c##e581cba0878b759bdb2072ffb665d295.gcov
  current_dir  /home/felipe/zephyrproject/zephyr-course/twister-out
  root         /home/felipe/zephyrproject/zephyr-course/app/modules/ring_buf
  starting_dir /home/felipe/zephyrproject/zephyr-course
  obj_dir      /home/felipe/zephyrproject/zephyr-course/twister-out
  gcda_fname   native_sim_native/host_gnu/zephyr-course/tests/ring_buf/homework.unit.ring_buf/zephyr/arch/arch/posix/core/CMakeFiles/arch__posix__core.dir/thread.c.gcda
  --> fname    /home/felipe/zephyrproject/zephyr/arch/posix/core/thread.c
(DEBUG) Check if /home/felipe/zephyrproject/zephyr/arch/posix/core/thread.c is included (source file)...
(DEBUG)   No filter matched.
(DEBUG) --> File is excluded.
(DEBUG) Check if /home/felipe/zephyrproject/zephyr-course/twister-out/native_sim_native/host_gnu/zephyr-course/tests/ring_buf/homework.unit.ring_buf/zephyr/arch/common/CMakeFiles/arch__common.dir/init.c.gcda is included (trace)...
(DEBUG)   No filter matched.
(DEBUG) --> File is excluded.
(DEBUG) Check if /home/felipe/zephyrproject/zephyr-course/twister-out/native_sim_native/host_gnu/zephyr-course/tests/ring_buf/homework.unit.ring_buf/zephyr/arch/common/CMakeFiles/arch__common.dir/init.c.gcda is included (trace)...
(DEBUG) --> File is excluded.
(DEBUG) Check if init.c##ff0fa30bb99bfa81a7f35f4642234f7d.gcov is included (gcov file)...
(DEBUG)   Filter AlwaysMatchFilter() matched.
(DEBUG) --> File is included.
(DEBUG) Check if /home/felipe/zephyrproject/zephyr-course/twister-out/init.c##ff0fa30bb99bfa81a7f35f4642234f7d.gcov is included (trace)...
(DEBUG)   No filter matched.
(DEBUG) --> File is excluded.
(DEBUG) Finding source file corresponding to a gcov data file
  gcov_fname   /home/felipe/zephyrproject/zephyr-course/twister-out/init.c##ff0fa30bb99bfa81a7f35f4642234f7d.gcov
  current_dir  /home/felipe/zephyrproject/zephyr-course/twister-out
  root         /home/felipe/zephyrproject/zephyr-course/app/modules/ring_buf
  starting_dir /home/felipe/zephyrproject/zephyr-course
  obj_dir      /home/felipe/zephyrproject/zephyr-course/twister-out
  gcda_fname   native_sim_native/host_gnu/zephyr-course/tests/ring_buf/homework.unit.ring_buf/zephyr/arch/common/CMakeFiles/arch__common.dir/init.c.gcda
  --> fname    /home/felipe/zephyrproject/zephyr/arch/common/init.c
(DEBUG) Check if /home/felipe/zephyrproject/zephyr/arch/common/init.c is included (source file)...
(DEBUG)   No filter matched.
(DEBUG) --> File is excluded.
(DEBUG) Check if /home/felipe/zephyrproject/zephyr-course/twister-out/native_sim_native/host_gnu/zephyr-course/tests/ring_buf/homework.unit.ring_buf/zephyr/boards/native/native_sim/CMakeFiles/boards__native__native_sim.dir/cmdline.c.gcda is included (trace)...
(DEBUG)   No filter matched.
(DEBUG) --> File is excluded.
(DEBUG) Check if /home/felipe/zephyrproject/zephyr-course/twister-out/native_sim_native/host_gnu/zephyr-course/tests/ring_buf/homework.unit.ring_buf/zephyr/boards/native/native_sim/CMakeFiles/boards__native__native_sim.dir/cmdline.c.gcda is included (trace)...
(DEBUG) --> File is excluded.
(DEBUG) Check if cmdline.c##158f7f964fd1fa6642940a5f7991d392.gcov is included (gcov file)...
(DEBUG)   Filter AlwaysMatchFilter() matched.
(DEBUG) --> File is included.
(DEBUG) Check if /home/felipe/zephyrproject/zephyr-course/twister-out/cmdline.c##158f7f964fd1fa6642940a5f7991d392.gcov is included (trace)...
(DEBUG)   No filter matched.
(DEBUG) --> File is excluded.
(DEBUG) Finding source file corresponding to a gcov data file
  gcov_fname   /home/felipe/zephyrproject/zephyr-course/twister-out/cmdline.c##158f7f964fd1fa6642940a5f7991d392.gcov
  current_dir  /home/felipe/zephyrproject/zephyr-course/twister-out
  root         /home/felipe/zephyrproject/zephyr-course/app/modules/ring_buf
  starting_dir /home/felipe/zephyrproject/zephyr-course
  obj_dir      /home/felipe/zephyrproject/zephyr-course/twister-out
  gcda_fname   native_sim_native/host_gnu/zephyr-course/tests/ring_buf/homework.unit.ring_buf/zephyr/boards/native/native_sim/CMakeFiles/boards__native__native_sim.dir/cmdline.c.gcda
  --> fname    /home/felipe/zephyrproject/zephyr/boards/native/native_sim/cmdline.c
(DEBUG) Check if /home/felipe/zephyrproject/zephyr/boards/native/native_sim/cmdline.c is included (source file)...
(DEBUG)   No filter matched.
(DEBUG) --> File is excluded.
(DEBUG) Check if /home/felipe/zephyrproject/zephyr-course/twister-out/native_sim_native/host_gnu/zephyr-course/tests/ring_buf/homework.unit.ring_buf/zephyr/boards/native/native_sim/CMakeFiles/boards__native__native_sim.dir/cpu_wait.c.gcda is included (trace)...
(DEBUG)   No filter matched.
(DEBUG) --> File is excluded.
(DEBUG) Check if /home/felipe/zephyrproject/zephyr-course/twister-out/native_sim_native/host_gnu/zephyr-course/tests/ring_buf/homework.unit.ring_buf/zephyr/boards/native/native_sim/CMakeFiles/boards__native__native_sim.dir/cpu_wait.c.gcda is included (trace)...
(DEBUG) --> File is excluded.
(DEBUG) Check if cpu_wait.c##56e623e7ef2054639118f190020d12df.gcov is included (gcov file)...
(DEBUG)   Filter AlwaysMatchFilter() matched.
(DEBUG) --> File is included.
(DEBUG) Check if nsi_hw_scheduler.h##18b49d179f44403c85d4a20fc3dc71ce.gcov is included (gcov file)...
(DEBUG) --> File is included.
(DEBUG) Check if /home/felipe/zephyrproject/zephyr-course/twister-out/cpu_wait.c##56e623e7ef2054639118f190020d12df.gcov is included (trace)...
(DEBUG)   No filter matched.
(DEBUG) --> File is excluded.
(DEBUG) Finding source file corresponding to a gcov data file
  gcov_fname   /home/felipe/zephyrproject/zephyr-course/twister-out/cpu_wait.c##56e623e7ef2054639118f190020d12df.gcov
  current_dir  /home/felipe/zephyrproject/zephyr-course/twister-out
  root         /home/felipe/zephyrproject/zephyr-course/app/modules/ring_buf
  starting_dir /home/felipe/zephyrproject/zephyr-course
  obj_dir      /home/felipe/zephyrproject/zephyr-course/twister-out
  gcda_fname   native_sim_native/host_gnu/zephyr-course/tests/ring_buf/homework.unit.ring_buf/zephyr/boards/native/native_sim/CMakeFiles/boards__native__native_sim.dir/cpu_wait.c.gcda
  --> fname    /home/felipe/zephyrproject/zephyr/boards/native/native_sim/cpu_wait.c
(DEBUG) Check if /home/felipe/zephyrproject/zephyr/boards/native/native_sim/cpu_wait.c is included (source file)...
(DEBUG)   No filter matched.
(DEBUG) --> File is excluded.
(DEBUG) Check if /home/felipe/zephyrproject/zephyr-course/twister-out/nsi_hw_scheduler.h##18b49d179f44403c85d4a20fc3dc71ce.gcov is included (trace)...
(DEBUG) --> File is excluded.
(DEBUG) Finding source file corresponding to a gcov data file
  gcov_fname   /home/felipe/zephyrproject/zephyr-course/twister-out/nsi_hw_scheduler.h##18b49d179f44403c85d4a20fc3dc71ce.gcov
  current_dir  /home/felipe/zephyrproject/zephyr-course/twister-out
  root         /home/felipe/zephyrproject/zephyr-course/app/modules/ring_buf
  starting_dir /home/felipe/zephyrproject/zephyr-course
  obj_dir      /home/felipe/zephyrproject/zephyr-course/twister-out
  gcda_fname   native_sim_native/host_gnu/zephyr-course/tests/ring_buf/homework.unit.ring_buf/zephyr/boards/native/native_sim/CMakeFiles/boards__native__native_sim.dir/cpu_wait.c.gcda
  --> fname    /home/felipe/zephyrproject/zephyr/scripts/native_simulator/common/src/include/nsi_hw_scheduler.h
(DEBUG) Check if /home/felipe/zephyrproject/zephyr/scripts/native_simulator/common/src/include/nsi_hw_scheduler.h is included (source file)...
(DEBUG) --> File is excluded.
(DEBUG) Check if /home/felipe/zephyrproject/zephyr-course/twister-out/native_sim_native/host_gnu/zephyr-course/tests/ring_buf/homework.unit.ring_buf/zephyr/boards/native/native_sim/CMakeFiles/boards__native__native_sim.dir/irq_handler.c.gcda is included (trace)...
(DEBUG)   No filter matched.
(DEBUG) --> File is excluded.
(DEBUG) Check if /home/felipe/zephyrproject/zephyr-course/twister-out/native_sim_native/host_gnu/zephyr-course/tests/ring_buf/homework.unit.ring_buf/zephyr/boards/native/native_sim/CMakeFiles/boards__native__native_sim.dir/irq_handler.c.gcda is included (trace)...
(DEBUG) --> File is excluded.
(DEBUG) Check if irq_handler.c##4b1677e46274d007f587de7a5a03791d.gcov is included (gcov file)...
(DEBUG)   Filter AlwaysMatchFilter() matched.
(DEBUG) --> File is included.
(DEBUG) Check if kswap.h##4cdb6ee45e09bab001793a605d74fb66.gcov is included (gcov file)...
(DEBUG)   Filter AlwaysMatchFilter() matched.
(DEBUG) --> File is included.
(DEBUG) Check if arch.h##f17e3501b457fcbd947bf4189b99bd89.gcov is included (gcov file)...
(DEBUG) --> File is included.
(DEBUG) Check if /home/felipe/zephyrproject/zephyr-course/twister-out/kswap.h##4cdb6ee45e09bab001793a605d74fb66.gcov is included (trace)...
(DEBUG)   No filter matched.
(DEBUG) --> File is excluded.
(DEBUG) Finding source file corresponding to a gcov data file
  gcov_fname   /home/felipe/zephyrproject/zephyr-course/twister-out/kswap.h##4cdb6ee45e09bab001793a605d74fb66.gcov
  current_dir  /home/felipe/zephyrproject/zephyr-course/twister-out
  root         /home/felipe/zephyrproject/zephyr-course/app/modules/ring_buf
  starting_dir /home/felipe/zephyrproject/zephyr-course
  obj_dir      /home/felipe/zephyrproject/zephyr-course/twister-out
  gcda_fname   native_sim_native/host_gnu/zephyr-course/tests/ring_buf/homework.unit.ring_buf/zephyr/boards/native/native_sim/CMakeFiles/boards__native__native_sim.dir/irq_handler.c.gcda
  --> fname    /home/felipe/zephyrproject/zephyr/kernel/include/kswap.h
(DEBUG) Check if /home/felipe/zephyrproject/zephyr/kernel/include/kswap.h is included (source file)...
(DEBUG)   No filter matched.
(DEBUG) --> File is excluded.
(DEBUG) Check if /home/felipe/zephyrproject/zephyr-course/twister-out/arch.h##f17e3501b457fcbd947bf4189b99bd89.gcov is included (trace)...
(DEBUG) --> File is excluded.
(DEBUG) Finding source file corresponding to a gcov data file
  gcov_fname   /home/felipe/zephyrproject/zephyr-course/twister-out/arch.h##f17e3501b457fcbd947bf4189b99bd89.gcov
  current_dir  /home/felipe/zephyrproject/zephyr-course/twister-out
  root         /home/felipe/zephyrproject/zephyr-course/app/modules/ring_buf
  starting_dir /home/felipe/zephyrproject/zephyr-course
  obj_dir      /home/felipe/zephyrproject/zephyr-course/twister-out
  gcda_fname   native_sim_native/host_gnu/zephyr-course/tests/ring_buf/homework.unit.ring_buf/zephyr/boards/native/native_sim/CMakeFiles/boards__native__native_sim.dir/irq_handler.c.gcda
  --> fname    /home/felipe/zephyrproject/zephyr/include/zephyr/arch/posix/arch.h
(DEBUG) Check if /home/felipe/zephyrproject/zephyr/include/zephyr/arch/posix/arch.h is included (source file)...
(DEBUG) --> File is excluded.
(DEBUG) Check if /home/felipe/zephyrproject/zephyr-course/twister-out/irq_handler.c##4b1677e46274d007f587de7a5a03791d.gcov is included (trace)...
(DEBUG)   No filter matched.
(DEBUG) --> File is excluded.
(DEBUG) Finding source file corresponding to a gcov data file
  gcov_fname   /home/felipe/zephyrproject/zephyr-course/twister-out/irq_handler.c##4b1677e46274d007f587de7a5a03791d.gcov
  current_dir  /home/felipe/zephyrproject/zephyr-course/twister-out
  root         /home/felipe/zephyrproject/zephyr-course/app/modules/ring_buf
  starting_dir /home/felipe/zephyrproject/zephyr-course
  obj_dir      /home/felipe/zephyrproject/zephyr-course/twister-out
  gcda_fname   native_sim_native/host_gnu/zephyr-course/tests/ring_buf/homework.unit.ring_buf/zephyr/boards/native/native_sim/CMakeFiles/boards__native__native_sim.dir/irq_handler.c.gcda
  --> fname    /home/felipe/zephyrproject/zephyr/boards/native/native_sim/irq_handler.c
(DEBUG) Check if /home/felipe/zephyrproject/zephyr/boards/native/native_sim/irq_handler.c is included (source file)...
(DEBUG)   No filter matched.
(DEBUG) --> File is excluded.
(DEBUG) Check if /home/felipe/zephyrproject/zephyr-course/twister-out/native_sim_native/host_gnu/zephyr-course/tests/ring_buf/homework.unit.ring_buf/zephyr/boards/native/native_sim/CMakeFiles/boards__native__native_sim.dir/misc.c.gcno is included (trace)...
(DEBUG)   No filter matched.
(DEBUG) --> File is excluded.
(DEBUG) Check if /home/felipe/zephyrproject/zephyr-course/twister-out/native_sim_native/host_gnu/zephyr-course/tests/ring_buf/homework.unit.ring_buf/zephyr/boards/native/native_sim/CMakeFiles/boards__native__native_sim.dir/misc.c.gcno is included (trace)...
(DEBUG) --> File is excluded.
(DEBUG) Check if /home/felipe/zephyrproject/zephyr-course/twister-out/native_sim_native/host_gnu/zephyr-course/tests/ring_buf/homework.unit.ring_buf/zephyr/boards/native/native_sim/CMakeFiles/boards__native__native_sim.dir/nsi_if.c.gcda is included (trace)...
(DEBUG)   No filter matched.
(DEBUG) --> File is excluded.
(DEBUG) Check if /home/felipe/zephyrproject/zephyr-course/twister-out/native_sim_native/host_gnu/zephyr-course/tests/ring_buf/homework.unit.ring_buf/zephyr/boards/native/native_sim/CMakeFiles/boards__native__native_sim.dir/nsi_if.c.gcda is included (trace)...
(DEBUG) --> File is excluded.
(DEBUG) Check if nsi_if.c##47c60d456a5a123724b4b699649a9f06.gcov is included (gcov file)...
(DEBUG)   Filter AlwaysMatchFilter() matched.
(DEBUG) --> File is included.
(DEBUG) Check if /home/felipe/zephyrproject/zephyr-course/twister-out/nsi_if.c##47c60d456a5a123724b4b699649a9f06.gcov is included (trace)...
(DEBUG)   No filter matched.
(DEBUG) --> File is excluded.
(DEBUG) Finding source file corresponding to a gcov data file
  gcov_fname   /home/felipe/zephyrproject/zephyr-course/twister-out/nsi_if.c##47c60d456a5a123724b4b699649a9f06.gcov
  current_dir  /home/felipe/zephyrproject/zephyr-course/twister-out
  root         /home/felipe/zephyrproject/zephyr-course/app/modules/ring_buf
  starting_dir /home/felipe/zephyrproject/zephyr-course
  obj_dir      /home/felipe/zephyrproject/zephyr-course/twister-out
  gcda_fname   native_sim_native/host_gnu/zephyr-course/tests/ring_buf/homework.unit.ring_buf/zephyr/boards/native/native_sim/CMakeFiles/boards__native__native_sim.dir/nsi_if.c.gcda
  --> fname    /home/felipe/zephyrproject/zephyr/boards/native/native_sim/nsi_if.c
(DEBUG) Check if /home/felipe/zephyrproject/zephyr/boards/native/native_sim/nsi_if.c is included (source file)...
(DEBUG)   No filter matched.
(DEBUG) --> File is excluded.
(DEBUG) Check if /home/felipe/zephyrproject/zephyr-course/twister-out/native_sim_native/host_gnu/zephyr-course/tests/ring_buf/homework.unit.ring_buf/zephyr/boards/native/native_sim/CMakeFiles/boards__native__native_sim.dir/posix_arch_if.c.gcda is included (trace)...
(DEBUG)   No filter matched.
(DEBUG) --> File is excluded.
(DEBUG) Check if /home/felipe/zephyrproject/zephyr-course/twister-out/native_sim_native/host_gnu/zephyr-course/tests/ring_buf/homework.unit.ring_buf/zephyr/boards/native/native_sim/CMakeFiles/boards__native__native_sim.dir/posix_arch_if.c.gcda is included (trace)...
(DEBUG) --> File is excluded.
(DEBUG) Check if posix_arch_if.c##c9d8aa634eb2d68825921f1210bfd438.gcov is included (gcov file)...
(DEBUG)   Filter AlwaysMatchFilter() matched.
(DEBUG) --> File is included.
(DEBUG) Check if nsi_hw_scheduler.h##18b49d179f44403c85d4a20fc3dc71ce.gcov is included (gcov file)...
(DEBUG) --> File is included.
(DEBUG) Check if /home/felipe/zephyrproject/zephyr-course/twister-out/nsi_hw_scheduler.h##18b49d179f44403c85d4a20fc3dc71ce.gcov is included (trace)...
(DEBUG) --> File is excluded.
(DEBUG) Finding source file corresponding to a gcov data file
  gcov_fname   /home/felipe/zephyrproject/zephyr-course/twister-out/nsi_hw_scheduler.h##18b49d179f44403c85d4a20fc3dc71ce.gcov
  current_dir  /home/felipe/zephyrproject/zephyr-course/twister-out
  root         /home/felipe/zephyrproject/zephyr-course/app/modules/ring_buf
  starting_dir /home/felipe/zephyrproject/zephyr-course
  obj_dir      /home/felipe/zephyrproject/zephyr-course/twister-out
  gcda_fname   native_sim_native/host_gnu/zephyr-course/tests/ring_buf/homework.unit.ring_buf/zephyr/boards/native/native_sim/CMakeFiles/boards__native__native_sim.dir/posix_arch_if.c.gcda
  --> fname    /home/felipe/zephyrproject/zephyr/scripts/native_simulator/common/src/include/nsi_hw_scheduler.h
(DEBUG) Check if /home/felipe/zephyrproject/zephyr/scripts/native_simulator/common/src/include/nsi_hw_scheduler.h is included (source file)...
(DEBUG) --> File is excluded.
(DEBUG) Check if /home/felipe/zephyrproject/zephyr-course/twister-out/posix_arch_if.c##c9d8aa634eb2d68825921f1210bfd438.gcov is included (trace)...
(DEBUG)   No filter matched.
(DEBUG) --> File is excluded.
(DEBUG) Finding source file corresponding to a gcov data file
  gcov_fname   /home/felipe/zephyrproject/zephyr-course/twister-out/posix_arch_if.c##c9d8aa634eb2d68825921f1210bfd438.gcov
  current_dir  /home/felipe/zephyrproject/zephyr-course/twister-out
  root         /home/felipe/zephyrproject/zephyr-course/app/modules/ring_buf
  starting_dir /home/felipe/zephyrproject/zephyr-course
  obj_dir      /home/felipe/zephyrproject/zephyr-course/twister-out
  gcda_fname   native_sim_native/host_gnu/zephyr-course/tests/ring_buf/homework.unit.ring_buf/zephyr/boards/native/native_sim/CMakeFiles/boards__native__native_sim.dir/posix_arch_if.c.gcda
  --> fname    /home/felipe/zephyrproject/zephyr/boards/native/native_sim/posix_arch_if.c
(DEBUG) Check if /home/felipe/zephyrproject/zephyr/boards/native/native_sim/posix_arch_if.c is included (source file)...
(DEBUG)   No filter matched.
(DEBUG) --> File is excluded.
(DEBUG) Check if /home/felipe/zephyrproject/zephyr-course/twister-out/native_sim_native/host_gnu/zephyr-course/tests/ring_buf/homework.unit.ring_buf/zephyr/drivers/console/CMakeFiles/drivers__console.dir/posix_arch_console.c.gcda is included (trace)...
(DEBUG)   No filter matched.
(DEBUG) --> File is excluded.
(DEBUG) Check if /home/felipe/zephyrproject/zephyr-course/twister-out/native_sim_native/host_gnu/zephyr-course/tests/ring_buf/homework.unit.ring_buf/zephyr/drivers/console/CMakeFiles/drivers__console.dir/posix_arch_console.c.gcda is included (trace)...
(DEBUG) --> File is excluded.
(DEBUG) Check if posix_arch_console.c##04438244b06cbaff5488f5b51e4592ec.gcov is included (gcov file)...
(DEBUG)   Filter AlwaysMatchFilter() matched.
(DEBUG) --> File is included.
(DEBUG) Check if /home/felipe/zephyrproject/zephyr-course/twister-out/posix_arch_console.c##04438244b06cbaff5488f5b51e4592ec.gcov is included (trace)...
(DEBUG)   No filter matched.
(DEBUG) --> File is excluded.
(DEBUG) Finding source file corresponding to a gcov data file
  gcov_fname   /home/felipe/zephyrproject/zephyr-course/twister-out/posix_arch_console.c##04438244b06cbaff5488f5b51e4592ec.gcov
  current_dir  /home/felipe/zephyrproject/zephyr-course/twister-out
  root         /home/felipe/zephyrproject/zephyr-course/app/modules/ring_buf
  starting_dir /home/felipe/zephyrproject/zephyr-course
  obj_dir      /home/felipe/zephyrproject/zephyr-course/twister-out
  gcda_fname   native_sim_native/host_gnu/zephyr-course/tests/ring_buf/homework.unit.ring_buf/zephyr/drivers/console/CMakeFiles/drivers__console.dir/posix_arch_console.c.gcda
  --> fname    /home/felipe/zephyrproject/zephyr/drivers/console/posix_arch_console.c
(DEBUG) Check if /home/felipe/zephyrproject/zephyr/drivers/console/posix_arch_console.c is included (source file)...
(DEBUG)   No filter matched.
(DEBUG) --> File is excluded.
(DEBUG) Check if /home/felipe/zephyrproject/zephyr-course/twister-out/native_sim_native/host_gnu/zephyr-course/tests/ring_buf/homework.unit.ring_buf/zephyr/drivers/timer/CMakeFiles/drivers__timer.dir/native_sim_timer.c.gcda is included (trace)...
(DEBUG)   No filter matched.
(DEBUG) --> File is excluded.
(DEBUG) Check if /home/felipe/zephyrproject/zephyr-course/twister-out/native_sim_native/host_gnu/zephyr-course/tests/ring_buf/homework.unit.ring_buf/zephyr/drivers/timer/CMakeFiles/drivers__timer.dir/native_sim_timer.c.gcda is included (trace)...
(DEBUG) --> File is excluded.
(DEBUG) Check if native_sim_timer.c##6bd24c332ef66cd3bb2c38c04cdbc1a5.gcov is included (gcov file)...
(DEBUG)   Filter AlwaysMatchFilter() matched.
(DEBUG) --> File is included.
(DEBUG) Check if nsi_hw_scheduler.h##18b49d179f44403c85d4a20fc3dc71ce.gcov is included (gcov file)...
(DEBUG) --> File is included.
(DEBUG) Check if /home/felipe/zephyrproject/zephyr-course/twister-out/native_sim_timer.c##6bd24c332ef66cd3bb2c38c04cdbc1a5.gcov is included (trace)...
(DEBUG)   No filter matched.
(DEBUG) --> File is excluded.
(DEBUG) Finding source file corresponding to a gcov data file
  gcov_fname   /home/felipe/zephyrproject/zephyr-course/twister-out/native_sim_timer.c##6bd24c332ef66cd3bb2c38c04cdbc1a5.gcov
  current_dir  /home/felipe/zephyrproject/zephyr-course/twister-out
  root         /home/felipe/zephyrproject/zephyr-course/app/modules/ring_buf
  starting_dir /home/felipe/zephyrproject/zephyr-course
  obj_dir      /home/felipe/zephyrproject/zephyr-course/twister-out
  gcda_fname   native_sim_native/host_gnu/zephyr-course/tests/ring_buf/homework.unit.ring_buf/zephyr/drivers/timer/CMakeFiles/drivers__timer.dir/native_sim_timer.c.gcda
  --> fname    /home/felipe/zephyrproject/zephyr/drivers/timer/native_sim_timer.c
(DEBUG) Check if /home/felipe/zephyrproject/zephyr/drivers/timer/native_sim_timer.c is included (source file)...
(DEBUG)   No filter matched.
(DEBUG) --> File is excluded.
(DEBUG) Check if /home/felipe/zephyrproject/zephyr-course/twister-out/nsi_hw_scheduler.h##18b49d179f44403c85d4a20fc3dc71ce.gcov is included (trace)...
(DEBUG) --> File is excluded.
(DEBUG) Finding source file corresponding to a gcov data file
  gcov_fname   /home/felipe/zephyrproject/zephyr-course/twister-out/nsi_hw_scheduler.h##18b49d179f44403c85d4a20fc3dc71ce.gcov
  current_dir  /home/felipe/zephyrproject/zephyr-course/twister-out
  root         /home/felipe/zephyrproject/zephyr-course/app/modules/ring_buf
  starting_dir /home/felipe/zephyrproject/zephyr-course
  obj_dir      /home/felipe/zephyrproject/zephyr-course/twister-out
  gcda_fname   native_sim_native/host_gnu/zephyr-course/tests/ring_buf/homework.unit.ring_buf/zephyr/drivers/timer/CMakeFiles/drivers__timer.dir/native_sim_timer.c.gcda
  --> fname    /home/felipe/zephyrproject/zephyr/scripts/native_simulator/common/src/include/nsi_hw_scheduler.h
(DEBUG) Check if /home/felipe/zephyrproject/zephyr/scripts/native_simulator/common/src/include/nsi_hw_scheduler.h is included (source file)...
(DEBUG) --> File is excluded.
(DEBUG) Check if /home/felipe/zephyrproject/zephyr-course/twister-out/native_sim_native/host_gnu/zephyr-course/tests/ring_buf/homework.unit.ring_buf/zephyr/drivers/timer/CMakeFiles/drivers__timer.dir/sys_clock_init.c.gcda is included (trace)...
(DEBUG)   No filter matched.
(DEBUG) --> File is excluded.
(DEBUG) Check if /home/felipe/zephyrproject/zephyr-course/twister-out/native_sim_native/host_gnu/zephyr-course/tests/ring_buf/homework.unit.ring_buf/zephyr/drivers/timer/CMakeFiles/drivers__timer.dir/sys_clock_init.c.gcda is included (trace)...
(DEBUG) --> File is excluded.
(DEBUG) Check if sys_clock_init.c##03c6a3666a3227cc4c3f315eabfbde2a.gcov is included (gcov file)...
(DEBUG)   Filter AlwaysMatchFilter() matched.
(DEBUG) --> File is included.
(DEBUG) Check if /home/felipe/zephyrproject/zephyr-course/twister-out/sys_clock_init.c##03c6a3666a3227cc4c3f315eabfbde2a.gcov is included (trace)...
(DEBUG)   No filter matched.
(DEBUG) --> File is excluded.
(DEBUG) Finding source file corresponding to a gcov data file
  gcov_fname   /home/felipe/zephyrproject/zephyr-course/twister-out/sys_clock_init.c##03c6a3666a3227cc4c3f315eabfbde2a.gcov
  current_dir  /home/felipe/zephyrproject/zephyr-course/twister-out
  root         /home/felipe/zephyrproject/zephyr-course/app/modules/ring_buf
  starting_dir /home/felipe/zephyrproject/zephyr-course
  obj_dir      /home/felipe/zephyrproject/zephyr-course/twister-out
  gcda_fname   native_sim_native/host_gnu/zephyr-course/tests/ring_buf/homework.unit.ring_buf/zephyr/drivers/timer/CMakeFiles/drivers__timer.dir/sys_clock_init.c.gcda
  --> fname    /home/felipe/zephyrproject/zephyr/drivers/timer/sys_clock_init.c
(DEBUG) Check if /home/felipe/zephyrproject/zephyr/drivers/timer/sys_clock_init.c is included (source file)...
(DEBUG)   No filter matched.
(DEBUG) --> File is excluded.
(DEBUG) Check if /home/felipe/zephyrproject/zephyr-course/twister-out/native_sim_native/host_gnu/zephyr-course/tests/ring_buf/homework.unit.ring_buf/zephyr/kernel/CMakeFiles/kernel.dir/banner.c.gcda is included (trace)...
(DEBUG)   No filter matched.
(DEBUG) --> File is excluded.
(DEBUG) Check if /home/felipe/zephyrproject/zephyr-course/twister-out/native_sim_native/host_gnu/zephyr-course/tests/ring_buf/homework.unit.ring_buf/zephyr/kernel/CMakeFiles/kernel.dir/banner.c.gcda is included (trace)...
(DEBUG) --> File is excluded.
(DEBUG) Check if banner.c##770f00dc825268d626130dc4c4b82217.gcov is included (gcov file)...
(DEBUG)   Filter AlwaysMatchFilter() matched.
(DEBUG) --> File is included.
(DEBUG) Check if /home/felipe/zephyrproject/zephyr-course/twister-out/banner.c##770f00dc825268d626130dc4c4b82217.gcov is included (trace)...
(DEBUG)   No filter matched.
(DEBUG) --> File is excluded.
(DEBUG) Finding source file corresponding to a gcov data file
  gcov_fname   /home/felipe/zephyrproject/zephyr-course/twister-out/banner.c##770f00dc825268d626130dc4c4b82217.gcov
  current_dir  /home/felipe/zephyrproject/zephyr-course/twister-out
  root         /home/felipe/zephyrproject/zephyr-course/app/modules/ring_buf
  starting_dir /home/felipe/zephyrproject/zephyr-course
  obj_dir      /home/felipe/zephyrproject/zephyr-course/twister-out
  gcda_fname   native_sim_native/host_gnu/zephyr-course/tests/ring_buf/homework.unit.ring_buf/zephyr/kernel/CMakeFiles/kernel.dir/banner.c.gcda
  --> fname    /home/felipe/zephyrproject/zephyr/kernel/banner.c
(DEBUG) Check if /home/felipe/zephyrproject/zephyr/kernel/banner.c is included (source file)...
(DEBUG)   No filter matched.
(DEBUG) --> File is excluded.
(DEBUG) Check if /home/felipe/zephyrproject/zephyr-course/twister-out/native_sim_native/host_gnu/zephyr-course/tests/ring_buf/homework.unit.ring_buf/zephyr/kernel/CMakeFiles/kernel.dir/busy_wait.c.gcno is included (trace)...
(DEBUG)   No filter matched.
(DEBUG) --> File is excluded.
(DEBUG) Check if /home/felipe/zephyrproject/zephyr-course/twister-out/native_sim_native/host_gnu/zephyr-course/tests/ring_buf/homework.unit.ring_buf/zephyr/kernel/CMakeFiles/kernel.dir/busy_wait.c.gcno is included (trace)...
(DEBUG) --> File is excluded.
(DEBUG) Check if busy_wait.c##252cfd7d843d29168da2c08535a7c7f0.gcov is included (gcov file)...
(DEBUG)   Filter AlwaysMatchFilter() matched.
(DEBUG) --> File is included.
(DEBUG) Check if /home/felipe/zephyrproject/zephyr-course/twister-out/busy_wait.c##252cfd7d843d29168da2c08535a7c7f0.gcov is included (trace)...
(DEBUG)   No filter matched.
(DEBUG) --> File is excluded.
(DEBUG) Finding source file corresponding to a gcov data file
  gcov_fname   /home/felipe/zephyrproject/zephyr-course/twister-out/busy_wait.c##252cfd7d843d29168da2c08535a7c7f0.gcov
  current_dir  /home/felipe/zephyrproject/zephyr-course/twister-out
  root         /home/felipe/zephyrproject/zephyr-course/app/modules/ring_buf
  starting_dir /home/felipe/zephyrproject/zephyr-course
  obj_dir      /home/felipe/zephyrproject/zephyr-course/twister-out
  gcda_fname   native_sim_native/host_gnu/zephyr-course/tests/ring_buf/homework.unit.ring_buf/zephyr/kernel/CMakeFiles/kernel.dir/busy_wait.c.gcno
  --> fname    /home/felipe/zephyrproject/zephyr/kernel/busy_wait.c
(DEBUG) Check if /home/felipe/zephyrproject/zephyr/kernel/busy_wait.c is included (source file)...
(DEBUG)   No filter matched.
(DEBUG) --> File is excluded.
(DEBUG) Check if /home/felipe/zephyrproject/zephyr-course/twister-out/native_sim_native/host_gnu/zephyr-course/tests/ring_buf/homework.unit.ring_buf/zephyr/kernel/CMakeFiles/kernel.dir/condvar.c.gcno is included (trace)...
(DEBUG)   No filter matched.
(DEBUG) --> File is excluded.
(DEBUG) Check if /home/felipe/zephyrproject/zephyr-course/twister-out/native_sim_native/host_gnu/zephyr-course/tests/ring_buf/homework.unit.ring_buf/zephyr/kernel/CMakeFiles/kernel.dir/condvar.c.gcno is included (trace)...
(DEBUG) --> File is excluded.
(DEBUG) Check if condvar.c##d6fa9919e6362ea08b34bb7bcffbc38f.gcov is included (gcov file)...
(DEBUG)   Filter AlwaysMatchFilter() matched.
(DEBUG) --> File is included.
(DEBUG) Check if wait_q.h##c55cb3824a8e32844a6026ec1729c33e.gcov is included (gcov file)...
(DEBUG)   Filter AlwaysMatchFilter() matched.
(DEBUG) --> File is included.
(DEBUG) Check if ksched.h##0cebf465783caf800468063ad71827b7.gcov is included (gcov file)...
(DEBUG)   Filter AlwaysMatchFilter() matched.
(DEBUG) --> File is included.
(DEBUG) Check if priority_q.h##b43b8b9793e0b1f450fbd5ad330f5149.gcov is included (gcov file)...
(DEBUG)   Filter AlwaysMatchFilter() matched.
(DEBUG) --> File is included.
(DEBUG) Check if kthread.h##9409f455419132bfc3b9c8e76c631198.gcov is included (gcov file)...
(DEBUG)   Filter AlwaysMatchFilter() matched.
(DEBUG) --> File is included.
(DEBUG) Check if timeout_q.h##90d851c3f83778dd36dd8b7e2ad60ead.gcov is included (gcov file)...
(DEBUG)   Filter AlwaysMatchFilter() matched.
(DEBUG) --> File is included.
(DEBUG) Check if kernel_arch_func.h##32b155e641adc9cd48584db3704df6c2.gcov is included (gcov file)...
(DEBUG)   Filter AlwaysMatchFilter() matched.
(DEBUG) --> File is included.
(DEBUG) Check if kernel.h##02fe483cd34741e407932cea525697b1.gcov is included (gcov file)...
(DEBUG) --> File is included.
(DEBUG) Check if kobject_internal.h##a8c30b7c0aaee4fff0317a3d8ddf7a57.gcov is included (gcov file)...
(DEBUG)   Filter AlwaysMatchFilter() matched.
(DEBUG) --> File is included.
(DEBUG) Check if spinlock.h##d07917f143d2ca5ff94f2d220e528568.gcov is included (gcov file)...
(DEBUG) --> File is included.
(DEBUG) Check if arch.h##f17e3501b457fcbd947bf4189b99bd89.gcov is included (gcov file)...
(DEBUG) --> File is included.
(DEBUG) Check if dlist.h##0f388b119e698d4d0bf30b616f109283.gcov is included (gcov file)...
(DEBUG)   Filter AlwaysMatchFilter() matched.
(DEBUG) --> File is included.
(DEBUG) Check if /home/felipe/zephyrproject/zephyr-course/twister-out/condvar.c##d6fa9919e6362ea08b34bb7bcffbc38f.gcov is included (trace)...
(DEBUG)   No filter matched.
(DEBUG) --> File is excluded.
(DEBUG) Finding source file corresponding to a gcov data file
  gcov_fname   /home/felipe/zephyrproject/zephyr-course/twister-out/condvar.c##d6fa9919e6362ea08b34bb7bcffbc38f.gcov
  current_dir  /home/felipe/zephyrproject/zephyr-course/twister-out
  root         /home/felipe/zephyrproject/zephyr-course/app/modules/ring_buf
  starting_dir /home/felipe/zephyrproject/zephyr-course
  obj_dir      /home/felipe/zephyrproject/zephyr-course/twister-out
  gcda_fname   native_sim_native/host_gnu/zephyr-course/tests/ring_buf/homework.unit.ring_buf/zephyr/kernel/CMakeFiles/kernel.dir/condvar.c.gcno
  --> fname    /home/felipe/zephyrproject/zephyr/kernel/condvar.c
(DEBUG) Check if /home/felipe/zephyrproject/zephyr/kernel/condvar.c is included (source file)...
(DEBUG)   No filter matched.
(DEBUG) --> File is excluded.
(DEBUG) Check if /home/felipe/zephyrproject/zephyr-course/twister-out/spinlock.h##d07917f143d2ca5ff94f2d220e528568.gcov is included (trace)...
(DEBUG) --> File is excluded.
(DEBUG) Finding source file corresponding to a gcov data file
  gcov_fname   /home/felipe/zephyrproject/zephyr-course/twister-out/spinlock.h##d07917f143d2ca5ff94f2d220e528568.gcov
  current_dir  /home/felipe/zephyrproject/zephyr-course/twister-out
  root         /home/felipe/zephyrproject/zephyr-course/app/modules/ring_buf
  starting_dir /home/felipe/zephyrproject/zephyr-course
  obj_dir      /home/felipe/zephyrproject/zephyr-course/twister-out
  gcda_fname   native_sim_native/host_gnu/zephyr-course/tests/ring_buf/homework.unit.ring_buf/zephyr/kernel/CMakeFiles/kernel.dir/condvar.c.gcno
  --> fname    /home/felipe/zephyrproject/zephyr/include/zephyr/spinlock.h
(DEBUG) Check if /home/felipe/zephyrproject/zephyr/include/zephyr/spinlock.h is included (source file)...
(DEBUG) --> File is excluded.
(DEBUG) Check if /home/felipe/zephyrproject/zephyr-course/twister-out/ksched.h##0cebf465783caf800468063ad71827b7.gcov is included (trace)...
(DEBUG)   No filter matched.
(DEBUG) --> File is excluded.
(DEBUG) Finding source file corresponding to a gcov data file
  gcov_fname   /home/felipe/zephyrproject/zephyr-course/twister-out/ksched.h##0cebf465783caf800468063ad71827b7.gcov
  current_dir  /home/felipe/zephyrproject/zephyr-course/twister-out
  root         /home/felipe/zephyrproject/zephyr-course/app/modules/ring_buf
  starting_dir /home/felipe/zephyrproject/zephyr-course
  obj_dir      /home/felipe/zephyrproject/zephyr-course/twister-out
  gcda_fname   native_sim_native/host_gnu/zephyr-course/tests/ring_buf/homework.unit.ring_buf/zephyr/kernel/CMakeFiles/kernel.dir/condvar.c.gcno
  --> fname    /home/felipe/zephyrproject/zephyr/kernel/include/ksched.h
(DEBUG) Check if /home/felipe/zephyrproject/zephyr/kernel/include/ksched.h is included (source file)...
(DEBUG)   No filter matched.
(DEBUG) --> File is excluded.
(DEBUG) Check if /home/felipe/zephyrproject/zephyr-course/twister-out/kernel.h##02fe483cd34741e407932cea525697b1.gcov is included (trace)...
(DEBUG) --> File is excluded.
(DEBUG) Finding source file corresponding to a gcov data file
  gcov_fname   /home/felipe/zephyrproject/zephyr-course/twister-out/kernel.h##02fe483cd34741e407932cea525697b1.gcov
  current_dir  /home/felipe/zephyrproject/zephyr-course/twister-out
  root         /home/felipe/zephyrproject/zephyr-course/app/modules/ring_buf
  starting_dir /home/felipe/zephyrproject/zephyr-course
  obj_dir      /home/felipe/zephyrproject/zephyr-course/twister-out
  gcda_fname   native_sim_native/host_gnu/zephyr-course/tests/ring_buf/homework.unit.ring_buf/zephyr/kernel/CMakeFiles/kernel.dir/condvar.c.gcno
  --> fname    /home/felipe/zephyrproject/zephyr-course/twister-out/native_sim_native/host_gnu/zephyr-course/tests/ring_buf/homework.unit.ring_buf/zephyr/include/generated/zephyr/syscalls/kernel.h
(DEBUG) Check if /home/felipe/zephyrproject/zephyr-course/twister-out/native_sim_native/host_gnu/zephyr-course/tests/ring_buf/homework.unit.ring_buf/zephyr/include/generated/zephyr/syscalls/kernel.h is included (source file)...
(DEBUG) --> File is excluded.
(DEBUG) Check if /home/felipe/zephyrproject/zephyr-course/twister-out/kobject_internal.h##a8c30b7c0aaee4fff0317a3d8ddf7a57.gcov is included (trace)...
(DEBUG)   No filter matched.
(DEBUG) --> File is excluded.
(DEBUG) Finding source file corresponding to a gcov data file
  gcov_fname   /home/felipe/zephyrproject/zephyr-course/twister-out/kobject_internal.h##a8c30b7c0aaee4fff0317a3d8ddf7a57.gcov
  current_dir  /home/felipe/zephyrproject/zephyr-course/twister-out
  root         /home/felipe/zephyrproject/zephyr-course/app/modules/ring_buf
  starting_dir /home/felipe/zephyrproject/zephyr-course
  obj_dir      /home/felipe/zephyrproject/zephyr-course/twister-out
  gcda_fname   native_sim_native/host_gnu/zephyr-course/tests/ring_buf/homework.unit.ring_buf/zephyr/kernel/CMakeFiles/kernel.dir/condvar.c.gcno
  --> fname    /home/felipe/zephyrproject/zephyr/include/zephyr/sys/internal/kobject_internal.h
(DEBUG) Check if /home/felipe/zephyrproject/zephyr/include/zephyr/sys/internal/kobject_internal.h is included (source file)...
(DEBUG)   No filter matched.
(DEBUG) --> File is excluded.
(DEBUG) Check if /home/felipe/zephyrproject/zephyr-course/twister-out/priority_q.h##b43b8b9793e0b1f450fbd5ad330f5149.gcov is included (trace)...
(DEBUG)   No filter matched.
(DEBUG) --> File is excluded.
(DEBUG) Finding source file corresponding to a gcov data file
  gcov_fname   /home/felipe/zephyrproject/zephyr-course/twister-out/priority_q.h##b43b8b9793e0b1f450fbd5ad330f5149.gcov
  current_dir  /home/felipe/zephyrproject/zephyr-course/twister-out
  root         /home/felipe/zephyrproject/zephyr-course/app/modules/ring_buf
  starting_dir /home/felipe/zephyrproject/zephyr-course
  obj_dir      /home/felipe/zephyrproject/zephyr-course/twister-out
  gcda_fname   native_sim_native/host_gnu/zephyr-course/tests/ring_buf/homework.unit.ring_buf/zephyr/kernel/CMakeFiles/kernel.dir/condvar.c.gcno
  --> fname    /home/felipe/zephyrproject/zephyr/kernel/include/priority_q.h
(DEBUG) Check if /home/felipe/zephyrproject/zephyr/kernel/include/priority_q.h is included (source file)...
(DEBUG)   No filter matched.
(DEBUG) --> File is excluded.
(DEBUG) Check if /home/felipe/zephyrproject/zephyr-course/twister-out/arch.h##f17e3501b457fcbd947bf4189b99bd89.gcov is included (trace)...
(DEBUG) --> File is excluded.
(DEBUG) Finding source file corresponding to a gcov data file
  gcov_fname   /home/felipe/zephyrproject/zephyr-course/twister-out/arch.h##f17e3501b457fcbd947bf4189b99bd89.gcov
  current_dir  /home/felipe/zephyrproject/zephyr-course/twister-out
  root         /home/felipe/zephyrproject/zephyr-course/app/modules/ring_buf
  starting_dir /home/felipe/zephyrproject/zephyr-course
  obj_dir      /home/felipe/zephyrproject/zephyr-course/twister-out
  gcda_fname   native_sim_native/host_gnu/zephyr-course/tests/ring_buf/homework.unit.ring_buf/zephyr/kernel/CMakeFiles/kernel.dir/condvar.c.gcno
  --> fname    /home/felipe/zephyrproject/zephyr/include/zephyr/arch/posix/arch.h
(DEBUG) Check if /home/felipe/zephyrproject/zephyr/include/zephyr/arch/posix/arch.h is included (source file)...
(DEBUG) --> File is excluded.
(DEBUG) Check if /home/felipe/zephyrproject/zephyr-course/twister-out/wait_q.h##c55cb3824a8e32844a6026ec1729c33e.gcov is included (trace)...
(DEBUG)   No filter matched.
(DEBUG) --> File is excluded.
(DEBUG) Finding source file corresponding to a gcov data file
  gcov_fname   /home/felipe/zephyrproject/zephyr-course/twister-out/wait_q.h##c55cb3824a8e32844a6026ec1729c33e.gcov
  current_dir  /home/felipe/zephyrproject/zephyr-course/twister-out
  root         /home/felipe/zephyrproject/zephyr-course/app/modules/ring_buf
  starting_dir /home/felipe/zephyrproject/zephyr-course
  obj_dir      /home/felipe/zephyrproject/zephyr-course/twister-out
  gcda_fname   native_sim_native/host_gnu/zephyr-course/tests/ring_buf/homework.unit.ring_buf/zephyr/kernel/CMakeFiles/kernel.dir/condvar.c.gcno
  --> fname    /home/felipe/zephyrproject/zephyr/kernel/include/wait_q.h
(DEBUG) Check if /home/felipe/zephyrproject/zephyr/kernel/include/wait_q.h is included (source file)...
(DEBUG)   No filter matched.
(DEBUG) --> File is excluded.
(DEBUG) Check if /home/felipe/zephyrproject/zephyr-course/twister-out/dlist.h##0f388b119e698d4d0bf30b616f109283.gcov is included (trace)...
(DEBUG)   No filter matched.
(DEBUG) --> File is excluded.
(DEBUG) Finding source file corresponding to a gcov data file
  gcov_fname   /home/felipe/zephyrproject/zephyr-course/twister-out/dlist.h##0f388b119e698d4d0bf30b616f109283.gcov
  current_dir  /home/felipe/zephyrproject/zephyr-course/twister-out
  root         /home/felipe/zephyrproject/zephyr-course/app/modules/ring_buf
  starting_dir /home/felipe/zephyrproject/zephyr-course
  obj_dir      /home/felipe/zephyrproject/zephyr-course/twister-out
  gcda_fname   native_sim_native/host_gnu/zephyr-course/tests/ring_buf/homework.unit.ring_buf/zephyr/kernel/CMakeFiles/kernel.dir/condvar.c.gcno
  --> fname    /home/felipe/zephyrproject/zephyr/include/zephyr/sys/dlist.h
(DEBUG) Check if /home/felipe/zephyrproject/zephyr/include/zephyr/sys/dlist.h is included (source file)...
(DEBUG)   No filter matched.
(DEBUG) --> File is excluded.
(DEBUG) Check if /home/felipe/zephyrproject/zephyr-course/twister-out/timeout_q.h##90d851c3f83778dd36dd8b7e2ad60ead.gcov is included (trace)...
(DEBUG)   No filter matched.
(DEBUG) --> File is excluded.
(DEBUG) Finding source file corresponding to a gcov data file
  gcov_fname   /home/felipe/zephyrproject/zephyr-course/twister-out/timeout_q.h##90d851c3f83778dd36dd8b7e2ad60ead.gcov
  current_dir  /home/felipe/zephyrproject/zephyr-course/twister-out
  root         /home/felipe/zephyrproject/zephyr-course/app/modules/ring_buf
  starting_dir /home/felipe/zephyrproject/zephyr-course
  obj_dir      /home/felipe/zephyrproject/zephyr-course/twister-out
  gcda_fname   native_sim_native/host_gnu/zephyr-course/tests/ring_buf/homework.unit.ring_buf/zephyr/kernel/CMakeFiles/kernel.dir/condvar.c.gcno
  --> fname    /home/felipe/zephyrproject/zephyr/kernel/include/timeout_q.h
(DEBUG) Check if /home/felipe/zephyrproject/zephyr/kernel/include/timeout_q.h is included (source file)...
(DEBUG)   No filter matched.
(DEBUG) --> File is excluded.
(DEBUG) Check if /home/felipe/zephyrproject/zephyr-course/twister-out/kernel_arch_func.h##32b155e641adc9cd48584db3704df6c2.gcov is included (trace)...
(DEBUG)   No filter matched.
(DEBUG) --> File is excluded.
(DEBUG) Finding source file corresponding to a gcov data file
  gcov_fname   /home/felipe/zephyrproject/zephyr-course/twister-out/kernel_arch_func.h##32b155e641adc9cd48584db3704df6c2.gcov
  current_dir  /home/felipe/zephyrproject/zephyr-course/twister-out
  root         /home/felipe/zephyrproject/zephyr-course/app/modules/ring_buf
  starting_dir /home/felipe/zephyrproject/zephyr-course
  obj_dir      /home/felipe/zephyrproject/zephyr-course/twister-out
  gcda_fname   native_sim_native/host_gnu/zephyr-course/tests/ring_buf/homework.unit.ring_buf/zephyr/kernel/CMakeFiles/kernel.dir/condvar.c.gcno
  --> fname    /home/felipe/zephyrproject/zephyr/arch/posix/include/kernel_arch_func.h
(DEBUG) Check if /home/felipe/zephyrproject/zephyr/arch/posix/include/kernel_arch_func.h is included (source file)...
(DEBUG)   No filter matched.
(DEBUG) --> File is excluded.
(DEBUG) Check if /home/felipe/zephyrproject/zephyr-course/twister-out/kthread.h##9409f455419132bfc3b9c8e76c631198.gcov is included (trace)...
(DEBUG)   No filter matched.
(DEBUG) --> File is excluded.
(DEBUG) Finding source file corresponding to a gcov data file
  gcov_fname   /home/felipe/zephyrproject/zephyr-course/twister-out/kthread.h##9409f455419132bfc3b9c8e76c631198.gcov
  current_dir  /home/felipe/zephyrproject/zephyr-course/twister-out
  root         /home/felipe/zephyrproject/zephyr-course/app/modules/ring_buf
  starting_dir /home/felipe/zephyrproject/zephyr-course
  obj_dir      /home/felipe/zephyrproject/zephyr-course/twister-out
  gcda_fname   native_sim_native/host_gnu/zephyr-course/tests/ring_buf/homework.unit.ring_buf/zephyr/kernel/CMakeFiles/kernel.dir/condvar.c.gcno
  --> fname    /home/felipe/zephyrproject/zephyr/kernel/include/kthread.h
(DEBUG) Check if /home/felipe/zephyrproject/zephyr/kernel/include/kthread.h is included (source file)...
(DEBUG)   No filter matched.
(DEBUG) --> File is excluded.
(DEBUG) Check if /home/felipe/zephyrproject/zephyr-course/twister-out/native_sim_native/host_gnu/zephyr-course/tests/ring_buf/homework.unit.ring_buf/zephyr/kernel/CMakeFiles/kernel.dir/device.c.gcda is included (trace)...
(DEBUG)   No filter matched.
(DEBUG) --> File is excluded.
(DEBUG) Check if /home/felipe/zephyrproject/zephyr-course/twister-out/native_sim_native/host_gnu/zephyr-course/tests/ring_buf/homework.unit.ring_buf/zephyr/kernel/CMakeFiles/kernel.dir/device.c.gcda is included (trace)...
(DEBUG) --> File is excluded.
(DEBUG) Check if device.c##42a53317ac627755696c3eac7ecb3ff6.gcov is included (gcov file)...
(DEBUG)   Filter AlwaysMatchFilter() matched.
(DEBUG) --> File is included.
(DEBUG) Check if device_runtime.h##40daded1102ae8f982c113937205fb72.gcov is included (gcov file)...
(DEBUG)   Filter AlwaysMatchFilter() matched.
(DEBUG) --> File is included.
(DEBUG) Check if /home/felipe/zephyrproject/zephyr-course/twister-out/device.c##42a53317ac627755696c3eac7ecb3ff6.gcov is included (trace)...
(DEBUG)   No filter matched.
(DEBUG) --> File is excluded.
(DEBUG) Finding source file corresponding to a gcov data file
  gcov_fname   /home/felipe/zephyrproject/zephyr-course/twister-out/device.c##42a53317ac627755696c3eac7ecb3ff6.gcov
  current_dir  /home/felipe/zephyrproject/zephyr-course/twister-out
  root         /home/felipe/zephyrproject/zephyr-course/app/modules/ring_buf
  starting_dir /home/felipe/zephyrproject/zephyr-course
  obj_dir      /home/felipe/zephyrproject/zephyr-course/twister-out
  gcda_fname   native_sim_native/host_gnu/zephyr-course/tests/ring_buf/homework.unit.ring_buf/zephyr/kernel/CMakeFiles/kernel.dir/device.c.gcda
  --> fname    /home/felipe/zephyrproject/zephyr/kernel/device.c
(DEBUG) Check if /home/felipe/zephyrproject/zephyr/kernel/device.c is included (source file)...
(DEBUG)   No filter matched.
(DEBUG) --> File is excluded.
(DEBUG) Check if /home/felipe/zephyrproject/zephyr-course/twister-out/device_runtime.h##40daded1102ae8f982c113937205fb72.gcov is included (trace)...
(DEBUG)   No filter matched.
(DEBUG) --> File is excluded.
(DEBUG) Finding source file corresponding to a gcov data file
  gcov_fname   /home/felipe/zephyrproject/zephyr-course/twister-out/device_runtime.h##40daded1102ae8f982c113937205fb72.gcov
  current_dir  /home/felipe/zephyrproject/zephyr-course/twister-out
  root         /home/felipe/zephyrproject/zephyr-course/app/modules/ring_buf
  starting_dir /home/felipe/zephyrproject/zephyr-course
  obj_dir      /home/felipe/zephyrproject/zephyr-course/twister-out
  gcda_fname   native_sim_native/host_gnu/zephyr-course/tests/ring_buf/homework.unit.ring_buf/zephyr/kernel/CMakeFiles/kernel.dir/device.c.gcda
  --> fname    /home/felipe/zephyrproject/zephyr/include/zephyr/pm/device_runtime.h
(DEBUG) Check if /home/felipe/zephyrproject/zephyr/include/zephyr/pm/device_runtime.h is included (source file)...
(DEBUG)   No filter matched.
(DEBUG) --> File is excluded.
(DEBUG) Check if /home/felipe/zephyrproject/zephyr-course/twister-out/native_sim_native/host_gnu/zephyr-course/tests/ring_buf/homework.unit.ring_buf/zephyr/kernel/CMakeFiles/kernel.dir/dynamic_disabled.c.gcno is included (trace)...
(DEBUG)   No filter matched.
(DEBUG) --> File is excluded.
(DEBUG) Check if /home/felipe/zephyrproject/zephyr-course/twister-out/native_sim_native/host_gnu/zephyr-course/tests/ring_buf/homework.unit.ring_buf/zephyr/kernel/CMakeFiles/kernel.dir/dynamic_disabled.c.gcno is included (trace)...
(DEBUG) --> File is excluded.
(DEBUG) Check if dynamic_disabled.c##e8cc4e3607c1f3f69561bb71379d30c8.gcov is included (gcov file)...
(DEBUG)   Filter AlwaysMatchFilter() matched.
(DEBUG) --> File is included.
(DEBUG) Check if /home/felipe/zephyrproject/zephyr-course/twister-out/dynamic_disabled.c##e8cc4e3607c1f3f69561bb71379d30c8.gcov is included (trace)...
(DEBUG)   No filter matched.
(DEBUG) --> File is excluded.
(DEBUG) Finding source file corresponding to a gcov data file
  gcov_fname   /home/felipe/zephyrproject/zephyr-course/twister-out/dynamic_disabled.c##e8cc4e3607c1f3f69561bb71379d30c8.gcov
  current_dir  /home/felipe/zephyrproject/zephyr-course/twister-out
  root         /home/felipe/zephyrproject/zephyr-course/app/modules/ring_buf
  starting_dir /home/felipe/zephyrproject/zephyr-course
  obj_dir      /home/felipe/zephyrproject/zephyr-course/twister-out
  gcda_fname   native_sim_native/host_gnu/zephyr-course/tests/ring_buf/homework.unit.ring_buf/zephyr/kernel/CMakeFiles/kernel.dir/dynamic_disabled.c.gcno
  --> fname    /home/felipe/zephyrproject/zephyr/kernel/dynamic_disabled.c
(DEBUG) Check if /home/felipe/zephyrproject/zephyr/kernel/dynamic_disabled.c is included (source file)...
(DEBUG)   No filter matched.
(DEBUG) --> File is excluded.
(DEBUG) Check if /home/felipe/zephyrproject/zephyr-course/twister-out/native_sim_native/host_gnu/zephyr-course/tests/ring_buf/homework.unit.ring_buf/zephyr/kernel/CMakeFiles/kernel.dir/errno.c.gcno is included (trace)...
(DEBUG)   No filter matched.
(DEBUG) --> File is excluded.
(DEBUG) Check if /home/felipe/zephyrproject/zephyr-course/twister-out/native_sim_native/host_gnu/zephyr-course/tests/ring_buf/homework.unit.ring_buf/zephyr/kernel/CMakeFiles/kernel.dir/errno.c.gcno is included (trace)...
(DEBUG) --> File is excluded.
(DEBUG) Check if errno.c##69e1e770a0174795d3914dfb7b0f86f4.gcov is included (gcov file)...
(DEBUG)   Filter AlwaysMatchFilter() matched.
(DEBUG) --> File is included.
(DEBUG) Check if /home/felipe/zephyrproject/zephyr-course/twister-out/errno.c##69e1e770a0174795d3914dfb7b0f86f4.gcov is included (trace)...
(DEBUG)   No filter matched.
(DEBUG) --> File is excluded.
(DEBUG) Finding source file corresponding to a gcov data file
  gcov_fname   /home/felipe/zephyrproject/zephyr-course/twister-out/errno.c##69e1e770a0174795d3914dfb7b0f86f4.gcov
  current_dir  /home/felipe/zephyrproject/zephyr-course/twister-out
  root         /home/felipe/zephyrproject/zephyr-course/app/modules/ring_buf
  starting_dir /home/felipe/zephyrproject/zephyr-course
  obj_dir      /home/felipe/zephyrproject/zephyr-course/twister-out
  gcda_fname   native_sim_native/host_gnu/zephyr-course/tests/ring_buf/homework.unit.ring_buf/zephyr/kernel/CMakeFiles/kernel.dir/errno.c.gcno
  --> fname    /home/felipe/zephyrproject/zephyr/kernel/errno.c
(DEBUG) Check if /home/felipe/zephyrproject/zephyr/kernel/errno.c is included (source file)...
(DEBUG)   No filter matched.
(DEBUG) --> File is excluded.
(DEBUG) Check if /home/felipe/zephyrproject/zephyr-course/twister-out/native_sim_native/host_gnu/zephyr-course/tests/ring_buf/homework.unit.ring_buf/zephyr/kernel/CMakeFiles/kernel.dir/fatal.c.gcda is included (trace)...
(DEBUG)   No filter matched.
(DEBUG) --> File is excluded.
(DEBUG) Check if /home/felipe/zephyrproject/zephyr-course/twister-out/native_sim_native/host_gnu/zephyr-course/tests/ring_buf/homework.unit.ring_buf/zephyr/kernel/CMakeFiles/kernel.dir/fatal.c.gcda is included (trace)...
(DEBUG) --> File is excluded.
(DEBUG) Check if fatal.c##7bd2324eb9e955a9a9cacdaf7e04c4b2.gcov is included (gcov file)...
(DEBUG)   Filter AlwaysMatchFilter() matched.
(DEBUG) --> File is included.
(DEBUG) Check if coredump.h##11ab3e12a871be808faab6c68510def0.gcov is included (gcov file)...
(DEBUG)   Filter AlwaysMatchFilter() matched.
(DEBUG) --> File is included.
(DEBUG) Check if log_ctrl.h##bc7291ddb353fe8c15fcc40af1692eaa.gcov is included (gcov file)...
(DEBUG) --> File is included.
(DEBUG) Check if log_msg.h##8e71b5010d1ef358ceb2fe0042f1ff82.gcov is included (gcov file)...
(DEBUG) --> File is included.
(DEBUG) Check if kernel.h##02fe483cd34741e407932cea525697b1.gcov is included (gcov file)...
(DEBUG) --> File is included.
(DEBUG) Check if arch.h##f17e3501b457fcbd947bf4189b99bd89.gcov is included (gcov file)...
(DEBUG) --> File is included.
(DEBUG) Check if /home/felipe/zephyrproject/zephyr-course/twister-out/log_msg.h##8e71b5010d1ef358ceb2fe0042f1ff82.gcov is included (trace)...
(DEBUG) --> File is excluded.
(DEBUG) Finding source file corresponding to a gcov data file
  gcov_fname   /home/felipe/zephyrproject/zephyr-course/twister-out/log_msg.h##8e71b5010d1ef358ceb2fe0042f1ff82.gcov
  current_dir  /home/felipe/zephyrproject/zephyr-course/twister-out
  root         /home/felipe/zephyrproject/zephyr-course/app/modules/ring_buf
  starting_dir /home/felipe/zephyrproject/zephyr-course
  obj_dir      /home/felipe/zephyrproject/zephyr-course/twister-out
  gcda_fname   native_sim_native/host_gnu/zephyr-course/tests/ring_buf/homework.unit.ring_buf/zephyr/kernel/CMakeFiles/kernel.dir/fatal.c.gcda
  --> fname    /home/felipe/zephyrproject/zephyr/include/zephyr/logging/log_msg.h
(DEBUG) Check if /home/felipe/zephyrproject/zephyr/include/zephyr/logging/log_msg.h is included (source file)...
(DEBUG) --> File is excluded.
(DEBUG) Check if /home/felipe/zephyrproject/zephyr-course/twister-out/kernel.h##02fe483cd34741e407932cea525697b1.gcov is included (trace)...
(DEBUG) --> File is excluded.
(DEBUG) Finding source file corresponding to a gcov data file
  gcov_fname   /home/felipe/zephyrproject/zephyr-course/twister-out/kernel.h##02fe483cd34741e407932cea525697b1.gcov
  current_dir  /home/felipe/zephyrproject/zephyr-course/twister-out
  root         /home/felipe/zephyrproject/zephyr-course/app/modules/ring_buf
  starting_dir /home/felipe/zephyrproject/zephyr-course
  obj_dir      /home/felipe/zephyrproject/zephyr-course/twister-out
  gcda_fname   native_sim_native/host_gnu/zephyr-course/tests/ring_buf/homework.unit.ring_buf/zephyr/kernel/CMakeFiles/kernel.dir/fatal.c.gcda
  --> fname    /home/felipe/zephyrproject/zephyr-course/twister-out/native_sim_native/host_gnu/zephyr-course/tests/ring_buf/homework.unit.ring_buf/zephyr/include/generated/zephyr/syscalls/kernel.h
(DEBUG) Check if /home/felipe/zephyrproject/zephyr-course/twister-out/native_sim_native/host_gnu/zephyr-course/tests/ring_buf/homework.unit.ring_buf/zephyr/include/generated/zephyr/syscalls/kernel.h is included (source file)...
(DEBUG) --> File is excluded.
(DEBUG) Check if /home/felipe/zephyrproject/zephyr-course/twister-out/log_ctrl.h##bc7291ddb353fe8c15fcc40af1692eaa.gcov is included (trace)...
(DEBUG) --> File is excluded.
(DEBUG) Finding source file corresponding to a gcov data file
  gcov_fname   /home/felipe/zephyrproject/zephyr-course/twister-out/log_ctrl.h##bc7291ddb353fe8c15fcc40af1692eaa.gcov
  current_dir  /home/felipe/zephyrproject/zephyr-course/twister-out
  root         /home/felipe/zephyrproject/zephyr-course/app/modules/ring_buf
  starting_dir /home/felipe/zephyrproject/zephyr-course
  obj_dir      /home/felipe/zephyrproject/zephyr-course/twister-out
  gcda_fname   native_sim_native/host_gnu/zephyr-course/tests/ring_buf/homework.unit.ring_buf/zephyr/kernel/CMakeFiles/kernel.dir/fatal.c.gcda
  --> fname    /home/felipe/zephyrproject/zephyr-course/twister-out/native_sim_native/host_gnu/zephyr-course/tests/ring_buf/homework.unit.ring_buf/zephyr/include/generated/zephyr/syscalls/log_ctrl.h
(DEBUG) Check if /home/felipe/zephyrproject/zephyr-course/twister-out/native_sim_native/host_gnu/zephyr-course/tests/ring_buf/homework.unit.ring_buf/zephyr/include/generated/zephyr/syscalls/log_ctrl.h is included (source file)...
(DEBUG) --> File is excluded.
(DEBUG) Check if /home/felipe/zephyrproject/zephyr-course/twister-out/fatal.c##7bd2324eb9e955a9a9cacdaf7e04c4b2.gcov is included (trace)...
(DEBUG)   No filter matched.
(DEBUG) --> File is excluded.
(DEBUG) Finding source file corresponding to a gcov data file
  gcov_fname   /home/felipe/zephyrproject/zephyr-course/twister-out/fatal.c##7bd2324eb9e955a9a9cacdaf7e04c4b2.gcov
  current_dir  /home/felipe/zephyrproject/zephyr-course/twister-out
  root         /home/felipe/zephyrproject/zephyr-course/app/modules/ring_buf
  starting_dir /home/felipe/zephyrproject/zephyr-course
  obj_dir      /home/felipe/zephyrproject/zephyr-course/twister-out
  gcda_fname   native_sim_native/host_gnu/zephyr-course/tests/ring_buf/homework.unit.ring_buf/zephyr/kernel/CMakeFiles/kernel.dir/fatal.c.gcda
  --> fname    /home/felipe/zephyrproject/zephyr/kernel/fatal.c
(DEBUG) Check if /home/felipe/zephyrproject/zephyr/kernel/fatal.c is included (source file)...
(DEBUG)   No filter matched.
(DEBUG) --> File is excluded.
(DEBUG) Check if /home/felipe/zephyrproject/zephyr-course/twister-out/coredump.h##11ab3e12a871be808faab6c68510def0.gcov is included (trace)...
(DEBUG)   No filter matched.
(DEBUG) --> File is excluded.
(DEBUG) Finding source file corresponding to a gcov data file
  gcov_fname   /home/felipe/zephyrproject/zephyr-course/twister-out/coredump.h##11ab3e12a871be808faab6c68510def0.gcov
  current_dir  /home/felipe/zephyrproject/zephyr-course/twister-out
  root         /home/felipe/zephyrproject/zephyr-course/app/modules/ring_buf
  starting_dir /home/felipe/zephyrproject/zephyr-course
  obj_dir      /home/felipe/zephyrproject/zephyr-course/twister-out
  gcda_fname   native_sim_native/host_gnu/zephyr-course/tests/ring_buf/homework.unit.ring_buf/zephyr/kernel/CMakeFiles/kernel.dir/fatal.c.gcda
  --> fname    /home/felipe/zephyrproject/zephyr/include/zephyr/debug/coredump.h
(DEBUG) Check if /home/felipe/zephyrproject/zephyr/include/zephyr/debug/coredump.h is included (source file)...
(DEBUG)   No filter matched.
(DEBUG) --> File is excluded.
(DEBUG) Check if /home/felipe/zephyrproject/zephyr-course/twister-out/arch.h##f17e3501b457fcbd947bf4189b99bd89.gcov is included (trace)...
(DEBUG) --> File is excluded.
(DEBUG) Finding source file corresponding to a gcov data file
  gcov_fname   /home/felipe/zephyrproject/zephyr-course/twister-out/arch.h##f17e3501b457fcbd947bf4189b99bd89.gcov
  current_dir  /home/felipe/zephyrproject/zephyr-course/twister-out
  root         /home/felipe/zephyrproject/zephyr-course/app/modules/ring_buf
  starting_dir /home/felipe/zephyrproject/zephyr-course
  obj_dir      /home/felipe/zephyrproject/zephyr-course/twister-out
  gcda_fname   native_sim_native/host_gnu/zephyr-course/tests/ring_buf/homework.unit.ring_buf/zephyr/kernel/CMakeFiles/kernel.dir/fatal.c.gcda
  --> fname    /home/felipe/zephyrproject/zephyr/include/zephyr/arch/posix/arch.h
(DEBUG) Check if /home/felipe/zephyrproject/zephyr/include/zephyr/arch/posix/arch.h is included (source file)...
(DEBUG) --> File is excluded.
(DEBUG) Check if /home/felipe/zephyrproject/zephyr-course/twister-out/native_sim_native/host_gnu/zephyr-course/tests/ring_buf/homework.unit.ring_buf/zephyr/kernel/CMakeFiles/kernel.dir/float.c.gcno is included (trace)...
(DEBUG)   No filter matched.
(DEBUG) --> File is excluded.
(DEBUG) Check if /home/felipe/zephyrproject/zephyr-course/twister-out/native_sim_native/host_gnu/zephyr-course/tests/ring_buf/homework.unit.ring_buf/zephyr/kernel/CMakeFiles/kernel.dir/float.c.gcno is included (trace)...
(DEBUG) --> File is excluded.
(DEBUG) Check if float.c##46ed9fee27312e460c2c48f2f75f09bd.gcov is included (gcov file)...
(DEBUG)   Filter AlwaysMatchFilter() matched.
(DEBUG) --> File is included.
(DEBUG) Check if /home/felipe/zephyrproject/zephyr-course/twister-out/float.c##46ed9fee27312e460c2c48f2f75f09bd.gcov is included (trace)...
(DEBUG)   No filter matched.
(DEBUG) --> File is excluded.
(DEBUG) Finding source file corresponding to a gcov data file
  gcov_fname   /home/felipe/zephyrproject/zephyr-course/twister-out/float.c##46ed9fee27312e460c2c48f2f75f09bd.gcov
  current_dir  /home/felipe/zephyrproject/zephyr-course/twister-out
  root         /home/felipe/zephyrproject/zephyr-course/app/modules/ring_buf
  starting_dir /home/felipe/zephyrproject/zephyr-course
  obj_dir      /home/felipe/zephyrproject/zephyr-course/twister-out
  gcda_fname   native_sim_native/host_gnu/zephyr-course/tests/ring_buf/homework.unit.ring_buf/zephyr/kernel/CMakeFiles/kernel.dir/float.c.gcno
  --> fname    /home/felipe/zephyrproject/zephyr/kernel/float.c
(DEBUG) Check if /home/felipe/zephyrproject/zephyr/kernel/float.c is included (source file)...
(DEBUG)   No filter matched.
(DEBUG) --> File is excluded.
(DEBUG) Check if /home/felipe/zephyrproject/zephyr-course/twister-out/native_sim_native/host_gnu/zephyr-course/tests/ring_buf/homework.unit.ring_buf/zephyr/kernel/CMakeFiles/kernel.dir/idle.c.gcda is included (trace)...
(DEBUG)   No filter matched.
(DEBUG) --> File is excluded.
(DEBUG) Check if /home/felipe/zephyrproject/zephyr-course/twister-out/native_sim_native/host_gnu/zephyr-course/tests/ring_buf/homework.unit.ring_buf/zephyr/kernel/CMakeFiles/kernel.dir/idle.c.gcda is included (trace)...
(DEBUG) --> File is excluded.
(DEBUG) Check if idle.c##a6e2d185e401f1dd92e8720a7c2d64db.gcov is included (gcov file)...
(DEBUG)   Filter AlwaysMatchFilter() matched.
(DEBUG) --> File is included.
(DEBUG) Check if kernel.h##8118239d1ec13e308e040c6439814b34.gcov is included (gcov file)...
(DEBUG) --> File is included.
(DEBUG) Check if arch.h##f17e3501b457fcbd947bf4189b99bd89.gcov is included (gcov file)...
(DEBUG) --> File is included.
(DEBUG) Check if /home/felipe/zephyrproject/zephyr-course/twister-out/arch.h##f17e3501b457fcbd947bf4189b99bd89.gcov is included (trace)...
(DEBUG) --> File is excluded.
(DEBUG) Finding source file corresponding to a gcov data file
  gcov_fname   /home/felipe/zephyrproject/zephyr-course/twister-out/arch.h##f17e3501b457fcbd947bf4189b99bd89.gcov
  current_dir  /home/felipe/zephyrproject/zephyr-course/twister-out
  root         /home/felipe/zephyrproject/zephyr-course/app/modules/ring_buf
  starting_dir /home/felipe/zephyrproject/zephyr-course
  obj_dir      /home/felipe/zephyrproject/zephyr-course/twister-out
  gcda_fname   native_sim_native/host_gnu/zephyr-course/tests/ring_buf/homework.unit.ring_buf/zephyr/kernel/CMakeFiles/kernel.dir/idle.c.gcda
  --> fname    /home/felipe/zephyrproject/zephyr/include/zephyr/arch/posix/arch.h
(DEBUG) Check if /home/felipe/zephyrproject/zephyr/include/zephyr/arch/posix/arch.h is included (source file)...
(DEBUG) --> File is excluded.
(DEBUG) Check if /home/felipe/zephyrproject/zephyr-course/twister-out/idle.c##a6e2d185e401f1dd92e8720a7c2d64db.gcov is included (trace)...
(DEBUG)   No filter matched.
(DEBUG) --> File is excluded.
(DEBUG) Finding source file corresponding to a gcov data file
  gcov_fname   /home/felipe/zephyrproject/zephyr-course/twister-out/idle.c##a6e2d185e401f1dd92e8720a7c2d64db.gcov
  current_dir  /home/felipe/zephyrproject/zephyr-course/twister-out
  root         /home/felipe/zephyrproject/zephyr-course/app/modules/ring_buf
  starting_dir /home/felipe/zephyrproject/zephyr-course
  obj_dir      /home/felipe/zephyrproject/zephyr-course/twister-out
  gcda_fname   native_sim_native/host_gnu/zephyr-course/tests/ring_buf/homework.unit.ring_buf/zephyr/kernel/CMakeFiles/kernel.dir/idle.c.gcda
  --> fname    /home/felipe/zephyrproject/zephyr/kernel/idle.c
(DEBUG) Check if /home/felipe/zephyrproject/zephyr/kernel/idle.c is included (source file)...
(DEBUG)   No filter matched.
(DEBUG) --> File is excluded.
(DEBUG) Check if /home/felipe/zephyrproject/zephyr-course/twister-out/kernel.h##8118239d1ec13e308e040c6439814b34.gcov is included (trace)...
(DEBUG) --> File is excluded.
(DEBUG) Finding source file corresponding to a gcov data file
  gcov_fname   /home/felipe/zephyrproject/zephyr-course/twister-out/kernel.h##8118239d1ec13e308e040c6439814b34.gcov
  current_dir  /home/felipe/zephyrproject/zephyr-course/twister-out
  root         /home/felipe/zephyrproject/zephyr-course/app/modules/ring_buf
  starting_dir /home/felipe/zephyrproject/zephyr-course
  obj_dir      /home/felipe/zephyrproject/zephyr-course/twister-out
  gcda_fname   native_sim_native/host_gnu/zephyr-course/tests/ring_buf/homework.unit.ring_buf/zephyr/kernel/CMakeFiles/kernel.dir/idle.c.gcda
  --> fname    /home/felipe/zephyrproject/zephyr/include/zephyr/kernel.h
(DEBUG) Check if /home/felipe/zephyrproject/zephyr/include/zephyr/kernel.h is included (source file)...
(DEBUG) --> File is excluded.
(DEBUG) Check if /home/felipe/zephyrproject/zephyr-course/twister-out/native_sim_native/host_gnu/zephyr-course/tests/ring_buf/homework.unit.ring_buf/zephyr/kernel/CMakeFiles/kernel.dir/init.c.gcda is included (trace)...
(DEBUG)   No filter matched.
(DEBUG) --> File is excluded.
(DEBUG) Check if /home/felipe/zephyrproject/zephyr-course/twister-out/native_sim_native/host_gnu/zephyr-course/tests/ring_buf/homework.unit.ring_buf/zephyr/kernel/CMakeFiles/kernel.dir/init.c.gcda is included (trace)...
(DEBUG) --> File is excluded.
(DEBUG) Check if init.c##0f3b4d7ce2a828a097eabd4085d84eeb.gcov is included (gcov file)...
(DEBUG)   Filter AlwaysMatchFilter() matched.
(DEBUG) --> File is included.
(DEBUG) Check if gcov.h##15e1f3801e6ad3afea6fee5f60f01ed7.gcov is included (gcov file)...
(DEBUG)   Filter AlwaysMatchFilter() matched.
(DEBUG) --> File is included.
(DEBUG) Check if kthread.h##9409f455419132bfc3b9c8e76c631198.gcov is included (gcov file)...
(DEBUG) --> File is included.
(DEBUG) Check if timeout_q.h##90d851c3f83778dd36dd8b7e2ad60ead.gcov is included (gcov file)...
(DEBUG) --> File is included.
(DEBUG) Check if kernel_arch_func.h##32b155e641adc9cd48584db3704df6c2.gcov is included (gcov file)...
(DEBUG) --> File is included.
(DEBUG) Check if kernel.h##02fe483cd34741e407932cea525697b1.gcov is included (gcov file)...
(DEBUG) --> File is included.
(DEBUG) Check if kernel.h##8118239d1ec13e308e040c6439814b34.gcov is included (gcov file)...
(DEBUG) --> File is included.
(DEBUG) Check if kobject_internal.h##a8c30b7c0aaee4fff0317a3d8ddf7a57.gcov is included (gcov file)...
(DEBUG) --> File is included.
(DEBUG) Check if thread_stack.h##315e381aeee88a6ae64366dc5eacb4a9.gcov is included (gcov file)...
(DEBUG)   Filter AlwaysMatchFilter() matched.
(DEBUG) --> File is included.
(DEBUG) Check if arch.h##f17e3501b457fcbd947bf4189b99bd89.gcov is included (gcov file)...
(DEBUG) --> File is included.
(DEBUG) Check if /home/felipe/zephyrproject/zephyr-course/twister-out/kobject_internal.h##a8c30b7c0aaee4fff0317a3d8ddf7a57.gcov is included (trace)...
(DEBUG) --> File is excluded.
(DEBUG) Finding source file corresponding to a gcov data file
  gcov_fname   /home/felipe/zephyrproject/zephyr-course/twister-out/kobject_internal.h##a8c30b7c0aaee4fff0317a3d8ddf7a57.gcov
  current_dir  /home/felipe/zephyrproject/zephyr-course/twister-out
  root         /home/felipe/zephyrproject/zephyr-course/app/modules/ring_buf
  starting_dir /home/felipe/zephyrproject/zephyr-course
  obj_dir      /home/felipe/zephyrproject/zephyr-course/twister-out
  gcda_fname   native_sim_native/host_gnu/zephyr-course/tests/ring_buf/homework.unit.ring_buf/zephyr/kernel/CMakeFiles/kernel.dir/init.c.gcda
  --> fname    /home/felipe/zephyrproject/zephyr/include/zephyr/sys/internal/kobject_internal.h
(DEBUG) Check if /home/felipe/zephyrproject/zephyr/include/zephyr/sys/internal/kobject_internal.h is included (source file)...
(DEBUG) --> File is excluded.
(DEBUG) Check if /home/felipe/zephyrproject/zephyr-course/twister-out/kernel.h##02fe483cd34741e407932cea525697b1.gcov is included (trace)...
(DEBUG) --> File is excluded.
(DEBUG) Finding source file corresponding to a gcov data file
  gcov_fname   /home/felipe/zephyrproject/zephyr-course/twister-out/kernel.h##02fe483cd34741e407932cea525697b1.gcov
  current_dir  /home/felipe/zephyrproject/zephyr-course/twister-out
  root         /home/felipe/zephyrproject/zephyr-course/app/modules/ring_buf
  starting_dir /home/felipe/zephyrproject/zephyr-course
  obj_dir      /home/felipe/zephyrproject/zephyr-course/twister-out
  gcda_fname   native_sim_native/host_gnu/zephyr-course/tests/ring_buf/homework.unit.ring_buf/zephyr/kernel/CMakeFiles/kernel.dir/init.c.gcda
  --> fname    /home/felipe/zephyrproject/zephyr-course/twister-out/native_sim_native/host_gnu/zephyr-course/tests/ring_buf/homework.unit.ring_buf/zephyr/include/generated/zephyr/syscalls/kernel.h
(DEBUG) Check if /home/felipe/zephyrproject/zephyr-course/twister-out/native_sim_native/host_gnu/zephyr-course/tests/ring_buf/homework.unit.ring_buf/zephyr/include/generated/zephyr/syscalls/kernel.h is included (source file)...
(DEBUG) --> File is excluded.
(DEBUG) Check if /home/felipe/zephyrproject/zephyr-course/twister-out/kernel.h##8118239d1ec13e308e040c6439814b34.gcov is included (trace)...
(DEBUG) --> File is excluded.
(DEBUG) Finding source file corresponding to a gcov data file
  gcov_fname   /home/felipe/zephyrproject/zephyr-course/twister-out/kernel.h##8118239d1ec13e308e040c6439814b34.gcov
  current_dir  /home/felipe/zephyrproject/zephyr-course/twister-out
  root         /home/felipe/zephyrproject/zephyr-course/app/modules/ring_buf
  starting_dir /home/felipe/zephyrproject/zephyr-course
  obj_dir      /home/felipe/zephyrproject/zephyr-course/twister-out
  gcda_fname   native_sim_native/host_gnu/zephyr-course/tests/ring_buf/homework.unit.ring_buf/zephyr/kernel/CMakeFiles/kernel.dir/init.c.gcda
  --> fname    /home/felipe/zephyrproject/zephyr/include/zephyr/kernel.h
(DEBUG) Check if /home/felipe/zephyrproject/zephyr/include/zephyr/kernel.h is included (source file)...
(DEBUG) --> File is excluded.
(DEBUG) Check if /home/felipe/zephyrproject/zephyr-course/twister-out/thread_stack.h##315e381aeee88a6ae64366dc5eacb4a9.gcov is included (trace)...
(DEBUG)   No filter matched.
(DEBUG) --> File is excluded.
(DEBUG) Finding source file corresponding to a gcov data file
  gcov_fname   /home/felipe/zephyrproject/zephyr-course/twister-out/thread_stack.h##315e381aeee88a6ae64366dc5eacb4a9.gcov
  current_dir  /home/felipe/zephyrproject/zephyr-course/twister-out
  root         /home/felipe/zephyrproject/zephyr-course/app/modules/ring_buf
  starting_dir /home/felipe/zephyrproject/zephyr-course
  obj_dir      /home/felipe/zephyrproject/zephyr-course/twister-out
  gcda_fname   native_sim_native/host_gnu/zephyr-course/tests/ring_buf/homework.unit.ring_buf/zephyr/kernel/CMakeFiles/kernel.dir/init.c.gcda
  --> fname    /home/felipe/zephyrproject/zephyr/include/zephyr/kernel/thread_stack.h
(DEBUG) Check if /home/felipe/zephyrproject/zephyr/include/zephyr/kernel/thread_stack.h is included (source file)...
(DEBUG)   No filter matched.
(DEBUG) --> File is excluded.
(DEBUG) Check if /home/felipe/zephyrproject/zephyr-course/twister-out/arch.h##f17e3501b457fcbd947bf4189b99bd89.gcov is included (trace)...
(DEBUG) --> File is excluded.
(DEBUG) Finding source file corresponding to a gcov data file
  gcov_fname   /home/felipe/zephyrproject/zephyr-course/twister-out/arch.h##f17e3501b457fcbd947bf4189b99bd89.gcov
  current_dir  /home/felipe/zephyrproject/zephyr-course/twister-out
  root         /home/felipe/zephyrproject/zephyr-course/app/modules/ring_buf
  starting_dir /home/felipe/zephyrproject/zephyr-course
  obj_dir      /home/felipe/zephyrproject/zephyr-course/twister-out
  gcda_fname   native_sim_native/host_gnu/zephyr-course/tests/ring_buf/homework.unit.ring_buf/zephyr/kernel/CMakeFiles/kernel.dir/init.c.gcda
  --> fname    /home/felipe/zephyrproject/zephyr/include/zephyr/arch/posix/arch.h
(DEBUG) Check if /home/felipe/zephyrproject/zephyr/include/zephyr/arch/posix/arch.h is included (source file)...
(DEBUG) --> File is excluded.
(DEBUG) Check if /home/felipe/zephyrproject/zephyr-course/twister-out/gcov.h##15e1f3801e6ad3afea6fee5f60f01ed7.gcov is included (trace)...
(DEBUG)   No filter matched.
(DEBUG) --> File is excluded.
(DEBUG) Finding source file corresponding to a gcov data file
  gcov_fname   /home/felipe/zephyrproject/zephyr-course/twister-out/gcov.h##15e1f3801e6ad3afea6fee5f60f01ed7.gcov
  current_dir  /home/felipe/zephyrproject/zephyr-course/twister-out
  root         /home/felipe/zephyrproject/zephyr-course/app/modules/ring_buf
  starting_dir /home/felipe/zephyrproject/zephyr-course
  obj_dir      /home/felipe/zephyrproject/zephyr-course/twister-out
  gcda_fname   native_sim_native/host_gnu/zephyr-course/tests/ring_buf/homework.unit.ring_buf/zephyr/kernel/CMakeFiles/kernel.dir/init.c.gcda
  --> fname    /home/felipe/zephyrproject/zephyr/include/zephyr/debug/gcov.h
(DEBUG) Check if /home/felipe/zephyrproject/zephyr/include/zephyr/debug/gcov.h is included (source file)...
(DEBUG)   No filter matched.
(DEBUG) --> File is excluded.
(DEBUG) Check if /home/felipe/zephyrproject/zephyr-course/twister-out/timeout_q.h##90d851c3f83778dd36dd8b7e2ad60ead.gcov is included (trace)...
(DEBUG) --> File is excluded.
(DEBUG) Finding source file corresponding to a gcov data file
  gcov_fname   /home/felipe/zephyrproject/zephyr-course/twister-out/timeout_q.h##90d851c3f83778dd36dd8b7e2ad60ead.gcov
  current_dir  /home/felipe/zephyrproject/zephyr-course/twister-out
  root         /home/felipe/zephyrproject/zephyr-course/app/modules/ring_buf
  starting_dir /home/felipe/zephyrproject/zephyr-course
  obj_dir      /home/felipe/zephyrproject/zephyr-course/twister-out
  gcda_fname   native_sim_native/host_gnu/zephyr-course/tests/ring_buf/homework.unit.ring_buf/zephyr/kernel/CMakeFiles/kernel.dir/init.c.gcda
  --> fname    /home/felipe/zephyrproject/zephyr/kernel/include/timeout_q.h
(DEBUG) Check if /home/felipe/zephyrproject/zephyr/kernel/include/timeout_q.h is included (source file)...
(DEBUG) --> File is excluded.
(DEBUG) Check if /home/felipe/zephyrproject/zephyr-course/twister-out/init.c##0f3b4d7ce2a828a097eabd4085d84eeb.gcov is included (trace)...
(DEBUG)   No filter matched.
(DEBUG) --> File is excluded.
(DEBUG) Finding source file corresponding to a gcov data file
  gcov_fname   /home/felipe/zephyrproject/zephyr-course/twister-out/init.c##0f3b4d7ce2a828a097eabd4085d84eeb.gcov
  current_dir  /home/felipe/zephyrproject/zephyr-course/twister-out
  root         /home/felipe/zephyrproject/zephyr-course/app/modules/ring_buf
  starting_dir /home/felipe/zephyrproject/zephyr-course
  obj_dir      /home/felipe/zephyrproject/zephyr-course/twister-out
  gcda_fname   native_sim_native/host_gnu/zephyr-course/tests/ring_buf/homework.unit.ring_buf/zephyr/kernel/CMakeFiles/kernel.dir/init.c.gcda
  --> fname    /home/felipe/zephyrproject/zephyr/kernel/init.c
(DEBUG) Check if /home/felipe/zephyrproject/zephyr/kernel/init.c is included (source file)...
(DEBUG)   No filter matched.
(DEBUG) --> File is excluded.
(DEBUG) Check if /home/felipe/zephyrproject/zephyr-course/twister-out/kernel_arch_func.h##32b155e641adc9cd48584db3704df6c2.gcov is included (trace)...
(DEBUG) --> File is excluded.
(DEBUG) Finding source file corresponding to a gcov data file
  gcov_fname   /home/felipe/zephyrproject/zephyr-course/twister-out/kernel_arch_func.h##32b155e641adc9cd48584db3704df6c2.gcov
  current_dir  /home/felipe/zephyrproject/zephyr-course/twister-out
  root         /home/felipe/zephyrproject/zephyr-course/app/modules/ring_buf
  starting_dir /home/felipe/zephyrproject/zephyr-course
  obj_dir      /home/felipe/zephyrproject/zephyr-course/twister-out
  gcda_fname   native_sim_native/host_gnu/zephyr-course/tests/ring_buf/homework.unit.ring_buf/zephyr/kernel/CMakeFiles/kernel.dir/init.c.gcda
  --> fname    /home/felipe/zephyrproject/zephyr/arch/posix/include/kernel_arch_func.h
(DEBUG) Check if /home/felipe/zephyrproject/zephyr/arch/posix/include/kernel_arch_func.h is included (source file)...
(DEBUG) --> File is excluded.
(DEBUG) Check if /home/felipe/zephyrproject/zephyr-course/twister-out/kthread.h##9409f455419132bfc3b9c8e76c631198.gcov is included (trace)...
(DEBUG) --> File is excluded.
(DEBUG) Finding source file corresponding to a gcov data file
  gcov_fname   /home/felipe/zephyrproject/zephyr-course/twister-out/kthread.h##9409f455419132bfc3b9c8e76c631198.gcov
  current_dir  /home/felipe/zephyrproject/zephyr-course/twister-out
  root         /home/felipe/zephyrproject/zephyr-course/app/modules/ring_buf
  starting_dir /home/felipe/zephyrproject/zephyr-course
  obj_dir      /home/felipe/zephyrproject/zephyr-course/twister-out
  gcda_fname   native_sim_native/host_gnu/zephyr-course/tests/ring_buf/homework.unit.ring_buf/zephyr/kernel/CMakeFiles/kernel.dir/init.c.gcda
  --> fname    /home/felipe/zephyrproject/zephyr/kernel/include/kthread.h
(DEBUG) Check if /home/felipe/zephyrproject/zephyr/kernel/include/kthread.h is included (source file)...
(DEBUG) --> File is excluded.
(DEBUG) Check if /home/felipe/zephyrproject/zephyr-course/twister-out/native_sim_native/host_gnu/zephyr-course/tests/ring_buf/homework.unit.ring_buf/zephyr/kernel/CMakeFiles/kernel.dir/kheap.c.gcno is included (trace)...
(DEBUG)   No filter matched.
(DEBUG) --> File is excluded.
(DEBUG) Check if /home/felipe/zephyrproject/zephyr-course/twister-out/native_sim_native/host_gnu/zephyr-course/tests/ring_buf/homework.unit.ring_buf/zephyr/kernel/CMakeFiles/kernel.dir/kheap.c.gcno is included (trace)...
(DEBUG) --> File is excluded.
(DEBUG) Check if kheap.c##548c7fcfebb7bb64f063c7ccc8ecb665.gcov is included (gcov file)...
(DEBUG)   Filter AlwaysMatchFilter() matched.
(DEBUG) --> File is included.
(DEBUG) Check if wait_q.h##c55cb3824a8e32844a6026ec1729c33e.gcov is included (gcov file)...
(DEBUG) --> File is included.
(DEBUG) Check if math_extras_impl.h##5be93e8864918add166a9f02eace5500.gcov is included (gcov file)...
(DEBUG) --> File is included.
(DEBUG) Check if kernel_arch_func.h##32b155e641adc9cd48584db3704df6c2.gcov is included (gcov file)...
(DEBUG) --> File is included.
(DEBUG) Check if spinlock.h##d07917f143d2ca5ff94f2d220e528568.gcov is included (gcov file)...
(DEBUG) --> File is included.
(DEBUG) Check if arch.h##f17e3501b457fcbd947bf4189b99bd89.gcov is included (gcov file)...
(DEBUG) --> File is included.
(DEBUG) Check if dlist.h##0f388b119e698d4d0bf30b616f109283.gcov is included (gcov file)...
(DEBUG) --> File is included.
(DEBUG) Check if /home/felipe/zephyrproject/zephyr-course/twister-out/math_extras_impl.h##5be93e8864918add166a9f02eace5500.gcov is included (trace)...
(DEBUG) --> File is excluded.
(DEBUG) Finding source file corresponding to a gcov data file
  gcov_fname   /home/felipe/zephyrproject/zephyr-course/twister-out/math_extras_impl.h##5be93e8864918add166a9f02eace5500.gcov
  current_dir  /home/felipe/zephyrproject/zephyr-course/twister-out
  root         /home/felipe/zephyrproject/zephyr-course/app/modules/ring_buf
  starting_dir /home/felipe/zephyrproject/zephyr-course
  obj_dir      /home/felipe/zephyrproject/zephyr-course/twister-out
  gcda_fname   native_sim_native/host_gnu/zephyr-course/tests/ring_buf/homework.unit.ring_buf/zephyr/kernel/CMakeFiles/kernel.dir/kheap.c.gcno
  --> fname    /home/felipe/zephyrproject/zephyr/include/zephyr/sys/math_extras_impl.h
(DEBUG) Check if /home/felipe/zephyrproject/zephyr/include/zephyr/sys/math_extras_impl.h is included (source file)...
(DEBUG) --> File is excluded.
(DEBUG) Check if /home/felipe/zephyrproject/zephyr-course/twister-out/kheap.c##548c7fcfebb7bb64f063c7ccc8ecb665.gcov is included (trace)...
(DEBUG)   No filter matched.
(DEBUG) --> File is excluded.
(DEBUG) Finding source file corresponding to a gcov data file
  gcov_fname   /home/felipe/zephyrproject/zephyr-course/twister-out/kheap.c##548c7fcfebb7bb64f063c7ccc8ecb665.gcov
  current_dir  /home/felipe/zephyrproject/zephyr-course/twister-out
  root         /home/felipe/zephyrproject/zephyr-course/app/modules/ring_buf
  starting_dir /home/felipe/zephyrproject/zephyr-course
  obj_dir      /home/felipe/zephyrproject/zephyr-course/twister-out
  gcda_fname   native_sim_native/host_gnu/zephyr-course/tests/ring_buf/homework.unit.ring_buf/zephyr/kernel/CMakeFiles/kernel.dir/kheap.c.gcno
  --> fname    /home/felipe/zephyrproject/zephyr/kernel/kheap.c
(DEBUG) Check if /home/felipe/zephyrproject/zephyr/kernel/kheap.c is included (source file)...
(DEBUG)   No filter matched.
(DEBUG) --> File is excluded.
(DEBUG) Check if /home/felipe/zephyrproject/zephyr-course/twister-out/wait_q.h##c55cb3824a8e32844a6026ec1729c33e.gcov is included (trace)...
(DEBUG) --> File is excluded.
(DEBUG) Finding source file corresponding to a gcov data file
  gcov_fname   /home/felipe/zephyrproject/zephyr-course/twister-out/wait_q.h##c55cb3824a8e32844a6026ec1729c33e.gcov
  current_dir  /home/felipe/zephyrproject/zephyr-course/twister-out
  root         /home/felipe/zephyrproject/zephyr-course/app/modules/ring_buf
  starting_dir /home/felipe/zephyrproject/zephyr-course
  obj_dir      /home/felipe/zephyrproject/zephyr-course/twister-out
  gcda_fname   native_sim_native/host_gnu/zephyr-course/tests/ring_buf/homework.unit.ring_buf/zephyr/kernel/CMakeFiles/kernel.dir/kheap.c.gcno
  --> fname    /home/felipe/zephyrproject/zephyr/kernel/include/wait_q.h
(DEBUG) Check if /home/felipe/zephyrproject/zephyr/kernel/include/wait_q.h is included (source file)...
(DEBUG) --> File is excluded.
(DEBUG) Check if /home/felipe/zephyrproject/zephyr-course/twister-out/dlist.h##0f388b119e698d4d0bf30b616f109283.gcov is included (trace)...
(DEBUG) --> File is excluded.
(DEBUG) Finding source file corresponding to a gcov data file
  gcov_fname   /home/felipe/zephyrproject/zephyr-course/twister-out/dlist.h##0f388b119e698d4d0bf30b616f109283.gcov
  current_dir  /home/felipe/zephyrproject/zephyr-course/twister-out
  root         /home/felipe/zephyrproject/zephyr-course/app/modules/ring_buf
  starting_dir /home/felipe/zephyrproject/zephyr-course
  obj_dir      /home/felipe/zephyrproject/zephyr-course/twister-out
  gcda_fname   native_sim_native/host_gnu/zephyr-course/tests/ring_buf/homework.unit.ring_buf/zephyr/kernel/CMakeFiles/kernel.dir/kheap.c.gcno
  --> fname    /home/felipe/zephyrproject/zephyr/include/zephyr/sys/dlist.h
(DEBUG) Check if /home/felipe/zephyrproject/zephyr/include/zephyr/sys/dlist.h is included (source file)...
(DEBUG) --> File is excluded.
(DEBUG) Check if /home/felipe/zephyrproject/zephyr-course/twister-out/arch.h##f17e3501b457fcbd947bf4189b99bd89.gcov is included (trace)...
(DEBUG) --> File is excluded.
(DEBUG) Finding source file corresponding to a gcov data file
  gcov_fname   /home/felipe/zephyrproject/zephyr-course/twister-out/arch.h##f17e3501b457fcbd947bf4189b99bd89.gcov
  current_dir  /home/felipe/zephyrproject/zephyr-course/twister-out
  root         /home/felipe/zephyrproject/zephyr-course/app/modules/ring_buf
  starting_dir /home/felipe/zephyrproject/zephyr-course
  obj_dir      /home/felipe/zephyrproject/zephyr-course/twister-out
  gcda_fname   native_sim_native/host_gnu/zephyr-course/tests/ring_buf/homework.unit.ring_buf/zephyr/kernel/CMakeFiles/kernel.dir/kheap.c.gcno
  --> fname    /home/felipe/zephyrproject/zephyr/include/zephyr/arch/posix/arch.h
(DEBUG) Check if /home/felipe/zephyrproject/zephyr/include/zephyr/arch/posix/arch.h is included (source file)...
(DEBUG) --> File is excluded.
(DEBUG) Check if /home/felipe/zephyrproject/zephyr-course/twister-out/kernel_arch_func.h##32b155e641adc9cd48584db3704df6c2.gcov is included (trace)...
(DEBUG) --> File is excluded.
(DEBUG) Finding source file corresponding to a gcov data file
  gcov_fname   /home/felipe/zephyrproject/zephyr-course/twister-out/kernel_arch_func.h##32b155e641adc9cd48584db3704df6c2.gcov
  current_dir  /home/felipe/zephyrproject/zephyr-course/twister-out
  root         /home/felipe/zephyrproject/zephyr-course/app/modules/ring_buf
  starting_dir /home/felipe/zephyrproject/zephyr-course
  obj_dir      /home/felipe/zephyrproject/zephyr-course/twister-out
  gcda_fname   native_sim_native/host_gnu/zephyr-course/tests/ring_buf/homework.unit.ring_buf/zephyr/kernel/CMakeFiles/kernel.dir/kheap.c.gcno
  --> fname    /home/felipe/zephyrproject/zephyr/arch/posix/include/kernel_arch_func.h
(DEBUG) Check if /home/felipe/zephyrproject/zephyr/arch/posix/include/kernel_arch_func.h is included (source file)...
(DEBUG) --> File is excluded.
(DEBUG) Check if /home/felipe/zephyrproject/zephyr-course/twister-out/spinlock.h##d07917f143d2ca5ff94f2d220e528568.gcov is included (trace)...
(DEBUG) --> File is excluded.
(DEBUG) Finding source file corresponding to a gcov data file
  gcov_fname   /home/felipe/zephyrproject/zephyr-course/twister-out/spinlock.h##d07917f143d2ca5ff94f2d220e528568.gcov
  current_dir  /home/felipe/zephyrproject/zephyr-course/twister-out
  root         /home/felipe/zephyrproject/zephyr-course/app/modules/ring_buf
  starting_dir /home/felipe/zephyrproject/zephyr-course
  obj_dir      /home/felipe/zephyrproject/zephyr-course/twister-out
  gcda_fname   native_sim_native/host_gnu/zephyr-course/tests/ring_buf/homework.unit.ring_buf/zephyr/kernel/CMakeFiles/kernel.dir/kheap.c.gcno
  --> fname    /home/felipe/zephyrproject/zephyr/include/zephyr/spinlock.h
(DEBUG) Check if /home/felipe/zephyrproject/zephyr/include/zephyr/spinlock.h is included (source file)...
(DEBUG) --> File is excluded.
(DEBUG) Check if /home/felipe/zephyrproject/zephyr-course/twister-out/native_sim_native/host_gnu/zephyr-course/tests/ring_buf/homework.unit.ring_buf/zephyr/kernel/CMakeFiles/kernel.dir/mailbox.c.gcno is included (trace)...
(DEBUG)   No filter matched.
(DEBUG) --> File is excluded.
(DEBUG) Check if /home/felipe/zephyrproject/zephyr-course/twister-out/native_sim_native/host_gnu/zephyr-course/tests/ring_buf/homework.unit.ring_buf/zephyr/kernel/CMakeFiles/kernel.dir/mailbox.c.gcno is included (trace)...
(DEBUG) --> File is excluded.
(DEBUG) Check if mailbox.c##1bbb0314cca2528fe62ebfc6ff0fe953.gcov is included (gcov file)...
(DEBUG)   Filter AlwaysMatchFilter() matched.
(DEBUG) --> File is included.
(DEBUG) Check if wait_q.h##c55cb3824a8e32844a6026ec1729c33e.gcov is included (gcov file)...
(DEBUG) --> File is included.
(DEBUG) Check if ksched.h##0cebf465783caf800468063ad71827b7.gcov is included (gcov file)...
(DEBUG) --> File is included.
(DEBUG) Check if kthread.h##9409f455419132bfc3b9c8e76c631198.gcov is included (gcov file)...
(DEBUG) --> File is included.
(DEBUG) Check if kernel_arch_func.h##32b155e641adc9cd48584db3704df6c2.gcov is included (gcov file)...
(DEBUG) --> File is included.
(DEBUG) Check if kernel.h##02fe483cd34741e407932cea525697b1.gcov is included (gcov file)...
(DEBUG) --> File is included.
(DEBUG) Check if spinlock.h##d07917f143d2ca5ff94f2d220e528568.gcov is included (gcov file)...
(DEBUG) --> File is included.
(DEBUG) Check if arch.h##f17e3501b457fcbd947bf4189b99bd89.gcov is included (gcov file)...
(DEBUG) --> File is included.
(DEBUG) Check if dlist.h##0f388b119e698d4d0bf30b616f109283.gcov is included (gcov file)...
(DEBUG) --> File is included.
(DEBUG) Check if /home/felipe/zephyrproject/zephyr-course/twister-out/mailbox.c##1bbb0314cca2528fe62ebfc6ff0fe953.gcov is included (trace)...
(DEBUG)   No filter matched.
(DEBUG) --> File is excluded.
(DEBUG) Finding source file corresponding to a gcov data file
  gcov_fname   /home/felipe/zephyrproject/zephyr-course/twister-out/mailbox.c##1bbb0314cca2528fe62ebfc6ff0fe953.gcov
  current_dir  /home/felipe/zephyrproject/zephyr-course/twister-out
  root         /home/felipe/zephyrproject/zephyr-course/app/modules/ring_buf
  starting_dir /home/felipe/zephyrproject/zephyr-course
  obj_dir      /home/felipe/zephyrproject/zephyr-course/twister-out
  gcda_fname   native_sim_native/host_gnu/zephyr-course/tests/ring_buf/homework.unit.ring_buf/zephyr/kernel/CMakeFiles/kernel.dir/mailbox.c.gcno
  --> fname    /home/felipe/zephyrproject/zephyr/kernel/mailbox.c
(DEBUG) Check if /home/felipe/zephyrproject/zephyr/kernel/mailbox.c is included (source file)...
(DEBUG)   No filter matched.
(DEBUG) --> File is excluded.
(DEBUG) Check if /home/felipe/zephyrproject/zephyr-course/twister-out/spinlock.h##d07917f143d2ca5ff94f2d220e528568.gcov is included (trace)...
(DEBUG) --> File is excluded.
(DEBUG) Finding source file corresponding to a gcov data file
  gcov_fname   /home/felipe/zephyrproject/zephyr-course/twister-out/spinlock.h##d07917f143d2ca5ff94f2d220e528568.gcov
  current_dir  /home/felipe/zephyrproject/zephyr-course/twister-out
  root         /home/felipe/zephyrproject/zephyr-course/app/modules/ring_buf
  starting_dir /home/felipe/zephyrproject/zephyr-course
  obj_dir      /home/felipe/zephyrproject/zephyr-course/twister-out
  gcda_fname   native_sim_native/host_gnu/zephyr-course/tests/ring_buf/homework.unit.ring_buf/zephyr/kernel/CMakeFiles/kernel.dir/mailbox.c.gcno
  --> fname    /home/felipe/zephyrproject/zephyr/include/zephyr/spinlock.h
(DEBUG) Check if /home/felipe/zephyrproject/zephyr/include/zephyr/spinlock.h is included (source file)...
(DEBUG) --> File is excluded.
(DEBUG) Check if /home/felipe/zephyrproject/zephyr-course/twister-out/ksched.h##0cebf465783caf800468063ad71827b7.gcov is included (trace)...
(DEBUG) --> File is excluded.
(DEBUG) Finding source file corresponding to a gcov data file
  gcov_fname   /home/felipe/zephyrproject/zephyr-course/twister-out/ksched.h##0cebf465783caf800468063ad71827b7.gcov
  current_dir  /home/felipe/zephyrproject/zephyr-course/twister-out
  root         /home/felipe/zephyrproject/zephyr-course/app/modules/ring_buf
  starting_dir /home/felipe/zephyrproject/zephyr-course
  obj_dir      /home/felipe/zephyrproject/zephyr-course/twister-out
  gcda_fname   native_sim_native/host_gnu/zephyr-course/tests/ring_buf/homework.unit.ring_buf/zephyr/kernel/CMakeFiles/kernel.dir/mailbox.c.gcno
  --> fname    /home/felipe/zephyrproject/zephyr/kernel/include/ksched.h
(DEBUG) Check if /home/felipe/zephyrproject/zephyr/kernel/include/ksched.h is included (source file)...
(DEBUG) --> File is excluded.
(DEBUG) Check if /home/felipe/zephyrproject/zephyr-course/twister-out/kernel.h##02fe483cd34741e407932cea525697b1.gcov is included (trace)...
(DEBUG) --> File is excluded.
(DEBUG) Finding source file corresponding to a gcov data file
  gcov_fname   /home/felipe/zephyrproject/zephyr-course/twister-out/kernel.h##02fe483cd34741e407932cea525697b1.gcov
  current_dir  /home/felipe/zephyrproject/zephyr-course/twister-out
  root         /home/felipe/zephyrproject/zephyr-course/app/modules/ring_buf
  starting_dir /home/felipe/zephyrproject/zephyr-course
  obj_dir      /home/felipe/zephyrproject/zephyr-course/twister-out
  gcda_fname   native_sim_native/host_gnu/zephyr-course/tests/ring_buf/homework.unit.ring_buf/zephyr/kernel/CMakeFiles/kernel.dir/mailbox.c.gcno
  --> fname    /home/felipe/zephyrproject/zephyr-course/twister-out/native_sim_native/host_gnu/zephyr-course/tests/ring_buf/homework.unit.ring_buf/zephyr/include/generated/zephyr/syscalls/kernel.h
(DEBUG) Check if /home/felipe/zephyrproject/zephyr-course/twister-out/native_sim_native/host_gnu/zephyr-course/tests/ring_buf/homework.unit.ring_buf/zephyr/include/generated/zephyr/syscalls/kernel.h is included (source file)...
(DEBUG) --> File is excluded.
(DEBUG) Check if /home/felipe/zephyrproject/zephyr-course/twister-out/wait_q.h##c55cb3824a8e32844a6026ec1729c33e.gcov is included (trace)...
(DEBUG) --> File is excluded.
(DEBUG) Finding source file corresponding to a gcov data file
  gcov_fname   /home/felipe/zephyrproject/zephyr-course/twister-out/wait_q.h##c55cb3824a8e32844a6026ec1729c33e.gcov
  current_dir  /home/felipe/zephyrproject/zephyr-course/twister-out
  root         /home/felipe/zephyrproject/zephyr-course/app/modules/ring_buf
  starting_dir /home/felipe/zephyrproject/zephyr-course
  obj_dir      /home/felipe/zephyrproject/zephyr-course/twister-out
  gcda_fname   native_sim_native/host_gnu/zephyr-course/tests/ring_buf/homework.unit.ring_buf/zephyr/kernel/CMakeFiles/kernel.dir/mailbox.c.gcno
  --> fname    /home/felipe/zephyrproject/zephyr/kernel/include/wait_q.h
(DEBUG) Check if /home/felipe/zephyrproject/zephyr/kernel/include/wait_q.h is included (source file)...
(DEBUG) --> File is excluded.
(DEBUG) Check if /home/felipe/zephyrproject/zephyr-course/twister-out/dlist.h##0f388b119e698d4d0bf30b616f109283.gcov is included (trace)...
(DEBUG) --> File is excluded.
(DEBUG) Finding source file corresponding to a gcov data file
  gcov_fname   /home/felipe/zephyrproject/zephyr-course/twister-out/dlist.h##0f388b119e698d4d0bf30b616f109283.gcov
  current_dir  /home/felipe/zephyrproject/zephyr-course/twister-out
  root         /home/felipe/zephyrproject/zephyr-course/app/modules/ring_buf
  starting_dir /home/felipe/zephyrproject/zephyr-course
  obj_dir      /home/felipe/zephyrproject/zephyr-course/twister-out
  gcda_fname   native_sim_native/host_gnu/zephyr-course/tests/ring_buf/homework.unit.ring_buf/zephyr/kernel/CMakeFiles/kernel.dir/mailbox.c.gcno
  --> fname    /home/felipe/zephyrproject/zephyr/include/zephyr/sys/dlist.h
(DEBUG) Check if /home/felipe/zephyrproject/zephyr/include/zephyr/sys/dlist.h is included (source file)...
(DEBUG) --> File is excluded.
(DEBUG) Check if /home/felipe/zephyrproject/zephyr-course/twister-out/arch.h##f17e3501b457fcbd947bf4189b99bd89.gcov is included (trace)...
(DEBUG) --> File is excluded.
(DEBUG) Finding source file corresponding to a gcov data file
  gcov_fname   /home/felipe/zephyrproject/zephyr-course/twister-out/arch.h##f17e3501b457fcbd947bf4189b99bd89.gcov
  current_dir  /home/felipe/zephyrproject/zephyr-course/twister-out
  root         /home/felipe/zephyrproject/zephyr-course/app/modules/ring_buf
  starting_dir /home/felipe/zephyrproject/zephyr-course
  obj_dir      /home/felipe/zephyrproject/zephyr-course/twister-out
  gcda_fname   native_sim_native/host_gnu/zephyr-course/tests/ring_buf/homework.unit.ring_buf/zephyr/kernel/CMakeFiles/kernel.dir/mailbox.c.gcno
  --> fname    /home/felipe/zephyrproject/zephyr/include/zephyr/arch/posix/arch.h
(DEBUG) Check if /home/felipe/zephyrproject/zephyr/include/zephyr/arch/posix/arch.h is included (source file)...
(DEBUG) --> File is excluded.
(DEBUG) Check if /home/felipe/zephyrproject/zephyr-course/twister-out/kernel_arch_func.h##32b155e641adc9cd48584db3704df6c2.gcov is included (trace)...
(DEBUG) --> File is excluded.
(DEBUG) Finding source file corresponding to a gcov data file
  gcov_fname   /home/felipe/zephyrproject/zephyr-course/twister-out/kernel_arch_func.h##32b155e641adc9cd48584db3704df6c2.gcov
  current_dir  /home/felipe/zephyrproject/zephyr-course/twister-out
  root         /home/felipe/zephyrproject/zephyr-course/app/modules/ring_buf
  starting_dir /home/felipe/zephyrproject/zephyr-course
  obj_dir      /home/felipe/zephyrproject/zephyr-course/twister-out
  gcda_fname   native_sim_native/host_gnu/zephyr-course/tests/ring_buf/homework.unit.ring_buf/zephyr/kernel/CMakeFiles/kernel.dir/mailbox.c.gcno
  --> fname    /home/felipe/zephyrproject/zephyr/arch/posix/include/kernel_arch_func.h
(DEBUG) Check if /home/felipe/zephyrproject/zephyr/arch/posix/include/kernel_arch_func.h is included (source file)...
(DEBUG) --> File is excluded.
(DEBUG) Check if /home/felipe/zephyrproject/zephyr-course/twister-out/kthread.h##9409f455419132bfc3b9c8e76c631198.gcov is included (trace)...
(DEBUG) --> File is excluded.
(DEBUG) Finding source file corresponding to a gcov data file
  gcov_fname   /home/felipe/zephyrproject/zephyr-course/twister-out/kthread.h##9409f455419132bfc3b9c8e76c631198.gcov
  current_dir  /home/felipe/zephyrproject/zephyr-course/twister-out
  root         /home/felipe/zephyrproject/zephyr-course/app/modules/ring_buf
  starting_dir /home/felipe/zephyrproject/zephyr-course
  obj_dir      /home/felipe/zephyrproject/zephyr-course/twister-out
  gcda_fname   native_sim_native/host_gnu/zephyr-course/tests/ring_buf/homework.unit.ring_buf/zephyr/kernel/CMakeFiles/kernel.dir/mailbox.c.gcno
  --> fname    /home/felipe/zephyrproject/zephyr/kernel/include/kthread.h
(DEBUG) Check if /home/felipe/zephyrproject/zephyr/kernel/include/kthread.h is included (source file)...
(DEBUG) --> File is excluded.
(DEBUG) Check if /home/felipe/zephyrproject/zephyr-course/twister-out/native_sim_native/host_gnu/zephyr-course/tests/ring_buf/homework.unit.ring_buf/zephyr/kernel/CMakeFiles/kernel.dir/main_weak.c.gcno is included (trace)...
(DEBUG)   No filter matched.
(DEBUG) --> File is excluded.
(DEBUG) Check if /home/felipe/zephyrproject/zephyr-course/twister-out/native_sim_native/host_gnu/zephyr-course/tests/ring_buf/homework.unit.ring_buf/zephyr/kernel/CMakeFiles/kernel.dir/main_weak.c.gcno is included (trace)...
(DEBUG) --> File is excluded.
(DEBUG) Check if main_weak.c##3a8e89ca5f88bbecda06c84be794f85f.gcov is included (gcov file)...
(DEBUG)   Filter AlwaysMatchFilter() matched.
(DEBUG) --> File is included.
(DEBUG) Check if arch.h##f17e3501b457fcbd947bf4189b99bd89.gcov is included (gcov file)...
(DEBUG) --> File is included.
(DEBUG) Check if /home/felipe/zephyrproject/zephyr-course/twister-out/arch.h##f17e3501b457fcbd947bf4189b99bd89.gcov is included (trace)...
(DEBUG) --> File is excluded.
(DEBUG) Finding source file corresponding to a gcov data file
  gcov_fname   /home/felipe/zephyrproject/zephyr-course/twister-out/arch.h##f17e3501b457fcbd947bf4189b99bd89.gcov
  current_dir  /home/felipe/zephyrproject/zephyr-course/twister-out
  root         /home/felipe/zephyrproject/zephyr-course/app/modules/ring_buf
  starting_dir /home/felipe/zephyrproject/zephyr-course
  obj_dir      /home/felipe/zephyrproject/zephyr-course/twister-out
  gcda_fname   native_sim_native/host_gnu/zephyr-course/tests/ring_buf/homework.unit.ring_buf/zephyr/kernel/CMakeFiles/kernel.dir/main_weak.c.gcno
  --> fname    /home/felipe/zephyrproject/zephyr/include/zephyr/arch/posix/arch.h
(DEBUG) Check if /home/felipe/zephyrproject/zephyr/include/zephyr/arch/posix/arch.h is included (source file)...
(DEBUG) --> File is excluded.
(DEBUG) Check if /home/felipe/zephyrproject/zephyr-course/twister-out/main_weak.c##3a8e89ca5f88bbecda06c84be794f85f.gcov is included (trace)...
(DEBUG)   No filter matched.
(DEBUG) --> File is excluded.
(DEBUG) Finding source file corresponding to a gcov data file
  gcov_fname   /home/felipe/zephyrproject/zephyr-course/twister-out/main_weak.c##3a8e89ca5f88bbecda06c84be794f85f.gcov
  current_dir  /home/felipe/zephyrproject/zephyr-course/twister-out
  root         /home/felipe/zephyrproject/zephyr-course/app/modules/ring_buf
  starting_dir /home/felipe/zephyrproject/zephyr-course
  obj_dir      /home/felipe/zephyrproject/zephyr-course/twister-out
  gcda_fname   native_sim_native/host_gnu/zephyr-course/tests/ring_buf/homework.unit.ring_buf/zephyr/kernel/CMakeFiles/kernel.dir/main_weak.c.gcno
  --> fname    /home/felipe/zephyrproject/zephyr/kernel/main_weak.c
(DEBUG) Check if /home/felipe/zephyrproject/zephyr/kernel/main_weak.c is included (source file)...
(DEBUG)   No filter matched.
(DEBUG) --> File is excluded.
(DEBUG) Check if /home/felipe/zephyrproject/zephyr-course/twister-out/native_sim_native/host_gnu/zephyr-course/tests/ring_buf/homework.unit.ring_buf/zephyr/kernel/CMakeFiles/kernel.dir/mem_slab.c.gcno is included (trace)...
(DEBUG)   No filter matched.
(DEBUG) --> File is excluded.
(DEBUG) Check if /home/felipe/zephyrproject/zephyr-course/twister-out/native_sim_native/host_gnu/zephyr-course/tests/ring_buf/homework.unit.ring_buf/zephyr/kernel/CMakeFiles/kernel.dir/mem_slab.c.gcno is included (trace)...
(DEBUG) --> File is excluded.
(DEBUG) Check if mem_slab.c##9dccc1e506d7cc9bad54b9cc3549c235.gcov is included (gcov file)...
(DEBUG)   Filter AlwaysMatchFilter() matched.
(DEBUG) --> File is included.
(DEBUG) Check if wait_q.h##c55cb3824a8e32844a6026ec1729c33e.gcov is included (gcov file)...
(DEBUG) --> File is included.
(DEBUG) Check if ksched.h##0cebf465783caf800468063ad71827b7.gcov is included (gcov file)...
(DEBUG) --> File is included.
(DEBUG) Check if priority_q.h##b43b8b9793e0b1f450fbd5ad330f5149.gcov is included (gcov file)...
(DEBUG) --> File is included.
(DEBUG) Check if math_extras_impl.h##5be93e8864918add166a9f02eace5500.gcov is included (gcov file)...
(DEBUG) --> File is included.
(DEBUG) Check if kernel_internal.h##3b95e9c6edb7551da96548b3f2925c98.gcov is included (gcov file)...
(DEBUG)   Filter AlwaysMatchFilter() matched.
(DEBUG) --> File is included.
(DEBUG) Check if kthread.h##9409f455419132bfc3b9c8e76c631198.gcov is included (gcov file)...
(DEBUG) --> File is included.
(DEBUG) Check if timeout_q.h##90d851c3f83778dd36dd8b7e2ad60ead.gcov is included (gcov file)...
(DEBUG) --> File is included.
(DEBUG) Check if kernel_arch_func.h##32b155e641adc9cd48584db3704df6c2.gcov is included (gcov file)...
(DEBUG) --> File is included.
(DEBUG) Check if kobject_internal.h##a8c30b7c0aaee4fff0317a3d8ddf7a57.gcov is included (gcov file)...
(DEBUG) --> File is included.
(DEBUG) Check if spinlock.h##d07917f143d2ca5ff94f2d220e528568.gcov is included (gcov file)...
(DEBUG) --> File is included.
(DEBUG) Check if arch.h##f17e3501b457fcbd947bf4189b99bd89.gcov is included (gcov file)...
(DEBUG) --> File is included.
(DEBUG) Check if dlist.h##0f388b119e698d4d0bf30b616f109283.gcov is included (gcov file)...
(DEBUG) --> File is included.
(DEBUG) Check if /home/felipe/zephyrproject/zephyr-course/twister-out/spinlock.h##d07917f143d2ca5ff94f2d220e528568.gcov is included (trace)...
(DEBUG) --> File is excluded.
(DEBUG) Finding source file corresponding to a gcov data file
  gcov_fname   /home/felipe/zephyrproject/zephyr-course/twister-out/spinlock.h##d07917f143d2ca5ff94f2d220e528568.gcov
  current_dir  /home/felipe/zephyrproject/zephyr-course/twister-out
  root         /home/felipe/zephyrproject/zephyr-course/app/modules/ring_buf
  starting_dir /home/felipe/zephyrproject/zephyr-course
  obj_dir      /home/felipe/zephyrproject/zephyr-course/twister-out
  gcda_fname   native_sim_native/host_gnu/zephyr-course/tests/ring_buf/homework.unit.ring_buf/zephyr/kernel/CMakeFiles/kernel.dir/mem_slab.c.gcno
  --> fname    /home/felipe/zephyrproject/zephyr/include/zephyr/spinlock.h
(DEBUG) Check if /home/felipe/zephyrproject/zephyr/include/zephyr/spinlock.h is included (source file)...
(DEBUG) --> File is excluded.
(DEBUG) Check if /home/felipe/zephyrproject/zephyr-course/twister-out/mem_slab.c##9dccc1e506d7cc9bad54b9cc3549c235.gcov is included (trace)...
(DEBUG)   No filter matched.
(DEBUG) --> File is excluded.
(DEBUG) Finding source file corresponding to a gcov data file
  gcov_fname   /home/felipe/zephyrproject/zephyr-course/twister-out/mem_slab.c##9dccc1e506d7cc9bad54b9cc3549c235.gcov
  current_dir  /home/felipe/zephyrproject/zephyr-course/twister-out
  root         /home/felipe/zephyrproject/zephyr-course/app/modules/ring_buf
  starting_dir /home/felipe/zephyrproject/zephyr-course
  obj_dir      /home/felipe/zephyrproject/zephyr-course/twister-out
  gcda_fname   native_sim_native/host_gnu/zephyr-course/tests/ring_buf/homework.unit.ring_buf/zephyr/kernel/CMakeFiles/kernel.dir/mem_slab.c.gcno
  --> fname    /home/felipe/zephyrproject/zephyr/kernel/mem_slab.c
(DEBUG) Check if /home/felipe/zephyrproject/zephyr/kernel/mem_slab.c is included (source file)...
(DEBUG)   No filter matched.
(DEBUG) --> File is excluded.
(DEBUG) Check if /home/felipe/zephyrproject/zephyr-course/twister-out/ksched.h##0cebf465783caf800468063ad71827b7.gcov is included (trace)...
(DEBUG) --> File is excluded.
(DEBUG) Finding source file corresponding to a gcov data file
  gcov_fname   /home/felipe/zephyrproject/zephyr-course/twister-out/ksched.h##0cebf465783caf800468063ad71827b7.gcov
  current_dir  /home/felipe/zephyrproject/zephyr-course/twister-out
  root         /home/felipe/zephyrproject/zephyr-course/app/modules/ring_buf
  starting_dir /home/felipe/zephyrproject/zephyr-course
  obj_dir      /home/felipe/zephyrproject/zephyr-course/twister-out
  gcda_fname   native_sim_native/host_gnu/zephyr-course/tests/ring_buf/homework.unit.ring_buf/zephyr/kernel/CMakeFiles/kernel.dir/mem_slab.c.gcno
  --> fname    /home/felipe/zephyrproject/zephyr/kernel/include/ksched.h
(DEBUG) Check if /home/felipe/zephyrproject/zephyr/kernel/include/ksched.h is included (source file)...
(DEBUG) --> File is excluded.
(DEBUG) Check if /home/felipe/zephyrproject/zephyr-course/twister-out/kobject_internal.h##a8c30b7c0aaee4fff0317a3d8ddf7a57.gcov is included (trace)...
(DEBUG) --> File is excluded.
(DEBUG) Finding source file corresponding to a gcov data file
  gcov_fname   /home/felipe/zephyrproject/zephyr-course/twister-out/kobject_internal.h##a8c30b7c0aaee4fff0317a3d8ddf7a57.gcov
  current_dir  /home/felipe/zephyrproject/zephyr-course/twister-out
  root         /home/felipe/zephyrproject/zephyr-course/app/modules/ring_buf
  starting_dir /home/felipe/zephyrproject/zephyr-course
  obj_dir      /home/felipe/zephyrproject/zephyr-course/twister-out
  gcda_fname   native_sim_native/host_gnu/zephyr-course/tests/ring_buf/homework.unit.ring_buf/zephyr/kernel/CMakeFiles/kernel.dir/mem_slab.c.gcno
  --> fname    /home/felipe/zephyrproject/zephyr/include/zephyr/sys/internal/kobject_internal.h
(DEBUG) Check if /home/felipe/zephyrproject/zephyr/include/zephyr/sys/internal/kobject_internal.h is included (source file)...
(DEBUG) --> File is excluded.
(DEBUG) Check if /home/felipe/zephyrproject/zephyr-course/twister-out/math_extras_impl.h##5be93e8864918add166a9f02eace5500.gcov is included (trace)...
(DEBUG) --> File is excluded.
(DEBUG) Finding source file corresponding to a gcov data file
  gcov_fname   /home/felipe/zephyrproject/zephyr-course/twister-out/math_extras_impl.h##5be93e8864918add166a9f02eace5500.gcov
  current_dir  /home/felipe/zephyrproject/zephyr-course/twister-out
  root         /home/felipe/zephyrproject/zephyr-course/app/modules/ring_buf
  starting_dir /home/felipe/zephyrproject/zephyr-course
  obj_dir      /home/felipe/zephyrproject/zephyr-course/twister-out
  gcda_fname   native_sim_native/host_gnu/zephyr-course/tests/ring_buf/homework.unit.ring_buf/zephyr/kernel/CMakeFiles/kernel.dir/mem_slab.c.gcno
  --> fname    /home/felipe/zephyrproject/zephyr/include/zephyr/sys/math_extras_impl.h
(DEBUG) Check if /home/felipe/zephyrproject/zephyr/include/zephyr/sys/math_extras_impl.h is included (source file)...
(DEBUG) --> File is excluded.
(DEBUG) Check if /home/felipe/zephyrproject/zephyr-course/twister-out/priority_q.h##b43b8b9793e0b1f450fbd5ad330f5149.gcov is included (trace)...
(DEBUG) --> File is excluded.
(DEBUG) Finding source file corresponding to a gcov data file
  gcov_fname   /home/felipe/zephyrproject/zephyr-course/twister-out/priority_q.h##b43b8b9793e0b1f450fbd5ad330f5149.gcov
  current_dir  /home/felipe/zephyrproject/zephyr-course/twister-out
  root         /home/felipe/zephyrproject/zephyr-course/app/modules/ring_buf
  starting_dir /home/felipe/zephyrproject/zephyr-course
  obj_dir      /home/felipe/zephyrproject/zephyr-course/twister-out
  gcda_fname   native_sim_native/host_gnu/zephyr-course/tests/ring_buf/homework.unit.ring_buf/zephyr/kernel/CMakeFiles/kernel.dir/mem_slab.c.gcno
  --> fname    /home/felipe/zephyrproject/zephyr/kernel/include/priority_q.h
(DEBUG) Check if /home/felipe/zephyrproject/zephyr/kernel/include/priority_q.h is included (source file)...
(DEBUG) --> File is excluded.
(DEBUG) Check if /home/felipe/zephyrproject/zephyr-course/twister-out/arch.h##f17e3501b457fcbd947bf4189b99bd89.gcov is included (trace)...
(DEBUG) --> File is excluded.
(DEBUG) Finding source file corresponding to a gcov data file
  gcov_fname   /home/felipe/zephyrproject/zephyr-course/twister-out/arch.h##f17e3501b457fcbd947bf4189b99bd89.gcov
  current_dir  /home/felipe/zephyrproject/zephyr-course/twister-out
  root         /home/felipe/zephyrproject/zephyr-course/app/modules/ring_buf
  starting_dir /home/felipe/zephyrproject/zephyr-course
  obj_dir      /home/felipe/zephyrproject/zephyr-course/twister-out
  gcda_fname   native_sim_native/host_gnu/zephyr-course/tests/ring_buf/homework.unit.ring_buf/zephyr/kernel/CMakeFiles/kernel.dir/mem_slab.c.gcno
  --> fname    /home/felipe/zephyrproject/zephyr/include/zephyr/arch/posix/arch.h
(DEBUG) Check if /home/felipe/zephyrproject/zephyr/include/zephyr/arch/posix/arch.h is included (source file)...
(DEBUG) --> File is excluded.
(DEBUG) Check if /home/felipe/zephyrproject/zephyr-course/twister-out/wait_q.h##c55cb3824a8e32844a6026ec1729c33e.gcov is included (trace)...
(DEBUG) --> File is excluded.
(DEBUG) Finding source file corresponding to a gcov data file
  gcov_fname   /home/felipe/zephyrproject/zephyr-course/twister-out/wait_q.h##c55cb3824a8e32844a6026ec1729c33e.gcov
  current_dir  /home/felipe/zephyrproject/zephyr-course/twister-out
  root         /home/felipe/zephyrproject/zephyr-course/app/modules/ring_buf
  starting_dir /home/felipe/zephyrproject/zephyr-course
  obj_dir      /home/felipe/zephyrproject/zephyr-course/twister-out
  gcda_fname   native_sim_native/host_gnu/zephyr-course/tests/ring_buf/homework.unit.ring_buf/zephyr/kernel/CMakeFiles/kernel.dir/mem_slab.c.gcno
  --> fname    /home/felipe/zephyrproject/zephyr/kernel/include/wait_q.h
(DEBUG) Check if /home/felipe/zephyrproject/zephyr/kernel/include/wait_q.h is included (source file)...
(DEBUG) --> File is excluded.
(DEBUG) Check if /home/felipe/zephyrproject/zephyr-course/twister-out/kernel_internal.h##3b95e9c6edb7551da96548b3f2925c98.gcov is included (trace)...
(DEBUG)   No filter matched.
(DEBUG) --> File is excluded.
(DEBUG) Finding source file corresponding to a gcov data file
  gcov_fname   /home/felipe/zephyrproject/zephyr-course/twister-out/kernel_internal.h##3b95e9c6edb7551da96548b3f2925c98.gcov
  current_dir  /home/felipe/zephyrproject/zephyr-course/twister-out
  root         /home/felipe/zephyrproject/zephyr-course/app/modules/ring_buf
  starting_dir /home/felipe/zephyrproject/zephyr-course
  obj_dir      /home/felipe/zephyrproject/zephyr-course/twister-out
  gcda_fname   native_sim_native/host_gnu/zephyr-course/tests/ring_buf/homework.unit.ring_buf/zephyr/kernel/CMakeFiles/kernel.dir/mem_slab.c.gcno
  --> fname    /home/felipe/zephyrproject/zephyr/kernel/include/kernel_internal.h
(DEBUG) Check if /home/felipe/zephyrproject/zephyr/kernel/include/kernel_internal.h is included (source file)...
(DEBUG)   No filter matched.
(DEBUG) --> File is excluded.
(DEBUG) Check if /home/felipe/zephyrproject/zephyr-course/twister-out/dlist.h##0f388b119e698d4d0bf30b616f109283.gcov is included (trace)...
(DEBUG) --> File is excluded.
(DEBUG) Finding source file corresponding to a gcov data file
  gcov_fname   /home/felipe/zephyrproject/zephyr-course/twister-out/dlist.h##0f388b119e698d4d0bf30b616f109283.gcov
  current_dir  /home/felipe/zephyrproject/zephyr-course/twister-out
  root         /home/felipe/zephyrproject/zephyr-course/app/modules/ring_buf
  starting_dir /home/felipe/zephyrproject/zephyr-course
  obj_dir      /home/felipe/zephyrproject/zephyr-course/twister-out
  gcda_fname   native_sim_native/host_gnu/zephyr-course/tests/ring_buf/homework.unit.ring_buf/zephyr/kernel/CMakeFiles/kernel.dir/mem_slab.c.gcno
  --> fname    /home/felipe/zephyrproject/zephyr/include/zephyr/sys/dlist.h
(DEBUG) Check if /home/felipe/zephyrproject/zephyr/include/zephyr/sys/dlist.h is included (source file)...
(DEBUG) --> File is excluded.
(DEBUG) Check if /home/felipe/zephyrproject/zephyr-course/twister-out/timeout_q.h##90d851c3f83778dd36dd8b7e2ad60ead.gcov is included (trace)...
(DEBUG) --> File is excluded.
(DEBUG) Finding source file corresponding to a gcov data file
  gcov_fname   /home/felipe/zephyrproject/zephyr-course/twister-out/timeout_q.h##90d851c3f83778dd36dd8b7e2ad60ead.gcov
  current_dir  /home/felipe/zephyrproject/zephyr-course/twister-out
  root         /home/felipe/zephyrproject/zephyr-course/app/modules/ring_buf
  starting_dir /home/felipe/zephyrproject/zephyr-course
  obj_dir      /home/felipe/zephyrproject/zephyr-course/twister-out
  gcda_fname   native_sim_native/host_gnu/zephyr-course/tests/ring_buf/homework.unit.ring_buf/zephyr/kernel/CMakeFiles/kernel.dir/mem_slab.c.gcno
  --> fname    /home/felipe/zephyrproject/zephyr/kernel/include/timeout_q.h
(DEBUG) Check if /home/felipe/zephyrproject/zephyr/kernel/include/timeout_q.h is included (source file)...
(DEBUG) --> File is excluded.
(DEBUG) Check if /home/felipe/zephyrproject/zephyr-course/twister-out/kernel_arch_func.h##32b155e641adc9cd48584db3704df6c2.gcov is included (trace)...
(DEBUG) --> File is excluded.
(DEBUG) Finding source file corresponding to a gcov data file
  gcov_fname   /home/felipe/zephyrproject/zephyr-course/twister-out/kernel_arch_func.h##32b155e641adc9cd48584db3704df6c2.gcov
  current_dir  /home/felipe/zephyrproject/zephyr-course/twister-out
  root         /home/felipe/zephyrproject/zephyr-course/app/modules/ring_buf
  starting_dir /home/felipe/zephyrproject/zephyr-course
  obj_dir      /home/felipe/zephyrproject/zephyr-course/twister-out
  gcda_fname   native_sim_native/host_gnu/zephyr-course/tests/ring_buf/homework.unit.ring_buf/zephyr/kernel/CMakeFiles/kernel.dir/mem_slab.c.gcno
  --> fname    /home/felipe/zephyrproject/zephyr/arch/posix/include/kernel_arch_func.h
(DEBUG) Check if /home/felipe/zephyrproject/zephyr/arch/posix/include/kernel_arch_func.h is included (source file)...
(DEBUG) --> File is excluded.
(DEBUG) Check if /home/felipe/zephyrproject/zephyr-course/twister-out/kthread.h##9409f455419132bfc3b9c8e76c631198.gcov is included (trace)...
(DEBUG) --> File is excluded.
(DEBUG) Finding source file corresponding to a gcov data file
  gcov_fname   /home/felipe/zephyrproject/zephyr-course/twister-out/kthread.h##9409f455419132bfc3b9c8e76c631198.gcov
  current_dir  /home/felipe/zephyrproject/zephyr-course/twister-out
  root         /home/felipe/zephyrproject/zephyr-course/app/modules/ring_buf
  starting_dir /home/felipe/zephyrproject/zephyr-course
  obj_dir      /home/felipe/zephyrproject/zephyr-course/twister-out
  gcda_fname   native_sim_native/host_gnu/zephyr-course/tests/ring_buf/homework.unit.ring_buf/zephyr/kernel/CMakeFiles/kernel.dir/mem_slab.c.gcno
  --> fname    /home/felipe/zephyrproject/zephyr/kernel/include/kthread.h
(DEBUG) Check if /home/felipe/zephyrproject/zephyr/kernel/include/kthread.h is included (source file)...
(DEBUG) --> File is excluded.
(DEBUG) Check if /home/felipe/zephyrproject/zephyr-course/twister-out/native_sim_native/host_gnu/zephyr-course/tests/ring_buf/homework.unit.ring_buf/zephyr/kernel/CMakeFiles/kernel.dir/mempool.c.gcno is included (trace)...
(DEBUG)   No filter matched.
(DEBUG) --> File is excluded.
(DEBUG) Check if /home/felipe/zephyrproject/zephyr-course/twister-out/native_sim_native/host_gnu/zephyr-course/tests/ring_buf/homework.unit.ring_buf/zephyr/kernel/CMakeFiles/kernel.dir/mempool.c.gcno is included (trace)...
(DEBUG) --> File is excluded.
(DEBUG) Check if mempool.c##79a65e9dc8665147a9c95a1ab370bee7.gcov is included (gcov file)...
(DEBUG)   Filter AlwaysMatchFilter() matched.
(DEBUG) --> File is included.
(DEBUG) Check if math_extras_impl.h##5be93e8864918add166a9f02eace5500.gcov is included (gcov file)...
(DEBUG) --> File is included.
(DEBUG) Check if spinlock.h##d07917f143d2ca5ff94f2d220e528568.gcov is included (gcov file)...
(DEBUG) --> File is included.
(DEBUG) Check if arch.h##f17e3501b457fcbd947bf4189b99bd89.gcov is included (gcov file)...
(DEBUG) --> File is included.
(DEBUG) Check if /home/felipe/zephyrproject/zephyr-course/twister-out/mempool.c##79a65e9dc8665147a9c95a1ab370bee7.gcov is included (trace)...
(DEBUG)   No filter matched.
(DEBUG) --> File is excluded.
(DEBUG) Finding source file corresponding to a gcov data file
  gcov_fname   /home/felipe/zephyrproject/zephyr-course/twister-out/mempool.c##79a65e9dc8665147a9c95a1ab370bee7.gcov
  current_dir  /home/felipe/zephyrproject/zephyr-course/twister-out
  root         /home/felipe/zephyrproject/zephyr-course/app/modules/ring_buf
  starting_dir /home/felipe/zephyrproject/zephyr-course
  obj_dir      /home/felipe/zephyrproject/zephyr-course/twister-out
  gcda_fname   native_sim_native/host_gnu/zephyr-course/tests/ring_buf/homework.unit.ring_buf/zephyr/kernel/CMakeFiles/kernel.dir/mempool.c.gcno
  --> fname    /home/felipe/zephyrproject/zephyr/kernel/mempool.c
(DEBUG) Check if /home/felipe/zephyrproject/zephyr/kernel/mempool.c is included (source file)...
(DEBUG)   No filter matched.
(DEBUG) --> File is excluded.
(DEBUG) Check if /home/felipe/zephyrproject/zephyr-course/twister-out/math_extras_impl.h##5be93e8864918add166a9f02eace5500.gcov is included (trace)...
(DEBUG) --> File is excluded.
(DEBUG) Finding source file corresponding to a gcov data file
  gcov_fname   /home/felipe/zephyrproject/zephyr-course/twister-out/math_extras_impl.h##5be93e8864918add166a9f02eace5500.gcov
  current_dir  /home/felipe/zephyrproject/zephyr-course/twister-out
  root         /home/felipe/zephyrproject/zephyr-course/app/modules/ring_buf
  starting_dir /home/felipe/zephyrproject/zephyr-course
  obj_dir      /home/felipe/zephyrproject/zephyr-course/twister-out
  gcda_fname   native_sim_native/host_gnu/zephyr-course/tests/ring_buf/homework.unit.ring_buf/zephyr/kernel/CMakeFiles/kernel.dir/mempool.c.gcno
  --> fname    /home/felipe/zephyrproject/zephyr/include/zephyr/sys/math_extras_impl.h
(DEBUG) Check if /home/felipe/zephyrproject/zephyr/include/zephyr/sys/math_extras_impl.h is included (source file)...
(DEBUG) --> File is excluded.
(DEBUG) Check if /home/felipe/zephyrproject/zephyr-course/twister-out/arch.h##f17e3501b457fcbd947bf4189b99bd89.gcov is included (trace)...
(DEBUG) --> File is excluded.
(DEBUG) Finding source file corresponding to a gcov data file
  gcov_fname   /home/felipe/zephyrproject/zephyr-course/twister-out/arch.h##f17e3501b457fcbd947bf4189b99bd89.gcov
  current_dir  /home/felipe/zephyrproject/zephyr-course/twister-out
  root         /home/felipe/zephyrproject/zephyr-course/app/modules/ring_buf
  starting_dir /home/felipe/zephyrproject/zephyr-course
  obj_dir      /home/felipe/zephyrproject/zephyr-course/twister-out
  gcda_fname   native_sim_native/host_gnu/zephyr-course/tests/ring_buf/homework.unit.ring_buf/zephyr/kernel/CMakeFiles/kernel.dir/mempool.c.gcno
  --> fname    /home/felipe/zephyrproject/zephyr/include/zephyr/arch/posix/arch.h
(DEBUG) Check if /home/felipe/zephyrproject/zephyr/include/zephyr/arch/posix/arch.h is included (source file)...
(DEBUG) --> File is excluded.
(DEBUG) Check if /home/felipe/zephyrproject/zephyr-course/twister-out/spinlock.h##d07917f143d2ca5ff94f2d220e528568.gcov is included (trace)...
(DEBUG) --> File is excluded.
(DEBUG) Finding source file corresponding to a gcov data file
  gcov_fname   /home/felipe/zephyrproject/zephyr-course/twister-out/spinlock.h##d07917f143d2ca5ff94f2d220e528568.gcov
  current_dir  /home/felipe/zephyrproject/zephyr-course/twister-out
  root         /home/felipe/zephyrproject/zephyr-course/app/modules/ring_buf
  starting_dir /home/felipe/zephyrproject/zephyr-course
  obj_dir      /home/felipe/zephyrproject/zephyr-course/twister-out
  gcda_fname   native_sim_native/host_gnu/zephyr-course/tests/ring_buf/homework.unit.ring_buf/zephyr/kernel/CMakeFiles/kernel.dir/mempool.c.gcno
  --> fname    /home/felipe/zephyrproject/zephyr/include/zephyr/spinlock.h
(DEBUG) Check if /home/felipe/zephyrproject/zephyr/include/zephyr/spinlock.h is included (source file)...
(DEBUG) --> File is excluded.
(DEBUG) Check if /home/felipe/zephyrproject/zephyr-course/twister-out/native_sim_native/host_gnu/zephyr-course/tests/ring_buf/homework.unit.ring_buf/zephyr/kernel/CMakeFiles/kernel.dir/msg_q.c.gcno is included (trace)...
(DEBUG)   No filter matched.
(DEBUG) --> File is excluded.
(DEBUG) Check if /home/felipe/zephyrproject/zephyr-course/twister-out/native_sim_native/host_gnu/zephyr-course/tests/ring_buf/homework.unit.ring_buf/zephyr/kernel/CMakeFiles/kernel.dir/msg_q.c.gcno is included (trace)...
(DEBUG) --> File is excluded.
(DEBUG) Check if msg_q.c##b4f551c0fbe60402d7abc6ae541bbaf2.gcov is included (gcov file)...
(DEBUG)   Filter AlwaysMatchFilter() matched.
(DEBUG) --> File is included.
(DEBUG) Check if wait_q.h##c55cb3824a8e32844a6026ec1729c33e.gcov is included (gcov file)...
(DEBUG) --> File is included.
(DEBUG) Check if ksched.h##0cebf465783caf800468063ad71827b7.gcov is included (gcov file)...
(DEBUG) --> File is included.
(DEBUG) Check if priority_q.h##b43b8b9793e0b1f450fbd5ad330f5149.gcov is included (gcov file)...
(DEBUG) --> File is included.
(DEBUG) Check if math_extras_impl.h##5be93e8864918add166a9f02eace5500.gcov is included (gcov file)...
(DEBUG) --> File is included.
(DEBUG) Check if kthread.h##9409f455419132bfc3b9c8e76c631198.gcov is included (gcov file)...
(DEBUG) --> File is included.
(DEBUG) Check if timeout_q.h##90d851c3f83778dd36dd8b7e2ad60ead.gcov is included (gcov file)...
(DEBUG) --> File is included.
(DEBUG) Check if kernel_arch_func.h##32b155e641adc9cd48584db3704df6c2.gcov is included (gcov file)...
(DEBUG) --> File is included.
(DEBUG) Check if kobject_internal.h##a8c30b7c0aaee4fff0317a3d8ddf7a57.gcov is included (gcov file)...
(DEBUG) --> File is included.
(DEBUG) Check if spinlock.h##d07917f143d2ca5ff94f2d220e528568.gcov is included (gcov file)...
(DEBUG) --> File is included.
(DEBUG) Check if arch.h##f17e3501b457fcbd947bf4189b99bd89.gcov is included (gcov file)...
(DEBUG) --> File is included.
(DEBUG) Check if dlist.h##0f388b119e698d4d0bf30b616f109283.gcov is included (gcov file)...
(DEBUG) --> File is included.
(DEBUG) Check if /home/felipe/zephyrproject/zephyr-course/twister-out/spinlock.h##d07917f143d2ca5ff94f2d220e528568.gcov is included (trace)...
(DEBUG) --> File is excluded.
(DEBUG) Finding source file corresponding to a gcov data file
  gcov_fname   /home/felipe/zephyrproject/zephyr-course/twister-out/spinlock.h##d07917f143d2ca5ff94f2d220e528568.gcov
  current_dir  /home/felipe/zephyrproject/zephyr-course/twister-out
  root         /home/felipe/zephyrproject/zephyr-course/app/modules/ring_buf
  starting_dir /home/felipe/zephyrproject/zephyr-course
  obj_dir      /home/felipe/zephyrproject/zephyr-course/twister-out
  gcda_fname   native_sim_native/host_gnu/zephyr-course/tests/ring_buf/homework.unit.ring_buf/zephyr/kernel/CMakeFiles/kernel.dir/msg_q.c.gcno
  --> fname    /home/felipe/zephyrproject/zephyr/include/zephyr/spinlock.h
(DEBUG) Check if /home/felipe/zephyrproject/zephyr/include/zephyr/spinlock.h is included (source file)...
(DEBUG) --> File is excluded.
(DEBUG) Check if /home/felipe/zephyrproject/zephyr-course/twister-out/ksched.h##0cebf465783caf800468063ad71827b7.gcov is included (trace)...
(DEBUG) --> File is excluded.
(DEBUG) Finding source file corresponding to a gcov data file
  gcov_fname   /home/felipe/zephyrproject/zephyr-course/twister-out/ksched.h##0cebf465783caf800468063ad71827b7.gcov
  current_dir  /home/felipe/zephyrproject/zephyr-course/twister-out
  root         /home/felipe/zephyrproject/zephyr-course/app/modules/ring_buf
  starting_dir /home/felipe/zephyrproject/zephyr-course
  obj_dir      /home/felipe/zephyrproject/zephyr-course/twister-out
  gcda_fname   native_sim_native/host_gnu/zephyr-course/tests/ring_buf/homework.unit.ring_buf/zephyr/kernel/CMakeFiles/kernel.dir/msg_q.c.gcno
  --> fname    /home/felipe/zephyrproject/zephyr/kernel/include/ksched.h
(DEBUG) Check if /home/felipe/zephyrproject/zephyr/kernel/include/ksched.h is included (source file)...
(DEBUG) --> File is excluded.
(DEBUG) Check if /home/felipe/zephyrproject/zephyr-course/twister-out/msg_q.c##b4f551c0fbe60402d7abc6ae541bbaf2.gcov is included (trace)...
(DEBUG)   No filter matched.
(DEBUG) --> File is excluded.
(DEBUG) Finding source file corresponding to a gcov data file
  gcov_fname   /home/felipe/zephyrproject/zephyr-course/twister-out/msg_q.c##b4f551c0fbe60402d7abc6ae541bbaf2.gcov
  current_dir  /home/felipe/zephyrproject/zephyr-course/twister-out
  root         /home/felipe/zephyrproject/zephyr-course/app/modules/ring_buf
  starting_dir /home/felipe/zephyrproject/zephyr-course
  obj_dir      /home/felipe/zephyrproject/zephyr-course/twister-out
  gcda_fname   native_sim_native/host_gnu/zephyr-course/tests/ring_buf/homework.unit.ring_buf/zephyr/kernel/CMakeFiles/kernel.dir/msg_q.c.gcno
  --> fname    /home/felipe/zephyrproject/zephyr/kernel/msg_q.c
(DEBUG) Check if /home/felipe/zephyrproject/zephyr/kernel/msg_q.c is included (source file)...
(DEBUG)   No filter matched.
(DEBUG) --> File is excluded.
(DEBUG) Check if /home/felipe/zephyrproject/zephyr-course/twister-out/kobject_internal.h##a8c30b7c0aaee4fff0317a3d8ddf7a57.gcov is included (trace)...
(DEBUG) --> File is excluded.
(DEBUG) Finding source file corresponding to a gcov data file
  gcov_fname   /home/felipe/zephyrproject/zephyr-course/twister-out/kobject_internal.h##a8c30b7c0aaee4fff0317a3d8ddf7a57.gcov
  current_dir  /home/felipe/zephyrproject/zephyr-course/twister-out
  root         /home/felipe/zephyrproject/zephyr-course/app/modules/ring_buf
  starting_dir /home/felipe/zephyrproject/zephyr-course
  obj_dir      /home/felipe/zephyrproject/zephyr-course/twister-out
  gcda_fname   native_sim_native/host_gnu/zephyr-course/tests/ring_buf/homework.unit.ring_buf/zephyr/kernel/CMakeFiles/kernel.dir/msg_q.c.gcno
  --> fname    /home/felipe/zephyrproject/zephyr/include/zephyr/sys/internal/kobject_internal.h
(DEBUG) Check if /home/felipe/zephyrproject/zephyr/include/zephyr/sys/internal/kobject_internal.h is included (source file)...
(DEBUG) --> File is excluded.
(DEBUG) Check if /home/felipe/zephyrproject/zephyr-course/twister-out/math_extras_impl.h##5be93e8864918add166a9f02eace5500.gcov is included (trace)...
(DEBUG) --> File is excluded.
(DEBUG) Finding source file corresponding to a gcov data file
  gcov_fname   /home/felipe/zephyrproject/zephyr-course/twister-out/math_extras_impl.h##5be93e8864918add166a9f02eace5500.gcov
  current_dir  /home/felipe/zephyrproject/zephyr-course/twister-out
  root         /home/felipe/zephyrproject/zephyr-course/app/modules/ring_buf
  starting_dir /home/felipe/zephyrproject/zephyr-course
  obj_dir      /home/felipe/zephyrproject/zephyr-course/twister-out
  gcda_fname   native_sim_native/host_gnu/zephyr-course/tests/ring_buf/homework.unit.ring_buf/zephyr/kernel/CMakeFiles/kernel.dir/msg_q.c.gcno
  --> fname    /home/felipe/zephyrproject/zephyr/include/zephyr/sys/math_extras_impl.h
(DEBUG) Check if /home/felipe/zephyrproject/zephyr/include/zephyr/sys/math_extras_impl.h is included (source file)...
(DEBUG) --> File is excluded.
(DEBUG) Check if /home/felipe/zephyrproject/zephyr-course/twister-out/priority_q.h##b43b8b9793e0b1f450fbd5ad330f5149.gcov is included (trace)...
(DEBUG) --> File is excluded.
(DEBUG) Finding source file corresponding to a gcov data file
  gcov_fname   /home/felipe/zephyrproject/zephyr-course/twister-out/priority_q.h##b43b8b9793e0b1f450fbd5ad330f5149.gcov
  current_dir  /home/felipe/zephyrproject/zephyr-course/twister-out
  root         /home/felipe/zephyrproject/zephyr-course/app/modules/ring_buf
  starting_dir /home/felipe/zephyrproject/zephyr-course
  obj_dir      /home/felipe/zephyrproject/zephyr-course/twister-out
  gcda_fname   native_sim_native/host_gnu/zephyr-course/tests/ring_buf/homework.unit.ring_buf/zephyr/kernel/CMakeFiles/kernel.dir/msg_q.c.gcno
  --> fname    /home/felipe/zephyrproject/zephyr/kernel/include/priority_q.h
(DEBUG) Check if /home/felipe/zephyrproject/zephyr/kernel/include/priority_q.h is included (source file)...
(DEBUG) --> File is excluded.
(DEBUG) Check if /home/felipe/zephyrproject/zephyr-course/twister-out/arch.h##f17e3501b457fcbd947bf4189b99bd89.gcov is included (trace)...
(DEBUG) --> File is excluded.
(DEBUG) Finding source file corresponding to a gcov data file
  gcov_fname   /home/felipe/zephyrproject/zephyr-course/twister-out/arch.h##f17e3501b457fcbd947bf4189b99bd89.gcov
  current_dir  /home/felipe/zephyrproject/zephyr-course/twister-out
  root         /home/felipe/zephyrproject/zephyr-course/app/modules/ring_buf
  starting_dir /home/felipe/zephyrproject/zephyr-course
  obj_dir      /home/felipe/zephyrproject/zephyr-course/twister-out
  gcda_fname   native_sim_native/host_gnu/zephyr-course/tests/ring_buf/homework.unit.ring_buf/zephyr/kernel/CMakeFiles/kernel.dir/msg_q.c.gcno
  --> fname    /home/felipe/zephyrproject/zephyr/include/zephyr/arch/posix/arch.h
(DEBUG) Check if /home/felipe/zephyrproject/zephyr/include/zephyr/arch/posix/arch.h is included (source file)...
(DEBUG) --> File is excluded.
(DEBUG) Check if /home/felipe/zephyrproject/zephyr-course/twister-out/wait_q.h##c55cb3824a8e32844a6026ec1729c33e.gcov is included (trace)...
(DEBUG) --> File is excluded.
(DEBUG) Finding source file corresponding to a gcov data file
  gcov_fname   /home/felipe/zephyrproject/zephyr-course/twister-out/wait_q.h##c55cb3824a8e32844a6026ec1729c33e.gcov
  current_dir  /home/felipe/zephyrproject/zephyr-course/twister-out
  root         /home/felipe/zephyrproject/zephyr-course/app/modules/ring_buf
  starting_dir /home/felipe/zephyrproject/zephyr-course
  obj_dir      /home/felipe/zephyrproject/zephyr-course/twister-out
  gcda_fname   native_sim_native/host_gnu/zephyr-course/tests/ring_buf/homework.unit.ring_buf/zephyr/kernel/CMakeFiles/kernel.dir/msg_q.c.gcno
  --> fname    /home/felipe/zephyrproject/zephyr/kernel/include/wait_q.h
(DEBUG) Check if /home/felipe/zephyrproject/zephyr/kernel/include/wait_q.h is included (source file)...
(DEBUG) --> File is excluded.
(DEBUG) Check if /home/felipe/zephyrproject/zephyr-course/twister-out/dlist.h##0f388b119e698d4d0bf30b616f109283.gcov is included (trace)...
(DEBUG) --> File is excluded.
(DEBUG) Finding source file corresponding to a gcov data file
  gcov_fname   /home/felipe/zephyrproject/zephyr-course/twister-out/dlist.h##0f388b119e698d4d0bf30b616f109283.gcov
  current_dir  /home/felipe/zephyrproject/zephyr-course/twister-out
  root         /home/felipe/zephyrproject/zephyr-course/app/modules/ring_buf
  starting_dir /home/felipe/zephyrproject/zephyr-course
  obj_dir      /home/felipe/zephyrproject/zephyr-course/twister-out
  gcda_fname   native_sim_native/host_gnu/zephyr-course/tests/ring_buf/homework.unit.ring_buf/zephyr/kernel/CMakeFiles/kernel.dir/msg_q.c.gcno
  --> fname    /home/felipe/zephyrproject/zephyr/include/zephyr/sys/dlist.h
(DEBUG) Check if /home/felipe/zephyrproject/zephyr/include/zephyr/sys/dlist.h is included (source file)...
(DEBUG) --> File is excluded.
(DEBUG) Check if /home/felipe/zephyrproject/zephyr-course/twister-out/timeout_q.h##90d851c3f83778dd36dd8b7e2ad60ead.gcov is included (trace)...
(DEBUG) --> File is excluded.
(DEBUG) Finding source file corresponding to a gcov data file
  gcov_fname   /home/felipe/zephyrproject/zephyr-course/twister-out/timeout_q.h##90d851c3f83778dd36dd8b7e2ad60ead.gcov
  current_dir  /home/felipe/zephyrproject/zephyr-course/twister-out
  root         /home/felipe/zephyrproject/zephyr-course/app/modules/ring_buf
  starting_dir /home/felipe/zephyrproject/zephyr-course
  obj_dir      /home/felipe/zephyrproject/zephyr-course/twister-out
  gcda_fname   native_sim_native/host_gnu/zephyr-course/tests/ring_buf/homework.unit.ring_buf/zephyr/kernel/CMakeFiles/kernel.dir/msg_q.c.gcno
  --> fname    /home/felipe/zephyrproject/zephyr/kernel/include/timeout_q.h
(DEBUG) Check if /home/felipe/zephyrproject/zephyr/kernel/include/timeout_q.h is included (source file)...
(DEBUG) --> File is excluded.
(DEBUG) Check if /home/felipe/zephyrproject/zephyr-course/twister-out/kernel_arch_func.h##32b155e641adc9cd48584db3704df6c2.gcov is included (trace)...
(DEBUG) --> File is excluded.
(DEBUG) Finding source file corresponding to a gcov data file
  gcov_fname   /home/felipe/zephyrproject/zephyr-course/twister-out/kernel_arch_func.h##32b155e641adc9cd48584db3704df6c2.gcov
  current_dir  /home/felipe/zephyrproject/zephyr-course/twister-out
  root         /home/felipe/zephyrproject/zephyr-course/app/modules/ring_buf
  starting_dir /home/felipe/zephyrproject/zephyr-course
  obj_dir      /home/felipe/zephyrproject/zephyr-course/twister-out
  gcda_fname   native_sim_native/host_gnu/zephyr-course/tests/ring_buf/homework.unit.ring_buf/zephyr/kernel/CMakeFiles/kernel.dir/msg_q.c.gcno
  --> fname    /home/felipe/zephyrproject/zephyr/arch/posix/include/kernel_arch_func.h
(DEBUG) Check if /home/felipe/zephyrproject/zephyr/arch/posix/include/kernel_arch_func.h is included (source file)...
(DEBUG) --> File is excluded.
(DEBUG) Check if /home/felipe/zephyrproject/zephyr-course/twister-out/kthread.h##9409f455419132bfc3b9c8e76c631198.gcov is included (trace)...
(DEBUG) --> File is excluded.
(DEBUG) Finding source file corresponding to a gcov data file
  gcov_fname   /home/felipe/zephyrproject/zephyr-course/twister-out/kthread.h##9409f455419132bfc3b9c8e76c631198.gcov
  current_dir  /home/felipe/zephyrproject/zephyr-course/twister-out
  root         /home/felipe/zephyrproject/zephyr-course/app/modules/ring_buf
  starting_dir /home/felipe/zephyrproject/zephyr-course
  obj_dir      /home/felipe/zephyrproject/zephyr-course/twister-out
  gcda_fname   native_sim_native/host_gnu/zephyr-course/tests/ring_buf/homework.unit.ring_buf/zephyr/kernel/CMakeFiles/kernel.dir/msg_q.c.gcno
  --> fname    /home/felipe/zephyrproject/zephyr/kernel/include/kthread.h
(DEBUG) Check if /home/felipe/zephyrproject/zephyr/kernel/include/kthread.h is included (source file)...
(DEBUG) --> File is excluded.
(DEBUG) Check if /home/felipe/zephyrproject/zephyr-course/twister-out/native_sim_native/host_gnu/zephyr-course/tests/ring_buf/homework.unit.ring_buf/zephyr/kernel/CMakeFiles/kernel.dir/mutex.c.gcno is included (trace)...
(DEBUG)   No filter matched.
(DEBUG) --> File is excluded.
(DEBUG) Check if /home/felipe/zephyrproject/zephyr-course/twister-out/native_sim_native/host_gnu/zephyr-course/tests/ring_buf/homework.unit.ring_buf/zephyr/kernel/CMakeFiles/kernel.dir/mutex.c.gcno is included (trace)...
(DEBUG) --> File is excluded.
(DEBUG) Check if mutex.c##55f4ffaa460da9eff32e8cb782635b78.gcov is included (gcov file)...
(DEBUG)   Filter AlwaysMatchFilter() matched.
(DEBUG) --> File is included.
(DEBUG) Check if log_msg.h##8e71b5010d1ef358ceb2fe0042f1ff82.gcov is included (gcov file)...
(DEBUG) --> File is included.
(DEBUG) Check if wait_q.h##c55cb3824a8e32844a6026ec1729c33e.gcov is included (gcov file)...
(DEBUG) --> File is included.
(DEBUG) Check if ksched.h##0cebf465783caf800468063ad71827b7.gcov is included (gcov file)...
(DEBUG) --> File is included.
(DEBUG) Check if priority_q.h##b43b8b9793e0b1f450fbd5ad330f5149.gcov is included (gcov file)...
(DEBUG) --> File is included.
(DEBUG) Check if kthread.h##9409f455419132bfc3b9c8e76c631198.gcov is included (gcov file)...
(DEBUG) --> File is included.
(DEBUG) Check if timeout_q.h##90d851c3f83778dd36dd8b7e2ad60ead.gcov is included (gcov file)...
(DEBUG) --> File is included.
(DEBUG) Check if kernel_arch_func.h##32b155e641adc9cd48584db3704df6c2.gcov is included (gcov file)...
(DEBUG) --> File is included.
(DEBUG) Check if kobject_internal.h##a8c30b7c0aaee4fff0317a3d8ddf7a57.gcov is included (gcov file)...
(DEBUG) --> File is included.
(DEBUG) Check if spinlock.h##d07917f143d2ca5ff94f2d220e528568.gcov is included (gcov file)...
(DEBUG) --> File is included.
(DEBUG) Check if arch.h##f17e3501b457fcbd947bf4189b99bd89.gcov is included (gcov file)...
(DEBUG) --> File is included.
(DEBUG) Check if dlist.h##0f388b119e698d4d0bf30b616f109283.gcov is included (gcov file)...
(DEBUG) --> File is included.
(DEBUG) Check if /home/felipe/zephyrproject/zephyr-course/twister-out/log_msg.h##8e71b5010d1ef358ceb2fe0042f1ff82.gcov is included (trace)...
(DEBUG) --> File is excluded.
(DEBUG) Finding source file corresponding to a gcov data file
  gcov_fname   /home/felipe/zephyrproject/zephyr-course/twister-out/log_msg.h##8e71b5010d1ef358ceb2fe0042f1ff82.gcov
  current_dir  /home/felipe/zephyrproject/zephyr-course/twister-out
  root         /home/felipe/zephyrproject/zephyr-course/app/modules/ring_buf
  starting_dir /home/felipe/zephyrproject/zephyr-course
  obj_dir      /home/felipe/zephyrproject/zephyr-course/twister-out
  gcda_fname   native_sim_native/host_gnu/zephyr-course/tests/ring_buf/homework.unit.ring_buf/zephyr/kernel/CMakeFiles/kernel.dir/mutex.c.gcno
  --> fname    /home/felipe/zephyrproject/zephyr/include/zephyr/logging/log_msg.h
(DEBUG) Check if /home/felipe/zephyrproject/zephyr/include/zephyr/logging/log_msg.h is included (source file)...
(DEBUG) --> File is excluded.
(DEBUG) Check if /home/felipe/zephyrproject/zephyr-course/twister-out/ksched.h##0cebf465783caf800468063ad71827b7.gcov is included (trace)...
(DEBUG) --> File is excluded.
(DEBUG) Finding source file corresponding to a gcov data file
  gcov_fname   /home/felipe/zephyrproject/zephyr-course/twister-out/ksched.h##0cebf465783caf800468063ad71827b7.gcov
  current_dir  /home/felipe/zephyrproject/zephyr-course/twister-out
  root         /home/felipe/zephyrproject/zephyr-course/app/modules/ring_buf
  starting_dir /home/felipe/zephyrproject/zephyr-course
  obj_dir      /home/felipe/zephyrproject/zephyr-course/twister-out
  gcda_fname   native_sim_native/host_gnu/zephyr-course/tests/ring_buf/homework.unit.ring_buf/zephyr/kernel/CMakeFiles/kernel.dir/mutex.c.gcno
  --> fname    /home/felipe/zephyrproject/zephyr/kernel/include/ksched.h
(DEBUG) Check if /home/felipe/zephyrproject/zephyr/kernel/include/ksched.h is included (source file)...
(DEBUG) --> File is excluded.
(DEBUG) Check if /home/felipe/zephyrproject/zephyr-course/twister-out/kobject_internal.h##a8c30b7c0aaee4fff0317a3d8ddf7a57.gcov is included (trace)...
(DEBUG) --> File is excluded.
(DEBUG) Finding source file corresponding to a gcov data file
  gcov_fname   /home/felipe/zephyrproject/zephyr-course/twister-out/kobject_internal.h##a8c30b7c0aaee4fff0317a3d8ddf7a57.gcov
  current_dir  /home/felipe/zephyrproject/zephyr-course/twister-out
  root         /home/felipe/zephyrproject/zephyr-course/app/modules/ring_buf
  starting_dir /home/felipe/zephyrproject/zephyr-course
  obj_dir      /home/felipe/zephyrproject/zephyr-course/twister-out
  gcda_fname   native_sim_native/host_gnu/zephyr-course/tests/ring_buf/homework.unit.ring_buf/zephyr/kernel/CMakeFiles/kernel.dir/mutex.c.gcno
  --> fname    /home/felipe/zephyrproject/zephyr/include/zephyr/sys/internal/kobject_internal.h
(DEBUG) Check if /home/felipe/zephyrproject/zephyr/include/zephyr/sys/internal/kobject_internal.h is included (source file)...
(DEBUG) --> File is excluded.
(DEBUG) Check if /home/felipe/zephyrproject/zephyr-course/twister-out/spinlock.h##d07917f143d2ca5ff94f2d220e528568.gcov is included (trace)...
(DEBUG) --> File is excluded.
(DEBUG) Finding source file corresponding to a gcov data file
  gcov_fname   /home/felipe/zephyrproject/zephyr-course/twister-out/spinlock.h##d07917f143d2ca5ff94f2d220e528568.gcov
  current_dir  /home/felipe/zephyrproject/zephyr-course/twister-out
  root         /home/felipe/zephyrproject/zephyr-course/app/modules/ring_buf
  starting_dir /home/felipe/zephyrproject/zephyr-course
  obj_dir      /home/felipe/zephyrproject/zephyr-course/twister-out
  gcda_fname   native_sim_native/host_gnu/zephyr-course/tests/ring_buf/homework.unit.ring_buf/zephyr/kernel/CMakeFiles/kernel.dir/mutex.c.gcno
  --> fname    /home/felipe/zephyrproject/zephyr/include/zephyr/spinlock.h
(DEBUG) Check if /home/felipe/zephyrproject/zephyr/include/zephyr/spinlock.h is included (source file)...
(DEBUG) --> File is excluded.
(DEBUG) Check if /home/felipe/zephyrproject/zephyr-course/twister-out/priority_q.h##b43b8b9793e0b1f450fbd5ad330f5149.gcov is included (trace)...
(DEBUG) --> File is excluded.
(DEBUG) Finding source file corresponding to a gcov data file
  gcov_fname   /home/felipe/zephyrproject/zephyr-course/twister-out/priority_q.h##b43b8b9793e0b1f450fbd5ad330f5149.gcov
  current_dir  /home/felipe/zephyrproject/zephyr-course/twister-out
  root         /home/felipe/zephyrproject/zephyr-course/app/modules/ring_buf
  starting_dir /home/felipe/zephyrproject/zephyr-course
  obj_dir      /home/felipe/zephyrproject/zephyr-course/twister-out
  gcda_fname   native_sim_native/host_gnu/zephyr-course/tests/ring_buf/homework.unit.ring_buf/zephyr/kernel/CMakeFiles/kernel.dir/mutex.c.gcno
  --> fname    /home/felipe/zephyrproject/zephyr/kernel/include/priority_q.h
(DEBUG) Check if /home/felipe/zephyrproject/zephyr/kernel/include/priority_q.h is included (source file)...
(DEBUG) --> File is excluded.
(DEBUG) Check if /home/felipe/zephyrproject/zephyr-course/twister-out/arch.h##f17e3501b457fcbd947bf4189b99bd89.gcov is included (trace)...
(DEBUG) --> File is excluded.
(DEBUG) Finding source file corresponding to a gcov data file
  gcov_fname   /home/felipe/zephyrproject/zephyr-course/twister-out/arch.h##f17e3501b457fcbd947bf4189b99bd89.gcov
  current_dir  /home/felipe/zephyrproject/zephyr-course/twister-out
  root         /home/felipe/zephyrproject/zephyr-course/app/modules/ring_buf
  starting_dir /home/felipe/zephyrproject/zephyr-course
  obj_dir      /home/felipe/zephyrproject/zephyr-course/twister-out
  gcda_fname   native_sim_native/host_gnu/zephyr-course/tests/ring_buf/homework.unit.ring_buf/zephyr/kernel/CMakeFiles/kernel.dir/mutex.c.gcno
  --> fname    /home/felipe/zephyrproject/zephyr/include/zephyr/arch/posix/arch.h
(DEBUG) Check if /home/felipe/zephyrproject/zephyr/include/zephyr/arch/posix/arch.h is included (source file)...
(DEBUG) --> File is excluded.
(DEBUG) Check if /home/felipe/zephyrproject/zephyr-course/twister-out/wait_q.h##c55cb3824a8e32844a6026ec1729c33e.gcov is included (trace)...
(DEBUG) --> File is excluded.
(DEBUG) Finding source file corresponding to a gcov data file
  gcov_fname   /home/felipe/zephyrproject/zephyr-course/twister-out/wait_q.h##c55cb3824a8e32844a6026ec1729c33e.gcov
  current_dir  /home/felipe/zephyrproject/zephyr-course/twister-out
  root         /home/felipe/zephyrproject/zephyr-course/app/modules/ring_buf
  starting_dir /home/felipe/zephyrproject/zephyr-course
  obj_dir      /home/felipe/zephyrproject/zephyr-course/twister-out
  gcda_fname   native_sim_native/host_gnu/zephyr-course/tests/ring_buf/homework.unit.ring_buf/zephyr/kernel/CMakeFiles/kernel.dir/mutex.c.gcno
  --> fname    /home/felipe/zephyrproject/zephyr/kernel/include/wait_q.h
(DEBUG) Check if /home/felipe/zephyrproject/zephyr/kernel/include/wait_q.h is included (source file)...
(DEBUG) --> File is excluded.
(DEBUG) Check if /home/felipe/zephyrproject/zephyr-course/twister-out/dlist.h##0f388b119e698d4d0bf30b616f109283.gcov is included (trace)...
(DEBUG) --> File is excluded.
(DEBUG) Finding source file corresponding to a gcov data file
  gcov_fname   /home/felipe/zephyrproject/zephyr-course/twister-out/dlist.h##0f388b119e698d4d0bf30b616f109283.gcov
  current_dir  /home/felipe/zephyrproject/zephyr-course/twister-out
  root         /home/felipe/zephyrproject/zephyr-course/app/modules/ring_buf
  starting_dir /home/felipe/zephyrproject/zephyr-course
  obj_dir      /home/felipe/zephyrproject/zephyr-course/twister-out
  gcda_fname   native_sim_native/host_gnu/zephyr-course/tests/ring_buf/homework.unit.ring_buf/zephyr/kernel/CMakeFiles/kernel.dir/mutex.c.gcno
  --> fname    /home/felipe/zephyrproject/zephyr/include/zephyr/sys/dlist.h
(DEBUG) Check if /home/felipe/zephyrproject/zephyr/include/zephyr/sys/dlist.h is included (source file)...
(DEBUG) --> File is excluded.
(DEBUG) Check if /home/felipe/zephyrproject/zephyr-course/twister-out/mutex.c##55f4ffaa460da9eff32e8cb782635b78.gcov is included (trace)...
(DEBUG)   No filter matched.
(DEBUG) --> File is excluded.
(DEBUG) Finding source file corresponding to a gcov data file
  gcov_fname   /home/felipe/zephyrproject/zephyr-course/twister-out/mutex.c##55f4ffaa460da9eff32e8cb782635b78.gcov
  current_dir  /home/felipe/zephyrproject/zephyr-course/twister-out
  root         /home/felipe/zephyrproject/zephyr-course/app/modules/ring_buf
  starting_dir /home/felipe/zephyrproject/zephyr-course
  obj_dir      /home/felipe/zephyrproject/zephyr-course/twister-out
  gcda_fname   native_sim_native/host_gnu/zephyr-course/tests/ring_buf/homework.unit.ring_buf/zephyr/kernel/CMakeFiles/kernel.dir/mutex.c.gcno
  --> fname    /home/felipe/zephyrproject/zephyr/kernel/mutex.c
(DEBUG) Check if /home/felipe/zephyrproject/zephyr/kernel/mutex.c is included (source file)...
(DEBUG)   No filter matched.
(DEBUG) --> File is excluded.
(DEBUG) Check if /home/felipe/zephyrproject/zephyr-course/twister-out/timeout_q.h##90d851c3f83778dd36dd8b7e2ad60ead.gcov is included (trace)...
(DEBUG) --> File is excluded.
(DEBUG) Finding source file corresponding to a gcov data file
  gcov_fname   /home/felipe/zephyrproject/zephyr-course/twister-out/timeout_q.h##90d851c3f83778dd36dd8b7e2ad60ead.gcov
  current_dir  /home/felipe/zephyrproject/zephyr-course/twister-out
  root         /home/felipe/zephyrproject/zephyr-course/app/modules/ring_buf
  starting_dir /home/felipe/zephyrproject/zephyr-course
  obj_dir      /home/felipe/zephyrproject/zephyr-course/twister-out
  gcda_fname   native_sim_native/host_gnu/zephyr-course/tests/ring_buf/homework.unit.ring_buf/zephyr/kernel/CMakeFiles/kernel.dir/mutex.c.gcno
  --> fname    /home/felipe/zephyrproject/zephyr/kernel/include/timeout_q.h
(DEBUG) Check if /home/felipe/zephyrproject/zephyr/kernel/include/timeout_q.h is included (source file)...
(DEBUG) --> File is excluded.
(DEBUG) Check if /home/felipe/zephyrproject/zephyr-course/twister-out/kernel_arch_func.h##32b155e641adc9cd48584db3704df6c2.gcov is included (trace)...
(DEBUG) --> File is excluded.
(DEBUG) Finding source file corresponding to a gcov data file
  gcov_fname   /home/felipe/zephyrproject/zephyr-course/twister-out/kernel_arch_func.h##32b155e641adc9cd48584db3704df6c2.gcov
  current_dir  /home/felipe/zephyrproject/zephyr-course/twister-out
  root         /home/felipe/zephyrproject/zephyr-course/app/modules/ring_buf
  starting_dir /home/felipe/zephyrproject/zephyr-course
  obj_dir      /home/felipe/zephyrproject/zephyr-course/twister-out
  gcda_fname   native_sim_native/host_gnu/zephyr-course/tests/ring_buf/homework.unit.ring_buf/zephyr/kernel/CMakeFiles/kernel.dir/mutex.c.gcno
  --> fname    /home/felipe/zephyrproject/zephyr/arch/posix/include/kernel_arch_func.h
(DEBUG) Check if /home/felipe/zephyrproject/zephyr/arch/posix/include/kernel_arch_func.h is included (source file)...
(DEBUG) --> File is excluded.
(DEBUG) Check if /home/felipe/zephyrproject/zephyr-course/twister-out/kthread.h##9409f455419132bfc3b9c8e76c631198.gcov is included (trace)...
(DEBUG) --> File is excluded.
(DEBUG) Finding source file corresponding to a gcov data file
  gcov_fname   /home/felipe/zephyrproject/zephyr-course/twister-out/kthread.h##9409f455419132bfc3b9c8e76c631198.gcov
  current_dir  /home/felipe/zephyrproject/zephyr-course/twister-out
  root         /home/felipe/zephyrproject/zephyr-course/app/modules/ring_buf
  starting_dir /home/felipe/zephyrproject/zephyr-course
  obj_dir      /home/felipe/zephyrproject/zephyr-course/twister-out
  gcda_fname   native_sim_native/host_gnu/zephyr-course/tests/ring_buf/homework.unit.ring_buf/zephyr/kernel/CMakeFiles/kernel.dir/mutex.c.gcno
  --> fname    /home/felipe/zephyrproject/zephyr/kernel/include/kthread.h
(DEBUG) Check if /home/felipe/zephyrproject/zephyr/kernel/include/kthread.h is included (source file)...
(DEBUG) --> File is excluded.
(DEBUG) Check if /home/felipe/zephyrproject/zephyr-course/twister-out/native_sim_native/host_gnu/zephyr-course/tests/ring_buf/homework.unit.ring_buf/zephyr/kernel/CMakeFiles/kernel.dir/pipe.c.gcno is included (trace)...
(DEBUG)   No filter matched.
(DEBUG) --> File is excluded.
(DEBUG) Check if /home/felipe/zephyrproject/zephyr-course/twister-out/native_sim_native/host_gnu/zephyr-course/tests/ring_buf/homework.unit.ring_buf/zephyr/kernel/CMakeFiles/kernel.dir/pipe.c.gcno is included (trace)...
(DEBUG) --> File is excluded.
(DEBUG) Check if pipe.c##e01e4f205ec8ebfd7bdfdf406d60a09e.gcov is included (gcov file)...
(DEBUG)   Filter AlwaysMatchFilter() matched.
(DEBUG) --> File is included.
(DEBUG) Check if wait_q.h##c55cb3824a8e32844a6026ec1729c33e.gcov is included (gcov file)...
(DEBUG) --> File is included.
(DEBUG) Check if ksched.h##0cebf465783caf800468063ad71827b7.gcov is included (gcov file)...
(DEBUG) --> File is included.
(DEBUG) Check if priority_q.h##b43b8b9793e0b1f450fbd5ad330f5149.gcov is included (gcov file)...
(DEBUG) --> File is included.
(DEBUG) Check if kernel_internal.h##3b95e9c6edb7551da96548b3f2925c98.gcov is included (gcov file)...
(DEBUG) --> File is included.
(DEBUG) Check if kthread.h##9409f455419132bfc3b9c8e76c631198.gcov is included (gcov file)...
(DEBUG) --> File is included.
(DEBUG) Check if timeout_q.h##90d851c3f83778dd36dd8b7e2ad60ead.gcov is included (gcov file)...
(DEBUG) --> File is included.
(DEBUG) Check if kernel_arch_func.h##32b155e641adc9cd48584db3704df6c2.gcov is included (gcov file)...
(DEBUG) --> File is included.
(DEBUG) Check if ring_buffer.h##b7d6b57d4f25df1cf7a4d563678a77de.gcov is included (gcov file)...
(DEBUG) --> File is included.
(DEBUG) Check if kobject_internal.h##a8c30b7c0aaee4fff0317a3d8ddf7a57.gcov is included (gcov file)...
(DEBUG) --> File is included.
(DEBUG) Check if spinlock.h##d07917f143d2ca5ff94f2d220e528568.gcov is included (gcov file)...
(DEBUG) --> File is included.
(DEBUG) Check if arch.h##f17e3501b457fcbd947bf4189b99bd89.gcov is included (gcov file)...
(DEBUG) --> File is included.
(DEBUG) Check if dlist.h##0f388b119e698d4d0bf30b616f109283.gcov is included (gcov file)...
(DEBUG) --> File is included.
(DEBUG) Check if /home/felipe/zephyrproject/zephyr-course/twister-out/pipe.c##e01e4f205ec8ebfd7bdfdf406d60a09e.gcov is included (trace)...
(DEBUG)   No filter matched.
(DEBUG) --> File is excluded.
(DEBUG) Finding source file corresponding to a gcov data file
  gcov_fname   /home/felipe/zephyrproject/zephyr-course/twister-out/pipe.c##e01e4f205ec8ebfd7bdfdf406d60a09e.gcov
  current_dir  /home/felipe/zephyrproject/zephyr-course/twister-out
  root         /home/felipe/zephyrproject/zephyr-course/app/modules/ring_buf
  starting_dir /home/felipe/zephyrproject/zephyr-course
  obj_dir      /home/felipe/zephyrproject/zephyr-course/twister-out
  gcda_fname   native_sim_native/host_gnu/zephyr-course/tests/ring_buf/homework.unit.ring_buf/zephyr/kernel/CMakeFiles/kernel.dir/pipe.c.gcno
  --> fname    /home/felipe/zephyrproject/zephyr/kernel/pipe.c
(DEBUG) Check if /home/felipe/zephyrproject/zephyr/kernel/pipe.c is included (source file)...
(DEBUG)   No filter matched.
(DEBUG) --> File is excluded.
(DEBUG) Check if /home/felipe/zephyrproject/zephyr-course/twister-out/ksched.h##0cebf465783caf800468063ad71827b7.gcov is included (trace)...
(DEBUG) --> File is excluded.
(DEBUG) Finding source file corresponding to a gcov data file
  gcov_fname   /home/felipe/zephyrproject/zephyr-course/twister-out/ksched.h##0cebf465783caf800468063ad71827b7.gcov
  current_dir  /home/felipe/zephyrproject/zephyr-course/twister-out
  root         /home/felipe/zephyrproject/zephyr-course/app/modules/ring_buf
  starting_dir /home/felipe/zephyrproject/zephyr-course
  obj_dir      /home/felipe/zephyrproject/zephyr-course/twister-out
  gcda_fname   native_sim_native/host_gnu/zephyr-course/tests/ring_buf/homework.unit.ring_buf/zephyr/kernel/CMakeFiles/kernel.dir/pipe.c.gcno
  --> fname    /home/felipe/zephyrproject/zephyr/kernel/include/ksched.h
(DEBUG) Check if /home/felipe/zephyrproject/zephyr/kernel/include/ksched.h is included (source file)...
(DEBUG) --> File is excluded.
(DEBUG) Check if /home/felipe/zephyrproject/zephyr-course/twister-out/kobject_internal.h##a8c30b7c0aaee4fff0317a3d8ddf7a57.gcov is included (trace)...
(DEBUG) --> File is excluded.
(DEBUG) Finding source file corresponding to a gcov data file
  gcov_fname   /home/felipe/zephyrproject/zephyr-course/twister-out/kobject_internal.h##a8c30b7c0aaee4fff0317a3d8ddf7a57.gcov
  current_dir  /home/felipe/zephyrproject/zephyr-course/twister-out
  root         /home/felipe/zephyrproject/zephyr-course/app/modules/ring_buf
  starting_dir /home/felipe/zephyrproject/zephyr-course
  obj_dir      /home/felipe/zephyrproject/zephyr-course/twister-out
  gcda_fname   native_sim_native/host_gnu/zephyr-course/tests/ring_buf/homework.unit.ring_buf/zephyr/kernel/CMakeFiles/kernel.dir/pipe.c.gcno
  --> fname    /home/felipe/zephyrproject/zephyr/include/zephyr/sys/internal/kobject_internal.h
(DEBUG) Check if /home/felipe/zephyrproject/zephyr/include/zephyr/sys/internal/kobject_internal.h is included (source file)...
(DEBUG) --> File is excluded.
(DEBUG) Check if /home/felipe/zephyrproject/zephyr-course/twister-out/spinlock.h##d07917f143d2ca5ff94f2d220e528568.gcov is included (trace)...
(DEBUG) --> File is excluded.
(DEBUG) Finding source file corresponding to a gcov data file
  gcov_fname   /home/felipe/zephyrproject/zephyr-course/twister-out/spinlock.h##d07917f143d2ca5ff94f2d220e528568.gcov
  current_dir  /home/felipe/zephyrproject/zephyr-course/twister-out
  root         /home/felipe/zephyrproject/zephyr-course/app/modules/ring_buf
  starting_dir /home/felipe/zephyrproject/zephyr-course
  obj_dir      /home/felipe/zephyrproject/zephyr-course/twister-out
  gcda_fname   native_sim_native/host_gnu/zephyr-course/tests/ring_buf/homework.unit.ring_buf/zephyr/kernel/CMakeFiles/kernel.dir/pipe.c.gcno
  --> fname    /home/felipe/zephyrproject/zephyr/include/zephyr/spinlock.h
(DEBUG) Check if /home/felipe/zephyrproject/zephyr/include/zephyr/spinlock.h is included (source file)...
(DEBUG) --> File is excluded.
(DEBUG) Check if /home/felipe/zephyrproject/zephyr-course/twister-out/priority_q.h##b43b8b9793e0b1f450fbd5ad330f5149.gcov is included (trace)...
(DEBUG) --> File is excluded.
(DEBUG) Finding source file corresponding to a gcov data file
  gcov_fname   /home/felipe/zephyrproject/zephyr-course/twister-out/priority_q.h##b43b8b9793e0b1f450fbd5ad330f5149.gcov
  current_dir  /home/felipe/zephyrproject/zephyr-course/twister-out
  root         /home/felipe/zephyrproject/zephyr-course/app/modules/ring_buf
  starting_dir /home/felipe/zephyrproject/zephyr-course
  obj_dir      /home/felipe/zephyrproject/zephyr-course/twister-out
  gcda_fname   native_sim_native/host_gnu/zephyr-course/tests/ring_buf/homework.unit.ring_buf/zephyr/kernel/CMakeFiles/kernel.dir/pipe.c.gcno
  --> fname    /home/felipe/zephyrproject/zephyr/kernel/include/priority_q.h
(DEBUG) Check if /home/felipe/zephyrproject/zephyr/kernel/include/priority_q.h is included (source file)...
(DEBUG) --> File is excluded.
(DEBUG) Check if /home/felipe/zephyrproject/zephyr-course/twister-out/ring_buffer.h##b7d6b57d4f25df1cf7a4d563678a77de.gcov is included (trace)...
(DEBUG) --> File is excluded.
(DEBUG) Finding source file corresponding to a gcov data file
  gcov_fname   /home/felipe/zephyrproject/zephyr-course/twister-out/ring_buffer.h##b7d6b57d4f25df1cf7a4d563678a77de.gcov
  current_dir  /home/felipe/zephyrproject/zephyr-course/twister-out
  root         /home/felipe/zephyrproject/zephyr-course/app/modules/ring_buf
  starting_dir /home/felipe/zephyrproject/zephyr-course
  obj_dir      /home/felipe/zephyrproject/zephyr-course/twister-out
  gcda_fname   native_sim_native/host_gnu/zephyr-course/tests/ring_buf/homework.unit.ring_buf/zephyr/kernel/CMakeFiles/kernel.dir/pipe.c.gcno
  --> fname    /home/felipe/zephyrproject/zephyr/include/zephyr/sys/ring_buffer.h
(DEBUG) Check if /home/felipe/zephyrproject/zephyr/include/zephyr/sys/ring_buffer.h is included (source file)...
(DEBUG) --> File is excluded.
(DEBUG) Check if /home/felipe/zephyrproject/zephyr-course/twister-out/arch.h##f17e3501b457fcbd947bf4189b99bd89.gcov is included (trace)...
(DEBUG) --> File is excluded.
(DEBUG) Finding source file corresponding to a gcov data file
  gcov_fname   /home/felipe/zephyrproject/zephyr-course/twister-out/arch.h##f17e3501b457fcbd947bf4189b99bd89.gcov
  current_dir  /home/felipe/zephyrproject/zephyr-course/twister-out
  root         /home/felipe/zephyrproject/zephyr-course/app/modules/ring_buf
  starting_dir /home/felipe/zephyrproject/zephyr-course
  obj_dir      /home/felipe/zephyrproject/zephyr-course/twister-out
  gcda_fname   native_sim_native/host_gnu/zephyr-course/tests/ring_buf/homework.unit.ring_buf/zephyr/kernel/CMakeFiles/kernel.dir/pipe.c.gcno
  --> fname    /home/felipe/zephyrproject/zephyr/include/zephyr/arch/posix/arch.h
(DEBUG) Check if /home/felipe/zephyrproject/zephyr/include/zephyr/arch/posix/arch.h is included (source file)...
(DEBUG) --> File is excluded.
(DEBUG) Check if /home/felipe/zephyrproject/zephyr-course/twister-out/wait_q.h##c55cb3824a8e32844a6026ec1729c33e.gcov is included (trace)...
(DEBUG) --> File is excluded.
(DEBUG) Finding source file corresponding to a gcov data file
  gcov_fname   /home/felipe/zephyrproject/zephyr-course/twister-out/wait_q.h##c55cb3824a8e32844a6026ec1729c33e.gcov
  current_dir  /home/felipe/zephyrproject/zephyr-course/twister-out
  root         /home/felipe/zephyrproject/zephyr-course/app/modules/ring_buf
  starting_dir /home/felipe/zephyrproject/zephyr-course
  obj_dir      /home/felipe/zephyrproject/zephyr-course/twister-out
  gcda_fname   native_sim_native/host_gnu/zephyr-course/tests/ring_buf/homework.unit.ring_buf/zephyr/kernel/CMakeFiles/kernel.dir/pipe.c.gcno
  --> fname    /home/felipe/zephyrproject/zephyr/kernel/include/wait_q.h
(DEBUG) Check if /home/felipe/zephyrproject/zephyr/kernel/include/wait_q.h is included (source file)...
(DEBUG) --> File is excluded.
(DEBUG) Check if /home/felipe/zephyrproject/zephyr-course/twister-out/kernel_internal.h##3b95e9c6edb7551da96548b3f2925c98.gcov is included (trace)...
(DEBUG) --> File is excluded.
(DEBUG) Finding source file corresponding to a gcov data file
  gcov_fname   /home/felipe/zephyrproject/zephyr-course/twister-out/kernel_internal.h##3b95e9c6edb7551da96548b3f2925c98.gcov
  current_dir  /home/felipe/zephyrproject/zephyr-course/twister-out
  root         /home/felipe/zephyrproject/zephyr-course/app/modules/ring_buf
  starting_dir /home/felipe/zephyrproject/zephyr-course
  obj_dir      /home/felipe/zephyrproject/zephyr-course/twister-out
  gcda_fname   native_sim_native/host_gnu/zephyr-course/tests/ring_buf/homework.unit.ring_buf/zephyr/kernel/CMakeFiles/kernel.dir/pipe.c.gcno
  --> fname    /home/felipe/zephyrproject/zephyr/kernel/include/kernel_internal.h
(DEBUG) Check if /home/felipe/zephyrproject/zephyr/kernel/include/kernel_internal.h is included (source file)...
(DEBUG) --> File is excluded.
(DEBUG) Check if /home/felipe/zephyrproject/zephyr-course/twister-out/dlist.h##0f388b119e698d4d0bf30b616f109283.gcov is included (trace)...
(DEBUG) --> File is excluded.
(DEBUG) Finding source file corresponding to a gcov data file
  gcov_fname   /home/felipe/zephyrproject/zephyr-course/twister-out/dlist.h##0f388b119e698d4d0bf30b616f109283.gcov
  current_dir  /home/felipe/zephyrproject/zephyr-course/twister-out
  root         /home/felipe/zephyrproject/zephyr-course/app/modules/ring_buf
  starting_dir /home/felipe/zephyrproject/zephyr-course
  obj_dir      /home/felipe/zephyrproject/zephyr-course/twister-out
  gcda_fname   native_sim_native/host_gnu/zephyr-course/tests/ring_buf/homework.unit.ring_buf/zephyr/kernel/CMakeFiles/kernel.dir/pipe.c.gcno
  --> fname    /home/felipe/zephyrproject/zephyr/include/zephyr/sys/dlist.h
(DEBUG) Check if /home/felipe/zephyrproject/zephyr/include/zephyr/sys/dlist.h is included (source file)...
(DEBUG) --> File is excluded.
(DEBUG) Check if /home/felipe/zephyrproject/zephyr-course/twister-out/timeout_q.h##90d851c3f83778dd36dd8b7e2ad60ead.gcov is included (trace)...
(DEBUG) --> File is excluded.
(DEBUG) Finding source file corresponding to a gcov data file
  gcov_fname   /home/felipe/zephyrproject/zephyr-course/twister-out/timeout_q.h##90d851c3f83778dd36dd8b7e2ad60ead.gcov
  current_dir  /home/felipe/zephyrproject/zephyr-course/twister-out
  root         /home/felipe/zephyrproject/zephyr-course/app/modules/ring_buf
  starting_dir /home/felipe/zephyrproject/zephyr-course
  obj_dir      /home/felipe/zephyrproject/zephyr-course/twister-out
  gcda_fname   native_sim_native/host_gnu/zephyr-course/tests/ring_buf/homework.unit.ring_buf/zephyr/kernel/CMakeFiles/kernel.dir/pipe.c.gcno
  --> fname    /home/felipe/zephyrproject/zephyr/kernel/include/timeout_q.h
(DEBUG) Check if /home/felipe/zephyrproject/zephyr/kernel/include/timeout_q.h is included (source file)...
(DEBUG) --> File is excluded.
(DEBUG) Check if /home/felipe/zephyrproject/zephyr-course/twister-out/kernel_arch_func.h##32b155e641adc9cd48584db3704df6c2.gcov is included (trace)...
(DEBUG) --> File is excluded.
(DEBUG) Finding source file corresponding to a gcov data file
  gcov_fname   /home/felipe/zephyrproject/zephyr-course/twister-out/kernel_arch_func.h##32b155e641adc9cd48584db3704df6c2.gcov
  current_dir  /home/felipe/zephyrproject/zephyr-course/twister-out
  root         /home/felipe/zephyrproject/zephyr-course/app/modules/ring_buf
  starting_dir /home/felipe/zephyrproject/zephyr-course
  obj_dir      /home/felipe/zephyrproject/zephyr-course/twister-out
  gcda_fname   native_sim_native/host_gnu/zephyr-course/tests/ring_buf/homework.unit.ring_buf/zephyr/kernel/CMakeFiles/kernel.dir/pipe.c.gcno
  --> fname    /home/felipe/zephyrproject/zephyr/arch/posix/include/kernel_arch_func.h
(DEBUG) Check if /home/felipe/zephyrproject/zephyr/arch/posix/include/kernel_arch_func.h is included (source file)...
(DEBUG) --> File is excluded.
(DEBUG) Check if /home/felipe/zephyrproject/zephyr-course/twister-out/kthread.h##9409f455419132bfc3b9c8e76c631198.gcov is included (trace)...
(DEBUG) --> File is excluded.
(DEBUG) Finding source file corresponding to a gcov data file
  gcov_fname   /home/felipe/zephyrproject/zephyr-course/twister-out/kthread.h##9409f455419132bfc3b9c8e76c631198.gcov
  current_dir  /home/felipe/zephyrproject/zephyr-course/twister-out
  root         /home/felipe/zephyrproject/zephyr-course/app/modules/ring_buf
  starting_dir /home/felipe/zephyrproject/zephyr-course
  obj_dir      /home/felipe/zephyrproject/zephyr-course/twister-out
  gcda_fname   native_sim_native/host_gnu/zephyr-course/tests/ring_buf/homework.unit.ring_buf/zephyr/kernel/CMakeFiles/kernel.dir/pipe.c.gcno
  --> fname    /home/felipe/zephyrproject/zephyr/kernel/include/kthread.h
(DEBUG) Check if /home/felipe/zephyrproject/zephyr/kernel/include/kthread.h is included (source file)...
(DEBUG) --> File is excluded.
(DEBUG) Check if /home/felipe/zephyrproject/zephyr-course/twister-out/native_sim_native/host_gnu/zephyr-course/tests/ring_buf/homework.unit.ring_buf/zephyr/kernel/CMakeFiles/kernel.dir/queue.c.gcno is included (trace)...
(DEBUG)   No filter matched.
(DEBUG) --> File is excluded.
(DEBUG) Check if /home/felipe/zephyrproject/zephyr-course/twister-out/native_sim_native/host_gnu/zephyr-course/tests/ring_buf/homework.unit.ring_buf/zephyr/kernel/CMakeFiles/kernel.dir/queue.c.gcno is included (trace)...
(DEBUG) --> File is excluded.
(DEBUG) Check if queue.c##9b61d67679838c81f9d507b61c71ba97.gcov is included (gcov file)...
(DEBUG)   Filter AlwaysMatchFilter() matched.
(DEBUG) --> File is included.
(DEBUG) Check if ksched.h##0cebf465783caf800468063ad71827b7.gcov is included (gcov file)...
(DEBUG) --> File is included.
(DEBUG) Check if kernel_internal.h##3b95e9c6edb7551da96548b3f2925c98.gcov is included (gcov file)...
(DEBUG) --> File is included.
(DEBUG) Check if kthread.h##9409f455419132bfc3b9c8e76c631198.gcov is included (gcov file)...
(DEBUG) --> File is included.
(DEBUG) Check if kernel_arch_func.h##32b155e641adc9cd48584db3704df6c2.gcov is included (gcov file)...
(DEBUG) --> File is included.
(DEBUG) Check if wait_q.h##c55cb3824a8e32844a6026ec1729c33e.gcov is included (gcov file)...
(DEBUG) --> File is included.
(DEBUG) Check if priority_q.h##b43b8b9793e0b1f450fbd5ad330f5149.gcov is included (gcov file)...
(DEBUG) --> File is included.
(DEBUG) Check if timeout_q.h##90d851c3f83778dd36dd8b7e2ad60ead.gcov is included (gcov file)...
(DEBUG) --> File is included.
(DEBUG) Check if kobject_internal.h##a8c30b7c0aaee4fff0317a3d8ddf7a57.gcov is included (gcov file)...
(DEBUG) --> File is included.
(DEBUG) Check if spinlock.h##d07917f143d2ca5ff94f2d220e528568.gcov is included (gcov file)...
(DEBUG) --> File is included.
(DEBUG) Check if arch.h##f17e3501b457fcbd947bf4189b99bd89.gcov is included (gcov file)...
(DEBUG) --> File is included.
(DEBUG) Check if sflist.h##b50443e9e3233953e126788c098ae4a3.gcov is included (gcov file)...
(DEBUG)   Filter AlwaysMatchFilter() matched.
(DEBUG) --> File is included.
(DEBUG) Check if slist.h##4bdeeab80e1bf2535336b5f908d5f4f0.gcov is included (gcov file)...
(DEBUG) --> File is included.
(DEBUG) Check if dlist.h##0f388b119e698d4d0bf30b616f109283.gcov is included (gcov file)...
(DEBUG) --> File is included.
(DEBUG) Check if /home/felipe/zephyrproject/zephyr-course/twister-out/spinlock.h##d07917f143d2ca5ff94f2d220e528568.gcov is included (trace)...
(DEBUG) --> File is excluded.
(DEBUG) Finding source file corresponding to a gcov data file
  gcov_fname   /home/felipe/zephyrproject/zephyr-course/twister-out/spinlock.h##d07917f143d2ca5ff94f2d220e528568.gcov
  current_dir  /home/felipe/zephyrproject/zephyr-course/twister-out
  root         /home/felipe/zephyrproject/zephyr-course/app/modules/ring_buf
  starting_dir /home/felipe/zephyrproject/zephyr-course
  obj_dir      /home/felipe/zephyrproject/zephyr-course/twister-out
  gcda_fname   native_sim_native/host_gnu/zephyr-course/tests/ring_buf/homework.unit.ring_buf/zephyr/kernel/CMakeFiles/kernel.dir/queue.c.gcno
  --> fname    /home/felipe/zephyrproject/zephyr/include/zephyr/spinlock.h
(DEBUG) Check if /home/felipe/zephyrproject/zephyr/include/zephyr/spinlock.h is included (source file)...
(DEBUG) --> File is excluded.
(DEBUG) Check if /home/felipe/zephyrproject/zephyr-course/twister-out/ksched.h##0cebf465783caf800468063ad71827b7.gcov is included (trace)...
(DEBUG) --> File is excluded.
(DEBUG) Finding source file corresponding to a gcov data file
  gcov_fname   /home/felipe/zephyrproject/zephyr-course/twister-out/ksched.h##0cebf465783caf800468063ad71827b7.gcov
  current_dir  /home/felipe/zephyrproject/zephyr-course/twister-out
  root         /home/felipe/zephyrproject/zephyr-course/app/modules/ring_buf
  starting_dir /home/felipe/zephyrproject/zephyr-course
  obj_dir      /home/felipe/zephyrproject/zephyr-course/twister-out
  gcda_fname   native_sim_native/host_gnu/zephyr-course/tests/ring_buf/homework.unit.ring_buf/zephyr/kernel/CMakeFiles/kernel.dir/queue.c.gcno
  --> fname    /home/felipe/zephyrproject/zephyr/kernel/include/ksched.h
(DEBUG) Check if /home/felipe/zephyrproject/zephyr/kernel/include/ksched.h is included (source file)...
(DEBUG) --> File is excluded.
(DEBUG) Check if /home/felipe/zephyrproject/zephyr-course/twister-out/kobject_internal.h##a8c30b7c0aaee4fff0317a3d8ddf7a57.gcov is included (trace)...
(DEBUG) --> File is excluded.
(DEBUG) Finding source file corresponding to a gcov data file
  gcov_fname   /home/felipe/zephyrproject/zephyr-course/twister-out/kobject_internal.h##a8c30b7c0aaee4fff0317a3d8ddf7a57.gcov
  current_dir  /home/felipe/zephyrproject/zephyr-course/twister-out
  root         /home/felipe/zephyrproject/zephyr-course/app/modules/ring_buf
  starting_dir /home/felipe/zephyrproject/zephyr-course
  obj_dir      /home/felipe/zephyrproject/zephyr-course/twister-out
  gcda_fname   native_sim_native/host_gnu/zephyr-course/tests/ring_buf/homework.unit.ring_buf/zephyr/kernel/CMakeFiles/kernel.dir/queue.c.gcno
  --> fname    /home/felipe/zephyrproject/zephyr/include/zephyr/sys/internal/kobject_internal.h
(DEBUG) Check if /home/felipe/zephyrproject/zephyr/include/zephyr/sys/internal/kobject_internal.h is included (source file)...
(DEBUG) --> File is excluded.
(DEBUG) Check if /home/felipe/zephyrproject/zephyr-course/twister-out/priority_q.h##b43b8b9793e0b1f450fbd5ad330f5149.gcov is included (trace)...
(DEBUG) --> File is excluded.
(DEBUG) Finding source file corresponding to a gcov data file
  gcov_fname   /home/felipe/zephyrproject/zephyr-course/twister-out/priority_q.h##b43b8b9793e0b1f450fbd5ad330f5149.gcov
  current_dir  /home/felipe/zephyrproject/zephyr-course/twister-out
  root         /home/felipe/zephyrproject/zephyr-course/app/modules/ring_buf
  starting_dir /home/felipe/zephyrproject/zephyr-course
  obj_dir      /home/felipe/zephyrproject/zephyr-course/twister-out
  gcda_fname   native_sim_native/host_gnu/zephyr-course/tests/ring_buf/homework.unit.ring_buf/zephyr/kernel/CMakeFiles/kernel.dir/queue.c.gcno
  --> fname    /home/felipe/zephyrproject/zephyr/kernel/include/priority_q.h
(DEBUG) Check if /home/felipe/zephyrproject/zephyr/kernel/include/priority_q.h is included (source file)...
(DEBUG) --> File is excluded.
(DEBUG) Check if /home/felipe/zephyrproject/zephyr-course/twister-out/sflist.h##b50443e9e3233953e126788c098ae4a3.gcov is included (trace)...
(DEBUG)   No filter matched.
(DEBUG) --> File is excluded.
(DEBUG) Finding source file corresponding to a gcov data file
  gcov_fname   /home/felipe/zephyrproject/zephyr-course/twister-out/sflist.h##b50443e9e3233953e126788c098ae4a3.gcov
  current_dir  /home/felipe/zephyrproject/zephyr-course/twister-out
  root         /home/felipe/zephyrproject/zephyr-course/app/modules/ring_buf
  starting_dir /home/felipe/zephyrproject/zephyr-course
  obj_dir      /home/felipe/zephyrproject/zephyr-course/twister-out
  gcda_fname   native_sim_native/host_gnu/zephyr-course/tests/ring_buf/homework.unit.ring_buf/zephyr/kernel/CMakeFiles/kernel.dir/queue.c.gcno
  --> fname    /home/felipe/zephyrproject/zephyr/include/zephyr/sys/sflist.h
(DEBUG) Check if /home/felipe/zephyrproject/zephyr/include/zephyr/sys/sflist.h is included (source file)...
(DEBUG)   No filter matched.
(DEBUG) --> File is excluded.
(DEBUG) Check if /home/felipe/zephyrproject/zephyr-course/twister-out/arch.h##f17e3501b457fcbd947bf4189b99bd89.gcov is included (trace)...
(DEBUG) --> File is excluded.
(DEBUG) Finding source file corresponding to a gcov data file
  gcov_fname   /home/felipe/zephyrproject/zephyr-course/twister-out/arch.h##f17e3501b457fcbd947bf4189b99bd89.gcov
  current_dir  /home/felipe/zephyrproject/zephyr-course/twister-out
  root         /home/felipe/zephyrproject/zephyr-course/app/modules/ring_buf
  starting_dir /home/felipe/zephyrproject/zephyr-course
  obj_dir      /home/felipe/zephyrproject/zephyr-course/twister-out
  gcda_fname   native_sim_native/host_gnu/zephyr-course/tests/ring_buf/homework.unit.ring_buf/zephyr/kernel/CMakeFiles/kernel.dir/queue.c.gcno
  --> fname    /home/felipe/zephyrproject/zephyr/include/zephyr/arch/posix/arch.h
(DEBUG) Check if /home/felipe/zephyrproject/zephyr/include/zephyr/arch/posix/arch.h is included (source file)...
(DEBUG) --> File is excluded.
(DEBUG) Check if /home/felipe/zephyrproject/zephyr-course/twister-out/wait_q.h##c55cb3824a8e32844a6026ec1729c33e.gcov is included (trace)...
(DEBUG) --> File is excluded.
(DEBUG) Finding source file corresponding to a gcov data file
  gcov_fname   /home/felipe/zephyrproject/zephyr-course/twister-out/wait_q.h##c55cb3824a8e32844a6026ec1729c33e.gcov
  current_dir  /home/felipe/zephyrproject/zephyr-course/twister-out
  root         /home/felipe/zephyrproject/zephyr-course/app/modules/ring_buf
  starting_dir /home/felipe/zephyrproject/zephyr-course
  obj_dir      /home/felipe/zephyrproject/zephyr-course/twister-out
  gcda_fname   native_sim_native/host_gnu/zephyr-course/tests/ring_buf/homework.unit.ring_buf/zephyr/kernel/CMakeFiles/kernel.dir/queue.c.gcno
  --> fname    /home/felipe/zephyrproject/zephyr/kernel/include/wait_q.h
(DEBUG) Check if /home/felipe/zephyrproject/zephyr/kernel/include/wait_q.h is included (source file)...
(DEBUG) --> File is excluded.
(DEBUG) Check if /home/felipe/zephyrproject/zephyr-course/twister-out/slist.h##4bdeeab80e1bf2535336b5f908d5f4f0.gcov is included (trace)...
(DEBUG) --> File is excluded.
(DEBUG) Finding source file corresponding to a gcov data file
  gcov_fname   /home/felipe/zephyrproject/zephyr-course/twister-out/slist.h##4bdeeab80e1bf2535336b5f908d5f4f0.gcov
  current_dir  /home/felipe/zephyrproject/zephyr-course/twister-out
  root         /home/felipe/zephyrproject/zephyr-course/app/modules/ring_buf
  starting_dir /home/felipe/zephyrproject/zephyr-course
  obj_dir      /home/felipe/zephyrproject/zephyr-course/twister-out
  gcda_fname   native_sim_native/host_gnu/zephyr-course/tests/ring_buf/homework.unit.ring_buf/zephyr/kernel/CMakeFiles/kernel.dir/queue.c.gcno
  --> fname    /home/felipe/zephyrproject/zephyr/include/zephyr/sys/slist.h
(DEBUG) Check if /home/felipe/zephyrproject/zephyr/include/zephyr/sys/slist.h is included (source file)...
(DEBUG) --> File is excluded.
(DEBUG) Check if /home/felipe/zephyrproject/zephyr-course/twister-out/kernel_internal.h##3b95e9c6edb7551da96548b3f2925c98.gcov is included (trace)...
(DEBUG) --> File is excluded.
(DEBUG) Finding source file corresponding to a gcov data file
  gcov_fname   /home/felipe/zephyrproject/zephyr-course/twister-out/kernel_internal.h##3b95e9c6edb7551da96548b3f2925c98.gcov
  current_dir  /home/felipe/zephyrproject/zephyr-course/twister-out
  root         /home/felipe/zephyrproject/zephyr-course/app/modules/ring_buf
  starting_dir /home/felipe/zephyrproject/zephyr-course
  obj_dir      /home/felipe/zephyrproject/zephyr-course/twister-out
  gcda_fname   native_sim_native/host_gnu/zephyr-course/tests/ring_buf/homework.unit.ring_buf/zephyr/kernel/CMakeFiles/kernel.dir/queue.c.gcno
  --> fname    /home/felipe/zephyrproject/zephyr/kernel/include/kernel_internal.h
(DEBUG) Check if /home/felipe/zephyrproject/zephyr/kernel/include/kernel_internal.h is included (source file)...
(DEBUG) --> File is excluded.
(DEBUG) Check if /home/felipe/zephyrproject/zephyr-course/twister-out/queue.c##9b61d67679838c81f9d507b61c71ba97.gcov is included (trace)...
(DEBUG)   No filter matched.
(DEBUG) --> File is excluded.
(DEBUG) Finding source file corresponding to a gcov data file
  gcov_fname   /home/felipe/zephyrproject/zephyr-course/twister-out/queue.c##9b61d67679838c81f9d507b61c71ba97.gcov
  current_dir  /home/felipe/zephyrproject/zephyr-course/twister-out
  root         /home/felipe/zephyrproject/zephyr-course/app/modules/ring_buf
  starting_dir /home/felipe/zephyrproject/zephyr-course
  obj_dir      /home/felipe/zephyrproject/zephyr-course/twister-out
  gcda_fname   native_sim_native/host_gnu/zephyr-course/tests/ring_buf/homework.unit.ring_buf/zephyr/kernel/CMakeFiles/kernel.dir/queue.c.gcno
  --> fname    /home/felipe/zephyrproject/zephyr/kernel/queue.c
(DEBUG) Check if /home/felipe/zephyrproject/zephyr/kernel/queue.c is included (source file)...
(DEBUG)   No filter matched.
(DEBUG) --> File is excluded.
(DEBUG) Check if /home/felipe/zephyrproject/zephyr-course/twister-out/dlist.h##0f388b119e698d4d0bf30b616f109283.gcov is included (trace)...
(DEBUG) --> File is excluded.
(DEBUG) Finding source file corresponding to a gcov data file
  gcov_fname   /home/felipe/zephyrproject/zephyr-course/twister-out/dlist.h##0f388b119e698d4d0bf30b616f109283.gcov
  current_dir  /home/felipe/zephyrproject/zephyr-course/twister-out
  root         /home/felipe/zephyrproject/zephyr-course/app/modules/ring_buf
  starting_dir /home/felipe/zephyrproject/zephyr-course
  obj_dir      /home/felipe/zephyrproject/zephyr-course/twister-out
  gcda_fname   native_sim_native/host_gnu/zephyr-course/tests/ring_buf/homework.unit.ring_buf/zephyr/kernel/CMakeFiles/kernel.dir/queue.c.gcno
  --> fname    /home/felipe/zephyrproject/zephyr/include/zephyr/sys/dlist.h
(DEBUG) Check if /home/felipe/zephyrproject/zephyr/include/zephyr/sys/dlist.h is included (source file)...
(DEBUG) --> File is excluded.
(DEBUG) Check if /home/felipe/zephyrproject/zephyr-course/twister-out/timeout_q.h##90d851c3f83778dd36dd8b7e2ad60ead.gcov is included (trace)...
(DEBUG) --> File is excluded.
(DEBUG) Finding source file corresponding to a gcov data file
  gcov_fname   /home/felipe/zephyrproject/zephyr-course/twister-out/timeout_q.h##90d851c3f83778dd36dd8b7e2ad60ead.gcov
  current_dir  /home/felipe/zephyrproject/zephyr-course/twister-out
  root         /home/felipe/zephyrproject/zephyr-course/app/modules/ring_buf
  starting_dir /home/felipe/zephyrproject/zephyr-course
  obj_dir      /home/felipe/zephyrproject/zephyr-course/twister-out
  gcda_fname   native_sim_native/host_gnu/zephyr-course/tests/ring_buf/homework.unit.ring_buf/zephyr/kernel/CMakeFiles/kernel.dir/queue.c.gcno
  --> fname    /home/felipe/zephyrproject/zephyr/kernel/include/timeout_q.h
(DEBUG) Check if /home/felipe/zephyrproject/zephyr/kernel/include/timeout_q.h is included (source file)...
(DEBUG) --> File is excluded.
(DEBUG) Check if /home/felipe/zephyrproject/zephyr-course/twister-out/kernel_arch_func.h##32b155e641adc9cd48584db3704df6c2.gcov is included (trace)...
(DEBUG) --> File is excluded.
(DEBUG) Finding source file corresponding to a gcov data file
  gcov_fname   /home/felipe/zephyrproject/zephyr-course/twister-out/kernel_arch_func.h##32b155e641adc9cd48584db3704df6c2.gcov
  current_dir  /home/felipe/zephyrproject/zephyr-course/twister-out
  root         /home/felipe/zephyrproject/zephyr-course/app/modules/ring_buf
  starting_dir /home/felipe/zephyrproject/zephyr-course
  obj_dir      /home/felipe/zephyrproject/zephyr-course/twister-out
  gcda_fname   native_sim_native/host_gnu/zephyr-course/tests/ring_buf/homework.unit.ring_buf/zephyr/kernel/CMakeFiles/kernel.dir/queue.c.gcno
  --> fname    /home/felipe/zephyrproject/zephyr/arch/posix/include/kernel_arch_func.h
(DEBUG) Check if /home/felipe/zephyrproject/zephyr/arch/posix/include/kernel_arch_func.h is included (source file)...
(DEBUG) --> File is excluded.
(DEBUG) Check if /home/felipe/zephyrproject/zephyr-course/twister-out/kthread.h##9409f455419132bfc3b9c8e76c631198.gcov is included (trace)...
(DEBUG) --> File is excluded.
(DEBUG) Finding source file corresponding to a gcov data file
  gcov_fname   /home/felipe/zephyrproject/zephyr-course/twister-out/kthread.h##9409f455419132bfc3b9c8e76c631198.gcov
  current_dir  /home/felipe/zephyrproject/zephyr-course/twister-out
  root         /home/felipe/zephyrproject/zephyr-course/app/modules/ring_buf
  starting_dir /home/felipe/zephyrproject/zephyr-course
  obj_dir      /home/felipe/zephyrproject/zephyr-course/twister-out
  gcda_fname   native_sim_native/host_gnu/zephyr-course/tests/ring_buf/homework.unit.ring_buf/zephyr/kernel/CMakeFiles/kernel.dir/queue.c.gcno
  --> fname    /home/felipe/zephyrproject/zephyr/kernel/include/kthread.h
(DEBUG) Check if /home/felipe/zephyrproject/zephyr/kernel/include/kthread.h is included (source file)...
(DEBUG) --> File is excluded.
(DEBUG) Check if /home/felipe/zephyrproject/zephyr-course/twister-out/native_sim_native/host_gnu/zephyr-course/tests/ring_buf/homework.unit.ring_buf/zephyr/kernel/CMakeFiles/kernel.dir/sched.c.gcda is included (trace)...
(DEBUG)   No filter matched.
(DEBUG) --> File is excluded.
(DEBUG) Check if /home/felipe/zephyrproject/zephyr-course/twister-out/native_sim_native/host_gnu/zephyr-course/tests/ring_buf/homework.unit.ring_buf/zephyr/kernel/CMakeFiles/kernel.dir/sched.c.gcda is included (trace)...
(DEBUG) --> File is excluded.
(DEBUG) Check if sched.c##da0229733c6ed037fd0f935306196fde.gcov is included (gcov file)...
(DEBUG)   Filter AlwaysMatchFilter() matched.
(DEBUG) --> File is included.
(DEBUG) Check if log_msg.h##8e71b5010d1ef358ceb2fe0042f1ff82.gcov is included (gcov file)...
(DEBUG) --> File is included.
(DEBUG) Check if kswap.h##4cdb6ee45e09bab001793a605d74fb66.gcov is included (gcov file)...
(DEBUG) --> File is included.
(DEBUG) Check if wait_q.h##c55cb3824a8e32844a6026ec1729c33e.gcov is included (gcov file)...
(DEBUG) --> File is included.
(DEBUG) Check if ksched.h##0cebf465783caf800468063ad71827b7.gcov is included (gcov file)...
(DEBUG) --> File is included.
(DEBUG) Check if priority_q.h##b43b8b9793e0b1f450fbd5ad330f5149.gcov is included (gcov file)...
(DEBUG) --> File is included.
(DEBUG) Check if kernel_internal.h##3b95e9c6edb7551da96548b3f2925c98.gcov is included (gcov file)...
(DEBUG) --> File is included.
(DEBUG) Check if kthread.h##9409f455419132bfc3b9c8e76c631198.gcov is included (gcov file)...
(DEBUG) --> File is included.
(DEBUG) Check if timeout_q.h##90d851c3f83778dd36dd8b7e2ad60ead.gcov is included (gcov file)...
(DEBUG) --> File is included.
(DEBUG) Check if kernel_arch_func.h##32b155e641adc9cd48584db3704df6c2.gcov is included (gcov file)...
(DEBUG) --> File is included.
(DEBUG) Check if kernel.h##02fe483cd34741e407932cea525697b1.gcov is included (gcov file)...
(DEBUG) --> File is included.
(DEBUG) Check if kernel.h##8118239d1ec13e308e040c6439814b34.gcov is included (gcov file)...
(DEBUG) --> File is included.
(DEBUG) Check if spinlock.h##d07917f143d2ca5ff94f2d220e528568.gcov is included (gcov file)...
(DEBUG) --> File is included.
(DEBUG) Check if arch.h##f17e3501b457fcbd947bf4189b99bd89.gcov is included (gcov file)...
(DEBUG) --> File is included.
(DEBUG) Check if syscall.h##8128d8185b27548b9f11ce6707adf377.gcov is included (gcov file)...
(DEBUG) --> File is included.
(DEBUG) Check if dlist.h##0f388b119e698d4d0bf30b616f109283.gcov is included (gcov file)...
(DEBUG) --> File is included.
(DEBUG) Check if /home/felipe/zephyrproject/zephyr-course/twister-out/log_msg.h##8e71b5010d1ef358ceb2fe0042f1ff82.gcov is included (trace)...
(DEBUG) --> File is excluded.
(DEBUG) Finding source file corresponding to a gcov data file
  gcov_fname   /home/felipe/zephyrproject/zephyr-course/twister-out/log_msg.h##8e71b5010d1ef358ceb2fe0042f1ff82.gcov
  current_dir  /home/felipe/zephyrproject/zephyr-course/twister-out
  root         /home/felipe/zephyrproject/zephyr-course/app/modules/ring_buf
  starting_dir /home/felipe/zephyrproject/zephyr-course
  obj_dir      /home/felipe/zephyrproject/zephyr-course/twister-out
  gcda_fname   native_sim_native/host_gnu/zephyr-course/tests/ring_buf/homework.unit.ring_buf/zephyr/kernel/CMakeFiles/kernel.dir/sched.c.gcda
  --> fname    /home/felipe/zephyrproject/zephyr/include/zephyr/logging/log_msg.h
(DEBUG) Check if /home/felipe/zephyrproject/zephyr/include/zephyr/logging/log_msg.h is included (source file)...
(DEBUG) --> File is excluded.
(DEBUG) Check if /home/felipe/zephyrproject/zephyr-course/twister-out/ksched.h##0cebf465783caf800468063ad71827b7.gcov is included (trace)...
(DEBUG) --> File is excluded.
(DEBUG) Finding source file corresponding to a gcov data file
  gcov_fname   /home/felipe/zephyrproject/zephyr-course/twister-out/ksched.h##0cebf465783caf800468063ad71827b7.gcov
  current_dir  /home/felipe/zephyrproject/zephyr-course/twister-out
  root         /home/felipe/zephyrproject/zephyr-course/app/modules/ring_buf
  starting_dir /home/felipe/zephyrproject/zephyr-course
  obj_dir      /home/felipe/zephyrproject/zephyr-course/twister-out
  gcda_fname   native_sim_native/host_gnu/zephyr-course/tests/ring_buf/homework.unit.ring_buf/zephyr/kernel/CMakeFiles/kernel.dir/sched.c.gcda
  --> fname    /home/felipe/zephyrproject/zephyr/kernel/include/ksched.h
(DEBUG) Check if /home/felipe/zephyrproject/zephyr/kernel/include/ksched.h is included (source file)...
(DEBUG) --> File is excluded.
(DEBUG) Check if /home/felipe/zephyrproject/zephyr-course/twister-out/kernel.h##02fe483cd34741e407932cea525697b1.gcov is included (trace)...
(DEBUG) --> File is excluded.
(DEBUG) Finding source file corresponding to a gcov data file
  gcov_fname   /home/felipe/zephyrproject/zephyr-course/twister-out/kernel.h##02fe483cd34741e407932cea525697b1.gcov
  current_dir  /home/felipe/zephyrproject/zephyr-course/twister-out
  root         /home/felipe/zephyrproject/zephyr-course/app/modules/ring_buf
  starting_dir /home/felipe/zephyrproject/zephyr-course
  obj_dir      /home/felipe/zephyrproject/zephyr-course/twister-out
  gcda_fname   native_sim_native/host_gnu/zephyr-course/tests/ring_buf/homework.unit.ring_buf/zephyr/kernel/CMakeFiles/kernel.dir/sched.c.gcda
  --> fname    /home/felipe/zephyrproject/zephyr-course/twister-out/native_sim_native/host_gnu/zephyr-course/tests/ring_buf/homework.unit.ring_buf/zephyr/include/generated/zephyr/syscalls/kernel.h
(DEBUG) Check if /home/felipe/zephyrproject/zephyr-course/twister-out/native_sim_native/host_gnu/zephyr-course/tests/ring_buf/homework.unit.ring_buf/zephyr/include/generated/zephyr/syscalls/kernel.h is included (source file)...
(DEBUG) --> File is excluded.
(DEBUG) Check if /home/felipe/zephyrproject/zephyr-course/twister-out/spinlock.h##d07917f143d2ca5ff94f2d220e528568.gcov is included (trace)...
(DEBUG) --> File is excluded.
(DEBUG) Finding source file corresponding to a gcov data file
  gcov_fname   /home/felipe/zephyrproject/zephyr-course/twister-out/spinlock.h##d07917f143d2ca5ff94f2d220e528568.gcov
  current_dir  /home/felipe/zephyrproject/zephyr-course/twister-out
  root         /home/felipe/zephyrproject/zephyr-course/app/modules/ring_buf
  starting_dir /home/felipe/zephyrproject/zephyr-course
  obj_dir      /home/felipe/zephyrproject/zephyr-course/twister-out
  gcda_fname   native_sim_native/host_gnu/zephyr-course/tests/ring_buf/homework.unit.ring_buf/zephyr/kernel/CMakeFiles/kernel.dir/sched.c.gcda
  --> fname    /home/felipe/zephyrproject/zephyr/include/zephyr/spinlock.h
(DEBUG) Check if /home/felipe/zephyrproject/zephyr/include/zephyr/spinlock.h is included (source file)...
(DEBUG) --> File is excluded.
(DEBUG) Check if /home/felipe/zephyrproject/zephyr-course/twister-out/kernel.h##8118239d1ec13e308e040c6439814b34.gcov is included (trace)...
(DEBUG) --> File is excluded.
(DEBUG) Finding source file corresponding to a gcov data file
  gcov_fname   /home/felipe/zephyrproject/zephyr-course/twister-out/kernel.h##8118239d1ec13e308e040c6439814b34.gcov
  current_dir  /home/felipe/zephyrproject/zephyr-course/twister-out
  root         /home/felipe/zephyrproject/zephyr-course/app/modules/ring_buf
  starting_dir /home/felipe/zephyrproject/zephyr-course
  obj_dir      /home/felipe/zephyrproject/zephyr-course/twister-out
  gcda_fname   native_sim_native/host_gnu/zephyr-course/tests/ring_buf/homework.unit.ring_buf/zephyr/kernel/CMakeFiles/kernel.dir/sched.c.gcda
  --> fname    /home/felipe/zephyrproject/zephyr/include/zephyr/kernel.h
(DEBUG) Check if /home/felipe/zephyrproject/zephyr/include/zephyr/kernel.h is included (source file)...
(DEBUG) --> File is excluded.
(DEBUG) Check if /home/felipe/zephyrproject/zephyr-course/twister-out/kswap.h##4cdb6ee45e09bab001793a605d74fb66.gcov is included (trace)...
(DEBUG) --> File is excluded.
(DEBUG) Finding source file corresponding to a gcov data file
  gcov_fname   /home/felipe/zephyrproject/zephyr-course/twister-out/kswap.h##4cdb6ee45e09bab001793a605d74fb66.gcov
  current_dir  /home/felipe/zephyrproject/zephyr-course/twister-out
  root         /home/felipe/zephyrproject/zephyr-course/app/modules/ring_buf
  starting_dir /home/felipe/zephyrproject/zephyr-course
  obj_dir      /home/felipe/zephyrproject/zephyr-course/twister-out
  gcda_fname   native_sim_native/host_gnu/zephyr-course/tests/ring_buf/homework.unit.ring_buf/zephyr/kernel/CMakeFiles/kernel.dir/sched.c.gcda
  --> fname    /home/felipe/zephyrproject/zephyr/kernel/include/kswap.h
(DEBUG) Check if /home/felipe/zephyrproject/zephyr/kernel/include/kswap.h is included (source file)...
(DEBUG) --> File is excluded.
(DEBUG) Check if /home/felipe/zephyrproject/zephyr-course/twister-out/priority_q.h##b43b8b9793e0b1f450fbd5ad330f5149.gcov is included (trace)...
(DEBUG) --> File is excluded.
(DEBUG) Finding source file corresponding to a gcov data file
  gcov_fname   /home/felipe/zephyrproject/zephyr-course/twister-out/priority_q.h##b43b8b9793e0b1f450fbd5ad330f5149.gcov
  current_dir  /home/felipe/zephyrproject/zephyr-course/twister-out
  root         /home/felipe/zephyrproject/zephyr-course/app/modules/ring_buf
  starting_dir /home/felipe/zephyrproject/zephyr-course
  obj_dir      /home/felipe/zephyrproject/zephyr-course/twister-out
  gcda_fname   native_sim_native/host_gnu/zephyr-course/tests/ring_buf/homework.unit.ring_buf/zephyr/kernel/CMakeFiles/kernel.dir/sched.c.gcda
  --> fname    /home/felipe/zephyrproject/zephyr/kernel/include/priority_q.h
(DEBUG) Check if /home/felipe/zephyrproject/zephyr/kernel/include/priority_q.h is included (source file)...
(DEBUG) --> File is excluded.
(DEBUG) Check if /home/felipe/zephyrproject/zephyr-course/twister-out/sched.c##da0229733c6ed037fd0f935306196fde.gcov is included (trace)...
(DEBUG)   No filter matched.
(DEBUG) --> File is excluded.
(DEBUG) Finding source file corresponding to a gcov data file
  gcov_fname   /home/felipe/zephyrproject/zephyr-course/twister-out/sched.c##da0229733c6ed037fd0f935306196fde.gcov
  current_dir  /home/felipe/zephyrproject/zephyr-course/twister-out
  root         /home/felipe/zephyrproject/zephyr-course/app/modules/ring_buf
  starting_dir /home/felipe/zephyrproject/zephyr-course
  obj_dir      /home/felipe/zephyrproject/zephyr-course/twister-out
  gcda_fname   native_sim_native/host_gnu/zephyr-course/tests/ring_buf/homework.unit.ring_buf/zephyr/kernel/CMakeFiles/kernel.dir/sched.c.gcda
  --> fname    /home/felipe/zephyrproject/zephyr/kernel/sched.c
(DEBUG) Check if /home/felipe/zephyrproject/zephyr/kernel/sched.c is included (source file)...
(DEBUG)   No filter matched.
(DEBUG) --> File is excluded.
(DEBUG) Check if /home/felipe/zephyrproject/zephyr-course/twister-out/arch.h##f17e3501b457fcbd947bf4189b99bd89.gcov is included (trace)...
(DEBUG) --> File is excluded.
(DEBUG) Finding source file corresponding to a gcov data file
  gcov_fname   /home/felipe/zephyrproject/zephyr-course/twister-out/arch.h##f17e3501b457fcbd947bf4189b99bd89.gcov
  current_dir  /home/felipe/zephyrproject/zephyr-course/twister-out
  root         /home/felipe/zephyrproject/zephyr-course/app/modules/ring_buf
  starting_dir /home/felipe/zephyrproject/zephyr-course
  obj_dir      /home/felipe/zephyrproject/zephyr-course/twister-out
  gcda_fname   native_sim_native/host_gnu/zephyr-course/tests/ring_buf/homework.unit.ring_buf/zephyr/kernel/CMakeFiles/kernel.dir/sched.c.gcda
  --> fname    /home/felipe/zephyrproject/zephyr/include/zephyr/arch/posix/arch.h
(DEBUG) Check if /home/felipe/zephyrproject/zephyr/include/zephyr/arch/posix/arch.h is included (source file)...
(DEBUG) --> File is excluded.
(DEBUG) Check if /home/felipe/zephyrproject/zephyr-course/twister-out/wait_q.h##c55cb3824a8e32844a6026ec1729c33e.gcov is included (trace)...
(DEBUG) --> File is excluded.
(DEBUG) Finding source file corresponding to a gcov data file
  gcov_fname   /home/felipe/zephyrproject/zephyr-course/twister-out/wait_q.h##c55cb3824a8e32844a6026ec1729c33e.gcov
  current_dir  /home/felipe/zephyrproject/zephyr-course/twister-out
  root         /home/felipe/zephyrproject/zephyr-course/app/modules/ring_buf
  starting_dir /home/felipe/zephyrproject/zephyr-course
  obj_dir      /home/felipe/zephyrproject/zephyr-course/twister-out
  gcda_fname   native_sim_native/host_gnu/zephyr-course/tests/ring_buf/homework.unit.ring_buf/zephyr/kernel/CMakeFiles/kernel.dir/sched.c.gcda
  --> fname    /home/felipe/zephyrproject/zephyr/kernel/include/wait_q.h
(DEBUG) Check if /home/felipe/zephyrproject/zephyr/kernel/include/wait_q.h is included (source file)...
(DEBUG) --> File is excluded.
(DEBUG) Check if /home/felipe/zephyrproject/zephyr-course/twister-out/syscall.h##8128d8185b27548b9f11ce6707adf377.gcov is included (trace)...
(DEBUG) --> File is excluded.
(DEBUG) Finding source file corresponding to a gcov data file
  gcov_fname   /home/felipe/zephyrproject/zephyr-course/twister-out/syscall.h##8128d8185b27548b9f11ce6707adf377.gcov
  current_dir  /home/felipe/zephyrproject/zephyr-course/twister-out
  root         /home/felipe/zephyrproject/zephyr-course/app/modules/ring_buf
  starting_dir /home/felipe/zephyrproject/zephyr-course
  obj_dir      /home/felipe/zephyrproject/zephyr-course/twister-out
  gcda_fname   native_sim_native/host_gnu/zephyr-course/tests/ring_buf/homework.unit.ring_buf/zephyr/kernel/CMakeFiles/kernel.dir/sched.c.gcda
  --> fname    /home/felipe/zephyrproject/zephyr/include/zephyr/syscall.h
(DEBUG) Check if /home/felipe/zephyrproject/zephyr/include/zephyr/syscall.h is included (source file)...
(DEBUG) --> File is excluded.
(DEBUG) Check if /home/felipe/zephyrproject/zephyr-course/twister-out/kernel_internal.h##3b95e9c6edb7551da96548b3f2925c98.gcov is included (trace)...
(DEBUG) --> File is excluded.
(DEBUG) Finding source file corresponding to a gcov data file
  gcov_fname   /home/felipe/zephyrproject/zephyr-course/twister-out/kernel_internal.h##3b95e9c6edb7551da96548b3f2925c98.gcov
  current_dir  /home/felipe/zephyrproject/zephyr-course/twister-out
  root         /home/felipe/zephyrproject/zephyr-course/app/modules/ring_buf
  starting_dir /home/felipe/zephyrproject/zephyr-course
  obj_dir      /home/felipe/zephyrproject/zephyr-course/twister-out
  gcda_fname   native_sim_native/host_gnu/zephyr-course/tests/ring_buf/homework.unit.ring_buf/zephyr/kernel/CMakeFiles/kernel.dir/sched.c.gcda
  --> fname    /home/felipe/zephyrproject/zephyr/kernel/include/kernel_internal.h
(DEBUG) Check if /home/felipe/zephyrproject/zephyr/kernel/include/kernel_internal.h is included (source file)...
(DEBUG) --> File is excluded.
(DEBUG) Check if /home/felipe/zephyrproject/zephyr-course/twister-out/dlist.h##0f388b119e698d4d0bf30b616f109283.gcov is included (trace)...
(DEBUG) --> File is excluded.
(DEBUG) Finding source file corresponding to a gcov data file
  gcov_fname   /home/felipe/zephyrproject/zephyr-course/twister-out/dlist.h##0f388b119e698d4d0bf30b616f109283.gcov
  current_dir  /home/felipe/zephyrproject/zephyr-course/twister-out
  root         /home/felipe/zephyrproject/zephyr-course/app/modules/ring_buf
  starting_dir /home/felipe/zephyrproject/zephyr-course
  obj_dir      /home/felipe/zephyrproject/zephyr-course/twister-out
  gcda_fname   native_sim_native/host_gnu/zephyr-course/tests/ring_buf/homework.unit.ring_buf/zephyr/kernel/CMakeFiles/kernel.dir/sched.c.gcda
  --> fname    /home/felipe/zephyrproject/zephyr/include/zephyr/sys/dlist.h
(DEBUG) Check if /home/felipe/zephyrproject/zephyr/include/zephyr/sys/dlist.h is included (source file)...
(DEBUG) --> File is excluded.
(DEBUG) Check if /home/felipe/zephyrproject/zephyr-course/twister-out/timeout_q.h##90d851c3f83778dd36dd8b7e2ad60ead.gcov is included (trace)...
(DEBUG) --> File is excluded.
(DEBUG) Finding source file corresponding to a gcov data file
  gcov_fname   /home/felipe/zephyrproject/zephyr-course/twister-out/timeout_q.h##90d851c3f83778dd36dd8b7e2ad60ead.gcov
  current_dir  /home/felipe/zephyrproject/zephyr-course/twister-out
  root         /home/felipe/zephyrproject/zephyr-course/app/modules/ring_buf
  starting_dir /home/felipe/zephyrproject/zephyr-course
  obj_dir      /home/felipe/zephyrproject/zephyr-course/twister-out
  gcda_fname   native_sim_native/host_gnu/zephyr-course/tests/ring_buf/homework.unit.ring_buf/zephyr/kernel/CMakeFiles/kernel.dir/sched.c.gcda
  --> fname    /home/felipe/zephyrproject/zephyr/kernel/include/timeout_q.h
(DEBUG) Check if /home/felipe/zephyrproject/zephyr/kernel/include/timeout_q.h is included (source file)...
(DEBUG) --> File is excluded.
(DEBUG) Check if /home/felipe/zephyrproject/zephyr-course/twister-out/kernel_arch_func.h##32b155e641adc9cd48584db3704df6c2.gcov is included (trace)...
(DEBUG) --> File is excluded.
(DEBUG) Finding source file corresponding to a gcov data file
  gcov_fname   /home/felipe/zephyrproject/zephyr-course/twister-out/kernel_arch_func.h##32b155e641adc9cd48584db3704df6c2.gcov
  current_dir  /home/felipe/zephyrproject/zephyr-course/twister-out
  root         /home/felipe/zephyrproject/zephyr-course/app/modules/ring_buf
  starting_dir /home/felipe/zephyrproject/zephyr-course
  obj_dir      /home/felipe/zephyrproject/zephyr-course/twister-out
  gcda_fname   native_sim_native/host_gnu/zephyr-course/tests/ring_buf/homework.unit.ring_buf/zephyr/kernel/CMakeFiles/kernel.dir/sched.c.gcda
  --> fname    /home/felipe/zephyrproject/zephyr/arch/posix/include/kernel_arch_func.h
(DEBUG) Check if /home/felipe/zephyrproject/zephyr/arch/posix/include/kernel_arch_func.h is included (source file)...
(DEBUG) --> File is excluded.
(DEBUG) Check if /home/felipe/zephyrproject/zephyr-course/twister-out/kthread.h##9409f455419132bfc3b9c8e76c631198.gcov is included (trace)...
(DEBUG) --> File is excluded.
(DEBUG) Finding source file corresponding to a gcov data file
  gcov_fname   /home/felipe/zephyrproject/zephyr-course/twister-out/kthread.h##9409f455419132bfc3b9c8e76c631198.gcov
  current_dir  /home/felipe/zephyrproject/zephyr-course/twister-out
  root         /home/felipe/zephyrproject/zephyr-course/app/modules/ring_buf
  starting_dir /home/felipe/zephyrproject/zephyr-course
  obj_dir      /home/felipe/zephyrproject/zephyr-course/twister-out
  gcda_fname   native_sim_native/host_gnu/zephyr-course/tests/ring_buf/homework.unit.ring_buf/zephyr/kernel/CMakeFiles/kernel.dir/sched.c.gcda
  --> fname    /home/felipe/zephyrproject/zephyr/kernel/include/kthread.h
(DEBUG) Check if /home/felipe/zephyrproject/zephyr/kernel/include/kthread.h is included (source file)...
(DEBUG) --> File is excluded.
(DEBUG) Check if /home/felipe/zephyrproject/zephyr-course/twister-out/native_sim_native/host_gnu/zephyr-course/tests/ring_buf/homework.unit.ring_buf/zephyr/kernel/CMakeFiles/kernel.dir/sem.c.gcda is included (trace)...
(DEBUG)   No filter matched.
(DEBUG) --> File is excluded.
(DEBUG) Check if /home/felipe/zephyrproject/zephyr-course/twister-out/native_sim_native/host_gnu/zephyr-course/tests/ring_buf/homework.unit.ring_buf/zephyr/kernel/CMakeFiles/kernel.dir/sem.c.gcda is included (trace)...
(DEBUG) --> File is excluded.
(DEBUG) Check if sem.c##3092decfe6c578b751e6dc967a990df5.gcov is included (gcov file)...
(DEBUG)   Filter AlwaysMatchFilter() matched.
(DEBUG) --> File is included.
(DEBUG) Check if ksched.h##0cebf465783caf800468063ad71827b7.gcov is included (gcov file)...
(DEBUG) --> File is included.
(DEBUG) Check if kthread.h##9409f455419132bfc3b9c8e76c631198.gcov is included (gcov file)...
(DEBUG) --> File is included.
(DEBUG) Check if kernel_arch_func.h##32b155e641adc9cd48584db3704df6c2.gcov is included (gcov file)...
(DEBUG) --> File is included.
(DEBUG) Check if wait_q.h##c55cb3824a8e32844a6026ec1729c33e.gcov is included (gcov file)...
(DEBUG) --> File is included.
(DEBUG) Check if priority_q.h##b43b8b9793e0b1f450fbd5ad330f5149.gcov is included (gcov file)...
(DEBUG) --> File is included.
(DEBUG) Check if timeout_q.h##90d851c3f83778dd36dd8b7e2ad60ead.gcov is included (gcov file)...
(DEBUG) --> File is included.
(DEBUG) Check if kobject_internal.h##a8c30b7c0aaee4fff0317a3d8ddf7a57.gcov is included (gcov file)...
(DEBUG) --> File is included.
(DEBUG) Check if spinlock.h##d07917f143d2ca5ff94f2d220e528568.gcov is included (gcov file)...
(DEBUG) --> File is included.
(DEBUG) Check if arch.h##f17e3501b457fcbd947bf4189b99bd89.gcov is included (gcov file)...
(DEBUG) --> File is included.
(DEBUG) Check if dlist.h##0f388b119e698d4d0bf30b616f109283.gcov is included (gcov file)...
(DEBUG) --> File is included.
(DEBUG) Check if /home/felipe/zephyrproject/zephyr-course/twister-out/spinlock.h##d07917f143d2ca5ff94f2d220e528568.gcov is included (trace)...
(DEBUG) --> File is excluded.
(DEBUG) Finding source file corresponding to a gcov data file
  gcov_fname   /home/felipe/zephyrproject/zephyr-course/twister-out/spinlock.h##d07917f143d2ca5ff94f2d220e528568.gcov
  current_dir  /home/felipe/zephyrproject/zephyr-course/twister-out
  root         /home/felipe/zephyrproject/zephyr-course/app/modules/ring_buf
  starting_dir /home/felipe/zephyrproject/zephyr-course
  obj_dir      /home/felipe/zephyrproject/zephyr-course/twister-out
  gcda_fname   native_sim_native/host_gnu/zephyr-course/tests/ring_buf/homework.unit.ring_buf/zephyr/kernel/CMakeFiles/kernel.dir/sem.c.gcda
  --> fname    /home/felipe/zephyrproject/zephyr/include/zephyr/spinlock.h
(DEBUG) Check if /home/felipe/zephyrproject/zephyr/include/zephyr/spinlock.h is included (source file)...
(DEBUG) --> File is excluded.
(DEBUG) Check if /home/felipe/zephyrproject/zephyr-course/twister-out/ksched.h##0cebf465783caf800468063ad71827b7.gcov is included (trace)...
(DEBUG) --> File is excluded.
(DEBUG) Finding source file corresponding to a gcov data file
  gcov_fname   /home/felipe/zephyrproject/zephyr-course/twister-out/ksched.h##0cebf465783caf800468063ad71827b7.gcov
  current_dir  /home/felipe/zephyrproject/zephyr-course/twister-out
  root         /home/felipe/zephyrproject/zephyr-course/app/modules/ring_buf
  starting_dir /home/felipe/zephyrproject/zephyr-course
  obj_dir      /home/felipe/zephyrproject/zephyr-course/twister-out
  gcda_fname   native_sim_native/host_gnu/zephyr-course/tests/ring_buf/homework.unit.ring_buf/zephyr/kernel/CMakeFiles/kernel.dir/sem.c.gcda
  --> fname    /home/felipe/zephyrproject/zephyr/kernel/include/ksched.h
(DEBUG) Check if /home/felipe/zephyrproject/zephyr/kernel/include/ksched.h is included (source file)...
(DEBUG) --> File is excluded.
(DEBUG) Check if /home/felipe/zephyrproject/zephyr-course/twister-out/kobject_internal.h##a8c30b7c0aaee4fff0317a3d8ddf7a57.gcov is included (trace)...
(DEBUG) --> File is excluded.
(DEBUG) Finding source file corresponding to a gcov data file
  gcov_fname   /home/felipe/zephyrproject/zephyr-course/twister-out/kobject_internal.h##a8c30b7c0aaee4fff0317a3d8ddf7a57.gcov
  current_dir  /home/felipe/zephyrproject/zephyr-course/twister-out
  root         /home/felipe/zephyrproject/zephyr-course/app/modules/ring_buf
  starting_dir /home/felipe/zephyrproject/zephyr-course
  obj_dir      /home/felipe/zephyrproject/zephyr-course/twister-out
  gcda_fname   native_sim_native/host_gnu/zephyr-course/tests/ring_buf/homework.unit.ring_buf/zephyr/kernel/CMakeFiles/kernel.dir/sem.c.gcda
  --> fname    /home/felipe/zephyrproject/zephyr/include/zephyr/sys/internal/kobject_internal.h
(DEBUG) Check if /home/felipe/zephyrproject/zephyr/include/zephyr/sys/internal/kobject_internal.h is included (source file)...
(DEBUG) --> File is excluded.
(DEBUG) Check if /home/felipe/zephyrproject/zephyr-course/twister-out/priority_q.h##b43b8b9793e0b1f450fbd5ad330f5149.gcov is included (trace)...
(DEBUG) --> File is excluded.
(DEBUG) Finding source file corresponding to a gcov data file
  gcov_fname   /home/felipe/zephyrproject/zephyr-course/twister-out/priority_q.h##b43b8b9793e0b1f450fbd5ad330f5149.gcov
  current_dir  /home/felipe/zephyrproject/zephyr-course/twister-out
  root         /home/felipe/zephyrproject/zephyr-course/app/modules/ring_buf
  starting_dir /home/felipe/zephyrproject/zephyr-course
  obj_dir      /home/felipe/zephyrproject/zephyr-course/twister-out
  gcda_fname   native_sim_native/host_gnu/zephyr-course/tests/ring_buf/homework.unit.ring_buf/zephyr/kernel/CMakeFiles/kernel.dir/sem.c.gcda
  --> fname    /home/felipe/zephyrproject/zephyr/kernel/include/priority_q.h
(DEBUG) Check if /home/felipe/zephyrproject/zephyr/kernel/include/priority_q.h is included (source file)...
(DEBUG) --> File is excluded.
(DEBUG) Check if /home/felipe/zephyrproject/zephyr-course/twister-out/arch.h##f17e3501b457fcbd947bf4189b99bd89.gcov is included (trace)...
(DEBUG) --> File is excluded.
(DEBUG) Finding source file corresponding to a gcov data file
  gcov_fname   /home/felipe/zephyrproject/zephyr-course/twister-out/arch.h##f17e3501b457fcbd947bf4189b99bd89.gcov
  current_dir  /home/felipe/zephyrproject/zephyr-course/twister-out
  root         /home/felipe/zephyrproject/zephyr-course/app/modules/ring_buf
  starting_dir /home/felipe/zephyrproject/zephyr-course
  obj_dir      /home/felipe/zephyrproject/zephyr-course/twister-out
  gcda_fname   native_sim_native/host_gnu/zephyr-course/tests/ring_buf/homework.unit.ring_buf/zephyr/kernel/CMakeFiles/kernel.dir/sem.c.gcda
  --> fname    /home/felipe/zephyrproject/zephyr/include/zephyr/arch/posix/arch.h
(DEBUG) Check if /home/felipe/zephyrproject/zephyr/include/zephyr/arch/posix/arch.h is included (source file)...
(DEBUG) --> File is excluded.
(DEBUG) Check if /home/felipe/zephyrproject/zephyr-course/twister-out/wait_q.h##c55cb3824a8e32844a6026ec1729c33e.gcov is included (trace)...
(DEBUG) --> File is excluded.
(DEBUG) Finding source file corresponding to a gcov data file
  gcov_fname   /home/felipe/zephyrproject/zephyr-course/twister-out/wait_q.h##c55cb3824a8e32844a6026ec1729c33e.gcov
  current_dir  /home/felipe/zephyrproject/zephyr-course/twister-out
  root         /home/felipe/zephyrproject/zephyr-course/app/modules/ring_buf
  starting_dir /home/felipe/zephyrproject/zephyr-course
  obj_dir      /home/felipe/zephyrproject/zephyr-course/twister-out
  gcda_fname   native_sim_native/host_gnu/zephyr-course/tests/ring_buf/homework.unit.ring_buf/zephyr/kernel/CMakeFiles/kernel.dir/sem.c.gcda
  --> fname    /home/felipe/zephyrproject/zephyr/kernel/include/wait_q.h
(DEBUG) Check if /home/felipe/zephyrproject/zephyr/kernel/include/wait_q.h is included (source file)...
(DEBUG) --> File is excluded.
(DEBUG) Check if /home/felipe/zephyrproject/zephyr-course/twister-out/dlist.h##0f388b119e698d4d0bf30b616f109283.gcov is included (trace)...
(DEBUG) --> File is excluded.
(DEBUG) Finding source file corresponding to a gcov data file
  gcov_fname   /home/felipe/zephyrproject/zephyr-course/twister-out/dlist.h##0f388b119e698d4d0bf30b616f109283.gcov
  current_dir  /home/felipe/zephyrproject/zephyr-course/twister-out
  root         /home/felipe/zephyrproject/zephyr-course/app/modules/ring_buf
  starting_dir /home/felipe/zephyrproject/zephyr-course
  obj_dir      /home/felipe/zephyrproject/zephyr-course/twister-out
  gcda_fname   native_sim_native/host_gnu/zephyr-course/tests/ring_buf/homework.unit.ring_buf/zephyr/kernel/CMakeFiles/kernel.dir/sem.c.gcda
  --> fname    /home/felipe/zephyrproject/zephyr/include/zephyr/sys/dlist.h
(DEBUG) Check if /home/felipe/zephyrproject/zephyr/include/zephyr/sys/dlist.h is included (source file)...
(DEBUG) --> File is excluded.
(DEBUG) Check if /home/felipe/zephyrproject/zephyr-course/twister-out/sem.c##3092decfe6c578b751e6dc967a990df5.gcov is included (trace)...
(DEBUG)   No filter matched.
(DEBUG) --> File is excluded.
(DEBUG) Finding source file corresponding to a gcov data file
  gcov_fname   /home/felipe/zephyrproject/zephyr-course/twister-out/sem.c##3092decfe6c578b751e6dc967a990df5.gcov
  current_dir  /home/felipe/zephyrproject/zephyr-course/twister-out
  root         /home/felipe/zephyrproject/zephyr-course/app/modules/ring_buf
  starting_dir /home/felipe/zephyrproject/zephyr-course
  obj_dir      /home/felipe/zephyrproject/zephyr-course/twister-out
  gcda_fname   native_sim_native/host_gnu/zephyr-course/tests/ring_buf/homework.unit.ring_buf/zephyr/kernel/CMakeFiles/kernel.dir/sem.c.gcda
  --> fname    /home/felipe/zephyrproject/zephyr/kernel/sem.c
(DEBUG) Check if /home/felipe/zephyrproject/zephyr/kernel/sem.c is included (source file)...
(DEBUG)   No filter matched.
(DEBUG) --> File is excluded.
(DEBUG) Check if /home/felipe/zephyrproject/zephyr-course/twister-out/timeout_q.h##90d851c3f83778dd36dd8b7e2ad60ead.gcov is included (trace)...
(DEBUG) --> File is excluded.
(DEBUG) Finding source file corresponding to a gcov data file
  gcov_fname   /home/felipe/zephyrproject/zephyr-course/twister-out/timeout_q.h##90d851c3f83778dd36dd8b7e2ad60ead.gcov
  current_dir  /home/felipe/zephyrproject/zephyr-course/twister-out
  root         /home/felipe/zephyrproject/zephyr-course/app/modules/ring_buf
  starting_dir /home/felipe/zephyrproject/zephyr-course
  obj_dir      /home/felipe/zephyrproject/zephyr-course/twister-out
  gcda_fname   native_sim_native/host_gnu/zephyr-course/tests/ring_buf/homework.unit.ring_buf/zephyr/kernel/CMakeFiles/kernel.dir/sem.c.gcda
  --> fname    /home/felipe/zephyrproject/zephyr/kernel/include/timeout_q.h
(DEBUG) Check if /home/felipe/zephyrproject/zephyr/kernel/include/timeout_q.h is included (source file)...
(DEBUG) --> File is excluded.
(DEBUG) Check if /home/felipe/zephyrproject/zephyr-course/twister-out/kernel_arch_func.h##32b155e641adc9cd48584db3704df6c2.gcov is included (trace)...
(DEBUG) --> File is excluded.
(DEBUG) Finding source file corresponding to a gcov data file
  gcov_fname   /home/felipe/zephyrproject/zephyr-course/twister-out/kernel_arch_func.h##32b155e641adc9cd48584db3704df6c2.gcov
  current_dir  /home/felipe/zephyrproject/zephyr-course/twister-out
  root         /home/felipe/zephyrproject/zephyr-course/app/modules/ring_buf
  starting_dir /home/felipe/zephyrproject/zephyr-course
  obj_dir      /home/felipe/zephyrproject/zephyr-course/twister-out
  gcda_fname   native_sim_native/host_gnu/zephyr-course/tests/ring_buf/homework.unit.ring_buf/zephyr/kernel/CMakeFiles/kernel.dir/sem.c.gcda
  --> fname    /home/felipe/zephyrproject/zephyr/arch/posix/include/kernel_arch_func.h
(DEBUG) Check if /home/felipe/zephyrproject/zephyr/arch/posix/include/kernel_arch_func.h is included (source file)...
(DEBUG) --> File is excluded.
(DEBUG) Check if /home/felipe/zephyrproject/zephyr-course/twister-out/kthread.h##9409f455419132bfc3b9c8e76c631198.gcov is included (trace)...
(DEBUG) --> File is excluded.
(DEBUG) Finding source file corresponding to a gcov data file
  gcov_fname   /home/felipe/zephyrproject/zephyr-course/twister-out/kthread.h##9409f455419132bfc3b9c8e76c631198.gcov
  current_dir  /home/felipe/zephyrproject/zephyr-course/twister-out
  root         /home/felipe/zephyrproject/zephyr-course/app/modules/ring_buf
  starting_dir /home/felipe/zephyrproject/zephyr-course
  obj_dir      /home/felipe/zephyrproject/zephyr-course/twister-out
  gcda_fname   native_sim_native/host_gnu/zephyr-course/tests/ring_buf/homework.unit.ring_buf/zephyr/kernel/CMakeFiles/kernel.dir/sem.c.gcda
  --> fname    /home/felipe/zephyrproject/zephyr/kernel/include/kthread.h
(DEBUG) Check if /home/felipe/zephyrproject/zephyr/kernel/include/kthread.h is included (source file)...
(DEBUG) --> File is excluded.
(DEBUG) Check if /home/felipe/zephyrproject/zephyr-course/twister-out/native_sim_native/host_gnu/zephyr-course/tests/ring_buf/homework.unit.ring_buf/zephyr/kernel/CMakeFiles/kernel.dir/spinlock_validate.c.gcda is included (trace)...
(DEBUG)   No filter matched.
(DEBUG) --> File is excluded.
(DEBUG) Check if /home/felipe/zephyrproject/zephyr-course/twister-out/native_sim_native/host_gnu/zephyr-course/tests/ring_buf/homework.unit.ring_buf/zephyr/kernel/CMakeFiles/kernel.dir/spinlock_validate.c.gcda is included (trace)...
(DEBUG) --> File is excluded.
(DEBUG) Check if spinlock_validate.c##73f06a44ae0a5faeb2a891de1d5ebd58.gcov is included (gcov file)...
(DEBUG)   Filter AlwaysMatchFilter() matched.
(DEBUG) --> File is included.
(DEBUG) Check if kernel_arch_func.h##32b155e641adc9cd48584db3704df6c2.gcov is included (gcov file)...
(DEBUG) --> File is included.
(DEBUG) Check if /home/felipe/zephyrproject/zephyr-course/twister-out/kernel_arch_func.h##32b155e641adc9cd48584db3704df6c2.gcov is included (trace)...
(DEBUG) --> File is excluded.
(DEBUG) Finding source file corresponding to a gcov data file
  gcov_fname   /home/felipe/zephyrproject/zephyr-course/twister-out/kernel_arch_func.h##32b155e641adc9cd48584db3704df6c2.gcov
  current_dir  /home/felipe/zephyrproject/zephyr-course/twister-out
  root         /home/felipe/zephyrproject/zephyr-course/app/modules/ring_buf
  starting_dir /home/felipe/zephyrproject/zephyr-course
  obj_dir      /home/felipe/zephyrproject/zephyr-course/twister-out
  gcda_fname   native_sim_native/host_gnu/zephyr-course/tests/ring_buf/homework.unit.ring_buf/zephyr/kernel/CMakeFiles/kernel.dir/spinlock_validate.c.gcda
  --> fname    /home/felipe/zephyrproject/zephyr/arch/posix/include/kernel_arch_func.h
(DEBUG) Check if /home/felipe/zephyrproject/zephyr/arch/posix/include/kernel_arch_func.h is included (source file)...
(DEBUG) --> File is excluded.
(DEBUG) Check if /home/felipe/zephyrproject/zephyr-course/twister-out/spinlock_validate.c##73f06a44ae0a5faeb2a891de1d5ebd58.gcov is included (trace)...
(DEBUG)   No filter matched.
(DEBUG) --> File is excluded.
(DEBUG) Finding source file corresponding to a gcov data file
  gcov_fname   /home/felipe/zephyrproject/zephyr-course/twister-out/spinlock_validate.c##73f06a44ae0a5faeb2a891de1d5ebd58.gcov
  current_dir  /home/felipe/zephyrproject/zephyr-course/twister-out
  root         /home/felipe/zephyrproject/zephyr-course/app/modules/ring_buf
  starting_dir /home/felipe/zephyrproject/zephyr-course
  obj_dir      /home/felipe/zephyrproject/zephyr-course/twister-out
  gcda_fname   native_sim_native/host_gnu/zephyr-course/tests/ring_buf/homework.unit.ring_buf/zephyr/kernel/CMakeFiles/kernel.dir/spinlock_validate.c.gcda
  --> fname    /home/felipe/zephyrproject/zephyr/kernel/spinlock_validate.c
(DEBUG) Check if /home/felipe/zephyrproject/zephyr/kernel/spinlock_validate.c is included (source file)...
(DEBUG)   No filter matched.
(DEBUG) --> File is excluded.
(DEBUG) Check if /home/felipe/zephyrproject/zephyr-course/twister-out/native_sim_native/host_gnu/zephyr-course/tests/ring_buf/homework.unit.ring_buf/zephyr/kernel/CMakeFiles/kernel.dir/stack.c.gcno is included (trace)...
(DEBUG)   No filter matched.
(DEBUG) --> File is excluded.
(DEBUG) Check if /home/felipe/zephyrproject/zephyr-course/twister-out/native_sim_native/host_gnu/zephyr-course/tests/ring_buf/homework.unit.ring_buf/zephyr/kernel/CMakeFiles/kernel.dir/stack.c.gcno is included (trace)...
(DEBUG) --> File is excluded.
(DEBUG) Check if stack.c##b1bfd5642952ce2a895cace9e604913f.gcov is included (gcov file)...
(DEBUG)   Filter AlwaysMatchFilter() matched.
(DEBUG) --> File is included.
(DEBUG) Check if wait_q.h##c55cb3824a8e32844a6026ec1729c33e.gcov is included (gcov file)...
(DEBUG) --> File is included.
(DEBUG) Check if ksched.h##0cebf465783caf800468063ad71827b7.gcov is included (gcov file)...
(DEBUG) --> File is included.
(DEBUG) Check if priority_q.h##b43b8b9793e0b1f450fbd5ad330f5149.gcov is included (gcov file)...
(DEBUG) --> File is included.
(DEBUG) Check if kernel_internal.h##3b95e9c6edb7551da96548b3f2925c98.gcov is included (gcov file)...
(DEBUG) --> File is included.
(DEBUG) Check if kthread.h##9409f455419132bfc3b9c8e76c631198.gcov is included (gcov file)...
(DEBUG) --> File is included.
(DEBUG) Check if timeout_q.h##90d851c3f83778dd36dd8b7e2ad60ead.gcov is included (gcov file)...
(DEBUG) --> File is included.
(DEBUG) Check if kernel_arch_func.h##32b155e641adc9cd48584db3704df6c2.gcov is included (gcov file)...
(DEBUG) --> File is included.
(DEBUG) Check if kobject_internal.h##a8c30b7c0aaee4fff0317a3d8ddf7a57.gcov is included (gcov file)...
(DEBUG) --> File is included.
(DEBUG) Check if spinlock.h##d07917f143d2ca5ff94f2d220e528568.gcov is included (gcov file)...
(DEBUG) --> File is included.
(DEBUG) Check if arch.h##f17e3501b457fcbd947bf4189b99bd89.gcov is included (gcov file)...
(DEBUG) --> File is included.
(DEBUG) Check if dlist.h##0f388b119e698d4d0bf30b616f109283.gcov is included (gcov file)...
(DEBUG) --> File is included.
(DEBUG) Check if /home/felipe/zephyrproject/zephyr-course/twister-out/stack.c##b1bfd5642952ce2a895cace9e604913f.gcov is included (trace)...
(DEBUG)   No filter matched.
(DEBUG) --> File is excluded.
(DEBUG) Finding source file corresponding to a gcov data file
  gcov_fname   /home/felipe/zephyrproject/zephyr-course/twister-out/stack.c##b1bfd5642952ce2a895cace9e604913f.gcov
  current_dir  /home/felipe/zephyrproject/zephyr-course/twister-out
  root         /home/felipe/zephyrproject/zephyr-course/app/modules/ring_buf
  starting_dir /home/felipe/zephyrproject/zephyr-course
  obj_dir      /home/felipe/zephyrproject/zephyr-course/twister-out
  gcda_fname   native_sim_native/host_gnu/zephyr-course/tests/ring_buf/homework.unit.ring_buf/zephyr/kernel/CMakeFiles/kernel.dir/stack.c.gcno
  --> fname    /home/felipe/zephyrproject/zephyr/kernel/stack.c
(DEBUG) Check if /home/felipe/zephyrproject/zephyr/kernel/stack.c is included (source file)...
(DEBUG)   No filter matched.
(DEBUG) --> File is excluded.
(DEBUG) Check if /home/felipe/zephyrproject/zephyr-course/twister-out/spinlock.h##d07917f143d2ca5ff94f2d220e528568.gcov is included (trace)...
(DEBUG) --> File is excluded.
(DEBUG) Finding source file corresponding to a gcov data file
  gcov_fname   /home/felipe/zephyrproject/zephyr-course/twister-out/spinlock.h##d07917f143d2ca5ff94f2d220e528568.gcov
  current_dir  /home/felipe/zephyrproject/zephyr-course/twister-out
  root         /home/felipe/zephyrproject/zephyr-course/app/modules/ring_buf
  starting_dir /home/felipe/zephyrproject/zephyr-course
  obj_dir      /home/felipe/zephyrproject/zephyr-course/twister-out
  gcda_fname   native_sim_native/host_gnu/zephyr-course/tests/ring_buf/homework.unit.ring_buf/zephyr/kernel/CMakeFiles/kernel.dir/stack.c.gcno
  --> fname    /home/felipe/zephyrproject/zephyr/include/zephyr/spinlock.h
(DEBUG) Check if /home/felipe/zephyrproject/zephyr/include/zephyr/spinlock.h is included (source file)...
(DEBUG) --> File is excluded.
(DEBUG) Check if /home/felipe/zephyrproject/zephyr-course/twister-out/ksched.h##0cebf465783caf800468063ad71827b7.gcov is included (trace)...
(DEBUG) --> File is excluded.
(DEBUG) Finding source file corresponding to a gcov data file
  gcov_fname   /home/felipe/zephyrproject/zephyr-course/twister-out/ksched.h##0cebf465783caf800468063ad71827b7.gcov
  current_dir  /home/felipe/zephyrproject/zephyr-course/twister-out
  root         /home/felipe/zephyrproject/zephyr-course/app/modules/ring_buf
  starting_dir /home/felipe/zephyrproject/zephyr-course
  obj_dir      /home/felipe/zephyrproject/zephyr-course/twister-out
  gcda_fname   native_sim_native/host_gnu/zephyr-course/tests/ring_buf/homework.unit.ring_buf/zephyr/kernel/CMakeFiles/kernel.dir/stack.c.gcno
  --> fname    /home/felipe/zephyrproject/zephyr/kernel/include/ksched.h
(DEBUG) Check if /home/felipe/zephyrproject/zephyr/kernel/include/ksched.h is included (source file)...
(DEBUG) --> File is excluded.
(DEBUG) Check if /home/felipe/zephyrproject/zephyr-course/twister-out/kobject_internal.h##a8c30b7c0aaee4fff0317a3d8ddf7a57.gcov is included (trace)...
(DEBUG) --> File is excluded.
(DEBUG) Finding source file corresponding to a gcov data file
  gcov_fname   /home/felipe/zephyrproject/zephyr-course/twister-out/kobject_internal.h##a8c30b7c0aaee4fff0317a3d8ddf7a57.gcov
  current_dir  /home/felipe/zephyrproject/zephyr-course/twister-out
  root         /home/felipe/zephyrproject/zephyr-course/app/modules/ring_buf
  starting_dir /home/felipe/zephyrproject/zephyr-course
  obj_dir      /home/felipe/zephyrproject/zephyr-course/twister-out
  gcda_fname   native_sim_native/host_gnu/zephyr-course/tests/ring_buf/homework.unit.ring_buf/zephyr/kernel/CMakeFiles/kernel.dir/stack.c.gcno
  --> fname    /home/felipe/zephyrproject/zephyr/include/zephyr/sys/internal/kobject_internal.h
(DEBUG) Check if /home/felipe/zephyrproject/zephyr/include/zephyr/sys/internal/kobject_internal.h is included (source file)...
(DEBUG) --> File is excluded.
(DEBUG) Check if /home/felipe/zephyrproject/zephyr-course/twister-out/priority_q.h##b43b8b9793e0b1f450fbd5ad330f5149.gcov is included (trace)...
(DEBUG) --> File is excluded.
(DEBUG) Finding source file corresponding to a gcov data file
  gcov_fname   /home/felipe/zephyrproject/zephyr-course/twister-out/priority_q.h##b43b8b9793e0b1f450fbd5ad330f5149.gcov
  current_dir  /home/felipe/zephyrproject/zephyr-course/twister-out
  root         /home/felipe/zephyrproject/zephyr-course/app/modules/ring_buf
  starting_dir /home/felipe/zephyrproject/zephyr-course
  obj_dir      /home/felipe/zephyrproject/zephyr-course/twister-out
  gcda_fname   native_sim_native/host_gnu/zephyr-course/tests/ring_buf/homework.unit.ring_buf/zephyr/kernel/CMakeFiles/kernel.dir/stack.c.gcno
  --> fname    /home/felipe/zephyrproject/zephyr/kernel/include/priority_q.h
(DEBUG) Check if /home/felipe/zephyrproject/zephyr/kernel/include/priority_q.h is included (source file)...
(DEBUG) --> File is excluded.
(DEBUG) Check if /home/felipe/zephyrproject/zephyr-course/twister-out/arch.h##f17e3501b457fcbd947bf4189b99bd89.gcov is included (trace)...
(DEBUG) --> File is excluded.
(DEBUG) Finding source file corresponding to a gcov data file
  gcov_fname   /home/felipe/zephyrproject/zephyr-course/twister-out/arch.h##f17e3501b457fcbd947bf4189b99bd89.gcov
  current_dir  /home/felipe/zephyrproject/zephyr-course/twister-out
  root         /home/felipe/zephyrproject/zephyr-course/app/modules/ring_buf
  starting_dir /home/felipe/zephyrproject/zephyr-course
  obj_dir      /home/felipe/zephyrproject/zephyr-course/twister-out
  gcda_fname   native_sim_native/host_gnu/zephyr-course/tests/ring_buf/homework.unit.ring_buf/zephyr/kernel/CMakeFiles/kernel.dir/stack.c.gcno
  --> fname    /home/felipe/zephyrproject/zephyr/include/zephyr/arch/posix/arch.h
(DEBUG) Check if /home/felipe/zephyrproject/zephyr/include/zephyr/arch/posix/arch.h is included (source file)...
(DEBUG) --> File is excluded.
(DEBUG) Check if /home/felipe/zephyrproject/zephyr-course/twister-out/wait_q.h##c55cb3824a8e32844a6026ec1729c33e.gcov is included (trace)...
(DEBUG) --> File is excluded.
(DEBUG) Finding source file corresponding to a gcov data file
  gcov_fname   /home/felipe/zephyrproject/zephyr-course/twister-out/wait_q.h##c55cb3824a8e32844a6026ec1729c33e.gcov
  current_dir  /home/felipe/zephyrproject/zephyr-course/twister-out
  root         /home/felipe/zephyrproject/zephyr-course/app/modules/ring_buf
  starting_dir /home/felipe/zephyrproject/zephyr-course
  obj_dir      /home/felipe/zephyrproject/zephyr-course/twister-out
  gcda_fname   native_sim_native/host_gnu/zephyr-course/tests/ring_buf/homework.unit.ring_buf/zephyr/kernel/CMakeFiles/kernel.dir/stack.c.gcno
  --> fname    /home/felipe/zephyrproject/zephyr/kernel/include/wait_q.h
(DEBUG) Check if /home/felipe/zephyrproject/zephyr/kernel/include/wait_q.h is included (source file)...
(DEBUG) --> File is excluded.
(DEBUG) Check if /home/felipe/zephyrproject/zephyr-course/twister-out/kernel_internal.h##3b95e9c6edb7551da96548b3f2925c98.gcov is included (trace)...
(DEBUG) --> File is excluded.
(DEBUG) Finding source file corresponding to a gcov data file
  gcov_fname   /home/felipe/zephyrproject/zephyr-course/twister-out/kernel_internal.h##3b95e9c6edb7551da96548b3f2925c98.gcov
  current_dir  /home/felipe/zephyrproject/zephyr-course/twister-out
  root         /home/felipe/zephyrproject/zephyr-course/app/modules/ring_buf
  starting_dir /home/felipe/zephyrproject/zephyr-course
  obj_dir      /home/felipe/zephyrproject/zephyr-course/twister-out
  gcda_fname   native_sim_native/host_gnu/zephyr-course/tests/ring_buf/homework.unit.ring_buf/zephyr/kernel/CMakeFiles/kernel.dir/stack.c.gcno
  --> fname    /home/felipe/zephyrproject/zephyr/kernel/include/kernel_internal.h
(DEBUG) Check if /home/felipe/zephyrproject/zephyr/kernel/include/kernel_internal.h is included (source file)...
(DEBUG) --> File is excluded.
(DEBUG) Check if /home/felipe/zephyrproject/zephyr-course/twister-out/dlist.h##0f388b119e698d4d0bf30b616f109283.gcov is included (trace)...
(DEBUG) --> File is excluded.
(DEBUG) Finding source file corresponding to a gcov data file
  gcov_fname   /home/felipe/zephyrproject/zephyr-course/twister-out/dlist.h##0f388b119e698d4d0bf30b616f109283.gcov
  current_dir  /home/felipe/zephyrproject/zephyr-course/twister-out
  root         /home/felipe/zephyrproject/zephyr-course/app/modules/ring_buf
  starting_dir /home/felipe/zephyrproject/zephyr-course
  obj_dir      /home/felipe/zephyrproject/zephyr-course/twister-out
  gcda_fname   native_sim_native/host_gnu/zephyr-course/tests/ring_buf/homework.unit.ring_buf/zephyr/kernel/CMakeFiles/kernel.dir/stack.c.gcno
  --> fname    /home/felipe/zephyrproject/zephyr/include/zephyr/sys/dlist.h
(DEBUG) Check if /home/felipe/zephyrproject/zephyr/include/zephyr/sys/dlist.h is included (source file)...
(DEBUG) --> File is excluded.
(DEBUG) Check if /home/felipe/zephyrproject/zephyr-course/twister-out/timeout_q.h##90d851c3f83778dd36dd8b7e2ad60ead.gcov is included (trace)...
(DEBUG) --> File is excluded.
(DEBUG) Finding source file corresponding to a gcov data file
  gcov_fname   /home/felipe/zephyrproject/zephyr-course/twister-out/timeout_q.h##90d851c3f83778dd36dd8b7e2ad60ead.gcov
  current_dir  /home/felipe/zephyrproject/zephyr-course/twister-out
  root         /home/felipe/zephyrproject/zephyr-course/app/modules/ring_buf
  starting_dir /home/felipe/zephyrproject/zephyr-course
  obj_dir      /home/felipe/zephyrproject/zephyr-course/twister-out
  gcda_fname   native_sim_native/host_gnu/zephyr-course/tests/ring_buf/homework.unit.ring_buf/zephyr/kernel/CMakeFiles/kernel.dir/stack.c.gcno
  --> fname    /home/felipe/zephyrproject/zephyr/kernel/include/timeout_q.h
(DEBUG) Check if /home/felipe/zephyrproject/zephyr/kernel/include/timeout_q.h is included (source file)...
(DEBUG) --> File is excluded.
(DEBUG) Check if /home/felipe/zephyrproject/zephyr-course/twister-out/kernel_arch_func.h##32b155e641adc9cd48584db3704df6c2.gcov is included (trace)...
(DEBUG) --> File is excluded.
(DEBUG) Finding source file corresponding to a gcov data file
  gcov_fname   /home/felipe/zephyrproject/zephyr-course/twister-out/kernel_arch_func.h##32b155e641adc9cd48584db3704df6c2.gcov
  current_dir  /home/felipe/zephyrproject/zephyr-course/twister-out
  root         /home/felipe/zephyrproject/zephyr-course/app/modules/ring_buf
  starting_dir /home/felipe/zephyrproject/zephyr-course
  obj_dir      /home/felipe/zephyrproject/zephyr-course/twister-out
  gcda_fname   native_sim_native/host_gnu/zephyr-course/tests/ring_buf/homework.unit.ring_buf/zephyr/kernel/CMakeFiles/kernel.dir/stack.c.gcno
  --> fname    /home/felipe/zephyrproject/zephyr/arch/posix/include/kernel_arch_func.h
(DEBUG) Check if /home/felipe/zephyrproject/zephyr/arch/posix/include/kernel_arch_func.h is included (source file)...
(DEBUG) --> File is excluded.
(DEBUG) Check if /home/felipe/zephyrproject/zephyr-course/twister-out/kthread.h##9409f455419132bfc3b9c8e76c631198.gcov is included (trace)...
(DEBUG) --> File is excluded.
(DEBUG) Finding source file corresponding to a gcov data file
  gcov_fname   /home/felipe/zephyrproject/zephyr-course/twister-out/kthread.h##9409f455419132bfc3b9c8e76c631198.gcov
  current_dir  /home/felipe/zephyrproject/zephyr-course/twister-out
  root         /home/felipe/zephyrproject/zephyr-course/app/modules/ring_buf
  starting_dir /home/felipe/zephyrproject/zephyr-course
  obj_dir      /home/felipe/zephyrproject/zephyr-course/twister-out
  gcda_fname   native_sim_native/host_gnu/zephyr-course/tests/ring_buf/homework.unit.ring_buf/zephyr/kernel/CMakeFiles/kernel.dir/stack.c.gcno
  --> fname    /home/felipe/zephyrproject/zephyr/kernel/include/kthread.h
(DEBUG) Check if /home/felipe/zephyrproject/zephyr/kernel/include/kthread.h is included (source file)...
(DEBUG) --> File is excluded.
(DEBUG) Check if /home/felipe/zephyrproject/zephyr-course/twister-out/native_sim_native/host_gnu/zephyr-course/tests/ring_buf/homework.unit.ring_buf/zephyr/kernel/CMakeFiles/kernel.dir/system_work_q.c.gcno is included (trace)...
(DEBUG)   No filter matched.
(DEBUG) --> File is excluded.
(DEBUG) Check if /home/felipe/zephyrproject/zephyr-course/twister-out/native_sim_native/host_gnu/zephyr-course/tests/ring_buf/homework.unit.ring_buf/zephyr/kernel/CMakeFiles/kernel.dir/system_work_q.c.gcno is included (trace)...
(DEBUG) --> File is excluded.
(DEBUG) Check if system_work_q.c##984c293fbb4e5620c3466eb6dc08b748.gcov is included (gcov file)...
(DEBUG)   Filter AlwaysMatchFilter() matched.
(DEBUG) --> File is included.
(DEBUG) Check if /home/felipe/zephyrproject/zephyr-course/twister-out/system_work_q.c##984c293fbb4e5620c3466eb6dc08b748.gcov is included (trace)...
(DEBUG)   No filter matched.
(DEBUG) --> File is excluded.
(DEBUG) Finding source file corresponding to a gcov data file
  gcov_fname   /home/felipe/zephyrproject/zephyr-course/twister-out/system_work_q.c##984c293fbb4e5620c3466eb6dc08b748.gcov
  current_dir  /home/felipe/zephyrproject/zephyr-course/twister-out
  root         /home/felipe/zephyrproject/zephyr-course/app/modules/ring_buf
  starting_dir /home/felipe/zephyrproject/zephyr-course
  obj_dir      /home/felipe/zephyrproject/zephyr-course/twister-out
  gcda_fname   native_sim_native/host_gnu/zephyr-course/tests/ring_buf/homework.unit.ring_buf/zephyr/kernel/CMakeFiles/kernel.dir/system_work_q.c.gcno
  --> fname    /home/felipe/zephyrproject/zephyr/kernel/system_work_q.c
(DEBUG) Check if /home/felipe/zephyrproject/zephyr/kernel/system_work_q.c is included (source file)...
(DEBUG)   No filter matched.
(DEBUG) --> File is excluded.
(DEBUG) Check if /home/felipe/zephyrproject/zephyr-course/twister-out/native_sim_native/host_gnu/zephyr-course/tests/ring_buf/homework.unit.ring_buf/zephyr/kernel/CMakeFiles/kernel.dir/thread.c.gcda is included (trace)...
(DEBUG)   No filter matched.
(DEBUG) --> File is excluded.
(DEBUG) Check if /home/felipe/zephyrproject/zephyr-course/twister-out/native_sim_native/host_gnu/zephyr-course/tests/ring_buf/homework.unit.ring_buf/zephyr/kernel/CMakeFiles/kernel.dir/thread.c.gcda is included (trace)...
(DEBUG) --> File is excluded.
(DEBUG) Check if thread.c##21820091cf166c74cde7e1fa30310881.gcov is included (gcov file)...
(DEBUG)   Filter AlwaysMatchFilter() matched.
(DEBUG) --> File is included.
(DEBUG) Check if log_msg.h##8e71b5010d1ef358ceb2fe0042f1ff82.gcov is included (gcov file)...
(DEBUG) --> File is included.
(DEBUG) Check if wait_q.h##c55cb3824a8e32844a6026ec1729c33e.gcov is included (gcov file)...
(DEBUG) --> File is included.
(DEBUG) Check if kthread.h##9409f455419132bfc3b9c8e76c631198.gcov is included (gcov file)...
(DEBUG) --> File is included.
(DEBUG) Check if timeout_q.h##90d851c3f83778dd36dd8b7e2ad60ead.gcov is included (gcov file)...
(DEBUG) --> File is included.
(DEBUG) Check if kernel_arch_func.h##32b155e641adc9cd48584db3704df6c2.gcov is included (gcov file)...
(DEBUG) --> File is included.
(DEBUG) Check if kernel.h##02fe483cd34741e407932cea525697b1.gcov is included (gcov file)...
(DEBUG) --> File is included.
(DEBUG) Check if kernel.h##8118239d1ec13e308e040c6439814b34.gcov is included (gcov file)...
(DEBUG) --> File is included.
(DEBUG) Check if thread_stack.h##315e381aeee88a6ae64366dc5eacb4a9.gcov is included (gcov file)...
(DEBUG) --> File is included.
(DEBUG) Check if dlist.h##0f388b119e698d4d0bf30b616f109283.gcov is included (gcov file)...
(DEBUG) --> File is included.
(DEBUG) Check if /home/felipe/zephyrproject/zephyr-course/twister-out/log_msg.h##8e71b5010d1ef358ceb2fe0042f1ff82.gcov is included (trace)...
(DEBUG) --> File is excluded.
(DEBUG) Finding source file corresponding to a gcov data file
  gcov_fname   /home/felipe/zephyrproject/zephyr-course/twister-out/log_msg.h##8e71b5010d1ef358ceb2fe0042f1ff82.gcov
  current_dir  /home/felipe/zephyrproject/zephyr-course/twister-out
  root         /home/felipe/zephyrproject/zephyr-course/app/modules/ring_buf
  starting_dir /home/felipe/zephyrproject/zephyr-course
  obj_dir      /home/felipe/zephyrproject/zephyr-course/twister-out
  gcda_fname   native_sim_native/host_gnu/zephyr-course/tests/ring_buf/homework.unit.ring_buf/zephyr/kernel/CMakeFiles/kernel.dir/thread.c.gcda
  --> fname    /home/felipe/zephyrproject/zephyr/include/zephyr/logging/log_msg.h
(DEBUG) Check if /home/felipe/zephyrproject/zephyr/include/zephyr/logging/log_msg.h is included (source file)...
(DEBUG) --> File is excluded.
(DEBUG) Check if /home/felipe/zephyrproject/zephyr-course/twister-out/kernel.h##02fe483cd34741e407932cea525697b1.gcov is included (trace)...
(DEBUG) --> File is excluded.
(DEBUG) Finding source file corresponding to a gcov data file
  gcov_fname   /home/felipe/zephyrproject/zephyr-course/twister-out/kernel.h##02fe483cd34741e407932cea525697b1.gcov
  current_dir  /home/felipe/zephyrproject/zephyr-course/twister-out
  root         /home/felipe/zephyrproject/zephyr-course/app/modules/ring_buf
  starting_dir /home/felipe/zephyrproject/zephyr-course
  obj_dir      /home/felipe/zephyrproject/zephyr-course/twister-out
  gcda_fname   native_sim_native/host_gnu/zephyr-course/tests/ring_buf/homework.unit.ring_buf/zephyr/kernel/CMakeFiles/kernel.dir/thread.c.gcda
  --> fname    /home/felipe/zephyrproject/zephyr-course/twister-out/native_sim_native/host_gnu/zephyr-course/tests/ring_buf/homework.unit.ring_buf/zephyr/include/generated/zephyr/syscalls/kernel.h
(DEBUG) Check if /home/felipe/zephyrproject/zephyr-course/twister-out/native_sim_native/host_gnu/zephyr-course/tests/ring_buf/homework.unit.ring_buf/zephyr/include/generated/zephyr/syscalls/kernel.h is included (source file)...
(DEBUG) --> File is excluded.
(DEBUG) Check if /home/felipe/zephyrproject/zephyr-course/twister-out/kernel.h##8118239d1ec13e308e040c6439814b34.gcov is included (trace)...
(DEBUG) --> File is excluded.
(DEBUG) Finding source file corresponding to a gcov data file
  gcov_fname   /home/felipe/zephyrproject/zephyr-course/twister-out/kernel.h##8118239d1ec13e308e040c6439814b34.gcov
  current_dir  /home/felipe/zephyrproject/zephyr-course/twister-out
  root         /home/felipe/zephyrproject/zephyr-course/app/modules/ring_buf
  starting_dir /home/felipe/zephyrproject/zephyr-course
  obj_dir      /home/felipe/zephyrproject/zephyr-course/twister-out
  gcda_fname   native_sim_native/host_gnu/zephyr-course/tests/ring_buf/homework.unit.ring_buf/zephyr/kernel/CMakeFiles/kernel.dir/thread.c.gcda
  --> fname    /home/felipe/zephyrproject/zephyr/include/zephyr/kernel.h
(DEBUG) Check if /home/felipe/zephyrproject/zephyr/include/zephyr/kernel.h is included (source file)...
(DEBUG) --> File is excluded.
(DEBUG) Check if /home/felipe/zephyrproject/zephyr-course/twister-out/thread_stack.h##315e381aeee88a6ae64366dc5eacb4a9.gcov is included (trace)...
(DEBUG) --> File is excluded.
(DEBUG) Finding source file corresponding to a gcov data file
  gcov_fname   /home/felipe/zephyrproject/zephyr-course/twister-out/thread_stack.h##315e381aeee88a6ae64366dc5eacb4a9.gcov
  current_dir  /home/felipe/zephyrproject/zephyr-course/twister-out
  root         /home/felipe/zephyrproject/zephyr-course/app/modules/ring_buf
  starting_dir /home/felipe/zephyrproject/zephyr-course
  obj_dir      /home/felipe/zephyrproject/zephyr-course/twister-out
  gcda_fname   native_sim_native/host_gnu/zephyr-course/tests/ring_buf/homework.unit.ring_buf/zephyr/kernel/CMakeFiles/kernel.dir/thread.c.gcda
  --> fname    /home/felipe/zephyrproject/zephyr/include/zephyr/kernel/thread_stack.h
(DEBUG) Check if /home/felipe/zephyrproject/zephyr/include/zephyr/kernel/thread_stack.h is included (source file)...
(DEBUG) --> File is excluded.
(DEBUG) Check if /home/felipe/zephyrproject/zephyr-course/twister-out/thread.c##21820091cf166c74cde7e1fa30310881.gcov is included (trace)...
(DEBUG)   No filter matched.
(DEBUG) --> File is excluded.
(DEBUG) Finding source file corresponding to a gcov data file
  gcov_fname   /home/felipe/zephyrproject/zephyr-course/twister-out/thread.c##21820091cf166c74cde7e1fa30310881.gcov
  current_dir  /home/felipe/zephyrproject/zephyr-course/twister-out
  root         /home/felipe/zephyrproject/zephyr-course/app/modules/ring_buf
  starting_dir /home/felipe/zephyrproject/zephyr-course
  obj_dir      /home/felipe/zephyrproject/zephyr-course/twister-out
  gcda_fname   native_sim_native/host_gnu/zephyr-course/tests/ring_buf/homework.unit.ring_buf/zephyr/kernel/CMakeFiles/kernel.dir/thread.c.gcda
  --> fname    /home/felipe/zephyrproject/zephyr/kernel/thread.c
(DEBUG) Check if /home/felipe/zephyrproject/zephyr/kernel/thread.c is included (source file)...
(DEBUG)   No filter matched.
(DEBUG) --> File is excluded.
(DEBUG) Check if /home/felipe/zephyrproject/zephyr-course/twister-out/wait_q.h##c55cb3824a8e32844a6026ec1729c33e.gcov is included (trace)...
(DEBUG) --> File is excluded.
(DEBUG) Finding source file corresponding to a gcov data file
  gcov_fname   /home/felipe/zephyrproject/zephyr-course/twister-out/wait_q.h##c55cb3824a8e32844a6026ec1729c33e.gcov
  current_dir  /home/felipe/zephyrproject/zephyr-course/twister-out
  root         /home/felipe/zephyrproject/zephyr-course/app/modules/ring_buf
  starting_dir /home/felipe/zephyrproject/zephyr-course
  obj_dir      /home/felipe/zephyrproject/zephyr-course/twister-out
  gcda_fname   native_sim_native/host_gnu/zephyr-course/tests/ring_buf/homework.unit.ring_buf/zephyr/kernel/CMakeFiles/kernel.dir/thread.c.gcda
  --> fname    /home/felipe/zephyrproject/zephyr/kernel/include/wait_q.h
(DEBUG) Check if /home/felipe/zephyrproject/zephyr/kernel/include/wait_q.h is included (source file)...
(DEBUG) --> File is excluded.
(DEBUG) Check if /home/felipe/zephyrproject/zephyr-course/twister-out/dlist.h##0f388b119e698d4d0bf30b616f109283.gcov is included (trace)...
(DEBUG) --> File is excluded.
(DEBUG) Finding source file corresponding to a gcov data file
  gcov_fname   /home/felipe/zephyrproject/zephyr-course/twister-out/dlist.h##0f388b119e698d4d0bf30b616f109283.gcov
  current_dir  /home/felipe/zephyrproject/zephyr-course/twister-out
  root         /home/felipe/zephyrproject/zephyr-course/app/modules/ring_buf
  starting_dir /home/felipe/zephyrproject/zephyr-course
  obj_dir      /home/felipe/zephyrproject/zephyr-course/twister-out
  gcda_fname   native_sim_native/host_gnu/zephyr-course/tests/ring_buf/homework.unit.ring_buf/zephyr/kernel/CMakeFiles/kernel.dir/thread.c.gcda
  --> fname    /home/felipe/zephyrproject/zephyr/include/zephyr/sys/dlist.h
(DEBUG) Check if /home/felipe/zephyrproject/zephyr/include/zephyr/sys/dlist.h is included (source file)...
(DEBUG) --> File is excluded.
(DEBUG) Check if /home/felipe/zephyrproject/zephyr-course/twister-out/timeout_q.h##90d851c3f83778dd36dd8b7e2ad60ead.gcov is included (trace)...
(DEBUG) --> File is excluded.
(DEBUG) Finding source file corresponding to a gcov data file
  gcov_fname   /home/felipe/zephyrproject/zephyr-course/twister-out/timeout_q.h##90d851c3f83778dd36dd8b7e2ad60ead.gcov
  current_dir  /home/felipe/zephyrproject/zephyr-course/twister-out
  root         /home/felipe/zephyrproject/zephyr-course/app/modules/ring_buf
  starting_dir /home/felipe/zephyrproject/zephyr-course
  obj_dir      /home/felipe/zephyrproject/zephyr-course/twister-out
  gcda_fname   native_sim_native/host_gnu/zephyr-course/tests/ring_buf/homework.unit.ring_buf/zephyr/kernel/CMakeFiles/kernel.dir/thread.c.gcda
  --> fname    /home/felipe/zephyrproject/zephyr/kernel/include/timeout_q.h
(DEBUG) Check if /home/felipe/zephyrproject/zephyr/kernel/include/timeout_q.h is included (source file)...
(DEBUG) --> File is excluded.
(DEBUG) Check if /home/felipe/zephyrproject/zephyr-course/twister-out/kernel_arch_func.h##32b155e641adc9cd48584db3704df6c2.gcov is included (trace)...
(DEBUG) --> File is excluded.
(DEBUG) Finding source file corresponding to a gcov data file
  gcov_fname   /home/felipe/zephyrproject/zephyr-course/twister-out/kernel_arch_func.h##32b155e641adc9cd48584db3704df6c2.gcov
  current_dir  /home/felipe/zephyrproject/zephyr-course/twister-out
  root         /home/felipe/zephyrproject/zephyr-course/app/modules/ring_buf
  starting_dir /home/felipe/zephyrproject/zephyr-course
  obj_dir      /home/felipe/zephyrproject/zephyr-course/twister-out
  gcda_fname   native_sim_native/host_gnu/zephyr-course/tests/ring_buf/homework.unit.ring_buf/zephyr/kernel/CMakeFiles/kernel.dir/thread.c.gcda
  --> fname    /home/felipe/zephyrproject/zephyr/arch/posix/include/kernel_arch_func.h
(DEBUG) Check if /home/felipe/zephyrproject/zephyr/arch/posix/include/kernel_arch_func.h is included (source file)...
(DEBUG) --> File is excluded.
(DEBUG) Check if /home/felipe/zephyrproject/zephyr-course/twister-out/kthread.h##9409f455419132bfc3b9c8e76c631198.gcov is included (trace)...
(DEBUG) --> File is excluded.
(DEBUG) Finding source file corresponding to a gcov data file
  gcov_fname   /home/felipe/zephyrproject/zephyr-course/twister-out/kthread.h##9409f455419132bfc3b9c8e76c631198.gcov
  current_dir  /home/felipe/zephyrproject/zephyr-course/twister-out
  root         /home/felipe/zephyrproject/zephyr-course/app/modules/ring_buf
  starting_dir /home/felipe/zephyrproject/zephyr-course
  obj_dir      /home/felipe/zephyrproject/zephyr-course/twister-out
  gcda_fname   native_sim_native/host_gnu/zephyr-course/tests/ring_buf/homework.unit.ring_buf/zephyr/kernel/CMakeFiles/kernel.dir/thread.c.gcda
  --> fname    /home/felipe/zephyrproject/zephyr/kernel/include/kthread.h
(DEBUG) Check if /home/felipe/zephyrproject/zephyr/kernel/include/kthread.h is included (source file)...
(DEBUG) --> File is excluded.
(DEBUG) Check if /home/felipe/zephyrproject/zephyr-course/twister-out/native_sim_native/host_gnu/zephyr-course/tests/ring_buf/homework.unit.ring_buf/zephyr/kernel/CMakeFiles/kernel.dir/timeout.c.gcda is included (trace)...
(DEBUG)   No filter matched.
(DEBUG) --> File is excluded.
(DEBUG) Check if /home/felipe/zephyrproject/zephyr-course/twister-out/native_sim_native/host_gnu/zephyr-course/tests/ring_buf/homework.unit.ring_buf/zephyr/kernel/CMakeFiles/kernel.dir/timeout.c.gcda is included (trace)...
(DEBUG) --> File is excluded.
(DEBUG) Check if timeout.c##ad00b78ec6d820551c46f332fc9eacdf.gcov is included (gcov file)...
(DEBUG)   Filter AlwaysMatchFilter() matched.
(DEBUG) --> File is included.
(DEBUG) Check if timeout_q.h##90d851c3f83778dd36dd8b7e2ad60ead.gcov is included (gcov file)...
(DEBUG) --> File is included.
(DEBUG) Check if spinlock.h##d07917f143d2ca5ff94f2d220e528568.gcov is included (gcov file)...
(DEBUG) --> File is included.
(DEBUG) Check if arch.h##f17e3501b457fcbd947bf4189b99bd89.gcov is included (gcov file)...
(DEBUG) --> File is included.
(DEBUG) Check if dlist.h##0f388b119e698d4d0bf30b616f109283.gcov is included (gcov file)...
(DEBUG) --> File is included.
(DEBUG) Check if /home/felipe/zephyrproject/zephyr-course/twister-out/timeout_q.h##90d851c3f83778dd36dd8b7e2ad60ead.gcov is included (trace)...
(DEBUG) --> File is excluded.
(DEBUG) Finding source file corresponding to a gcov data file
  gcov_fname   /home/felipe/zephyrproject/zephyr-course/twister-out/timeout_q.h##90d851c3f83778dd36dd8b7e2ad60ead.gcov
  current_dir  /home/felipe/zephyrproject/zephyr-course/twister-out
  root         /home/felipe/zephyrproject/zephyr-course/app/modules/ring_buf
  starting_dir /home/felipe/zephyrproject/zephyr-course
  obj_dir      /home/felipe/zephyrproject/zephyr-course/twister-out
  gcda_fname   native_sim_native/host_gnu/zephyr-course/tests/ring_buf/homework.unit.ring_buf/zephyr/kernel/CMakeFiles/kernel.dir/timeout.c.gcda
  --> fname    /home/felipe/zephyrproject/zephyr/kernel/include/timeout_q.h
(DEBUG) Check if /home/felipe/zephyrproject/zephyr/kernel/include/timeout_q.h is included (source file)...
(DEBUG) --> File is excluded.
(DEBUG) Check if /home/felipe/zephyrproject/zephyr-course/twister-out/timeout.c##ad00b78ec6d820551c46f332fc9eacdf.gcov is included (trace)...
(DEBUG)   No filter matched.
(DEBUG) --> File is excluded.
(DEBUG) Finding source file corresponding to a gcov data file
  gcov_fname   /home/felipe/zephyrproject/zephyr-course/twister-out/timeout.c##ad00b78ec6d820551c46f332fc9eacdf.gcov
  current_dir  /home/felipe/zephyrproject/zephyr-course/twister-out
  root         /home/felipe/zephyrproject/zephyr-course/app/modules/ring_buf
  starting_dir /home/felipe/zephyrproject/zephyr-course
  obj_dir      /home/felipe/zephyrproject/zephyr-course/twister-out
  gcda_fname   native_sim_native/host_gnu/zephyr-course/tests/ring_buf/homework.unit.ring_buf/zephyr/kernel/CMakeFiles/kernel.dir/timeout.c.gcda
  --> fname    /home/felipe/zephyrproject/zephyr/kernel/timeout.c
(DEBUG) Check if /home/felipe/zephyrproject/zephyr/kernel/timeout.c is included (source file)...
(DEBUG)   No filter matched.
(DEBUG) --> File is excluded.
(DEBUG) Check if /home/felipe/zephyrproject/zephyr-course/twister-out/dlist.h##0f388b119e698d4d0bf30b616f109283.gcov is included (trace)...
(DEBUG) --> File is excluded.
(DEBUG) Finding source file corresponding to a gcov data file
  gcov_fname   /home/felipe/zephyrproject/zephyr-course/twister-out/dlist.h##0f388b119e698d4d0bf30b616f109283.gcov
  current_dir  /home/felipe/zephyrproject/zephyr-course/twister-out
  root         /home/felipe/zephyrproject/zephyr-course/app/modules/ring_buf
  starting_dir /home/felipe/zephyrproject/zephyr-course
  obj_dir      /home/felipe/zephyrproject/zephyr-course/twister-out
  gcda_fname   native_sim_native/host_gnu/zephyr-course/tests/ring_buf/homework.unit.ring_buf/zephyr/kernel/CMakeFiles/kernel.dir/timeout.c.gcda
  --> fname    /home/felipe/zephyrproject/zephyr/include/zephyr/sys/dlist.h
(DEBUG) Check if /home/felipe/zephyrproject/zephyr/include/zephyr/sys/dlist.h is included (source file)...
(DEBUG) --> File is excluded.
(DEBUG) Check if /home/felipe/zephyrproject/zephyr-course/twister-out/arch.h##f17e3501b457fcbd947bf4189b99bd89.gcov is included (trace)...
(DEBUG) --> File is excluded.
(DEBUG) Finding source file corresponding to a gcov data file
  gcov_fname   /home/felipe/zephyrproject/zephyr-course/twister-out/arch.h##f17e3501b457fcbd947bf4189b99bd89.gcov
  current_dir  /home/felipe/zephyrproject/zephyr-course/twister-out
  root         /home/felipe/zephyrproject/zephyr-course/app/modules/ring_buf
  starting_dir /home/felipe/zephyrproject/zephyr-course
  obj_dir      /home/felipe/zephyrproject/zephyr-course/twister-out
  gcda_fname   native_sim_native/host_gnu/zephyr-course/tests/ring_buf/homework.unit.ring_buf/zephyr/kernel/CMakeFiles/kernel.dir/timeout.c.gcda
  --> fname    /home/felipe/zephyrproject/zephyr/include/zephyr/arch/posix/arch.h
(DEBUG) Check if /home/felipe/zephyrproject/zephyr/include/zephyr/arch/posix/arch.h is included (source file)...
(DEBUG) --> File is excluded.
(DEBUG) Check if /home/felipe/zephyrproject/zephyr-course/twister-out/spinlock.h##d07917f143d2ca5ff94f2d220e528568.gcov is included (trace)...
(DEBUG) --> File is excluded.
(DEBUG) Finding source file corresponding to a gcov data file
  gcov_fname   /home/felipe/zephyrproject/zephyr-course/twister-out/spinlock.h##d07917f143d2ca5ff94f2d220e528568.gcov
  current_dir  /home/felipe/zephyrproject/zephyr-course/twister-out
  root         /home/felipe/zephyrproject/zephyr-course/app/modules/ring_buf
  starting_dir /home/felipe/zephyrproject/zephyr-course
  obj_dir      /home/felipe/zephyrproject/zephyr-course/twister-out
  gcda_fname   native_sim_native/host_gnu/zephyr-course/tests/ring_buf/homework.unit.ring_buf/zephyr/kernel/CMakeFiles/kernel.dir/timeout.c.gcda
  --> fname    /home/felipe/zephyrproject/zephyr/include/zephyr/spinlock.h
(DEBUG) Check if /home/felipe/zephyrproject/zephyr/include/zephyr/spinlock.h is included (source file)...
(DEBUG) --> File is excluded.
(DEBUG) Check if /home/felipe/zephyrproject/zephyr-course/twister-out/native_sim_native/host_gnu/zephyr-course/tests/ring_buf/homework.unit.ring_buf/zephyr/kernel/CMakeFiles/kernel.dir/timer.c.gcda is included (trace)...
(DEBUG)   No filter matched.
(DEBUG) --> File is excluded.
(DEBUG) Check if /home/felipe/zephyrproject/zephyr-course/twister-out/native_sim_native/host_gnu/zephyr-course/tests/ring_buf/homework.unit.ring_buf/zephyr/kernel/CMakeFiles/kernel.dir/timer.c.gcda is included (trace)...
(DEBUG) --> File is excluded.
(DEBUG) Check if timer.c##ab09f865b3a746b61d6a693a9ef03410.gcov is included (gcov file)...
(DEBUG)   Filter AlwaysMatchFilter() matched.
(DEBUG) --> File is included.
(DEBUG) Check if wait_q.h##c55cb3824a8e32844a6026ec1729c33e.gcov is included (gcov file)...
(DEBUG) --> File is included.
(DEBUG) Check if ksched.h##0cebf465783caf800468063ad71827b7.gcov is included (gcov file)...
(DEBUG) --> File is included.
(DEBUG) Check if timeout_q.h##90d851c3f83778dd36dd8b7e2ad60ead.gcov is included (gcov file)...
(DEBUG) --> File is included.
(DEBUG) Check if kernel_arch_func.h##32b155e641adc9cd48584db3704df6c2.gcov is included (gcov file)...
(DEBUG) --> File is included.
(DEBUG) Check if kernel.h##02fe483cd34741e407932cea525697b1.gcov is included (gcov file)...
(DEBUG) --> File is included.
(DEBUG) Check if kobject_internal.h##a8c30b7c0aaee4fff0317a3d8ddf7a57.gcov is included (gcov file)...
(DEBUG) --> File is included.
(DEBUG) Check if spinlock.h##d07917f143d2ca5ff94f2d220e528568.gcov is included (gcov file)...
(DEBUG) --> File is included.
(DEBUG) Check if arch.h##f17e3501b457fcbd947bf4189b99bd89.gcov is included (gcov file)...
(DEBUG) --> File is included.
(DEBUG) Check if dlist.h##0f388b119e698d4d0bf30b616f109283.gcov is included (gcov file)...
(DEBUG) --> File is included.
(DEBUG) Check if /home/felipe/zephyrproject/zephyr-course/twister-out/spinlock.h##d07917f143d2ca5ff94f2d220e528568.gcov is included (trace)...
(DEBUG) --> File is excluded.
(DEBUG) Finding source file corresponding to a gcov data file
  gcov_fname   /home/felipe/zephyrproject/zephyr-course/twister-out/spinlock.h##d07917f143d2ca5ff94f2d220e528568.gcov
  current_dir  /home/felipe/zephyrproject/zephyr-course/twister-out
  root         /home/felipe/zephyrproject/zephyr-course/app/modules/ring_buf
  starting_dir /home/felipe/zephyrproject/zephyr-course
  obj_dir      /home/felipe/zephyrproject/zephyr-course/twister-out
  gcda_fname   native_sim_native/host_gnu/zephyr-course/tests/ring_buf/homework.unit.ring_buf/zephyr/kernel/CMakeFiles/kernel.dir/timer.c.gcda
  --> fname    /home/felipe/zephyrproject/zephyr/include/zephyr/spinlock.h
(DEBUG) Check if /home/felipe/zephyrproject/zephyr/include/zephyr/spinlock.h is included (source file)...
(DEBUG) --> File is excluded.
(DEBUG) Check if /home/felipe/zephyrproject/zephyr-course/twister-out/ksched.h##0cebf465783caf800468063ad71827b7.gcov is included (trace)...
(DEBUG) --> File is excluded.
(DEBUG) Finding source file corresponding to a gcov data file
  gcov_fname   /home/felipe/zephyrproject/zephyr-course/twister-out/ksched.h##0cebf465783caf800468063ad71827b7.gcov
  current_dir  /home/felipe/zephyrproject/zephyr-course/twister-out
  root         /home/felipe/zephyrproject/zephyr-course/app/modules/ring_buf
  starting_dir /home/felipe/zephyrproject/zephyr-course
  obj_dir      /home/felipe/zephyrproject/zephyr-course/twister-out
  gcda_fname   native_sim_native/host_gnu/zephyr-course/tests/ring_buf/homework.unit.ring_buf/zephyr/kernel/CMakeFiles/kernel.dir/timer.c.gcda
  --> fname    /home/felipe/zephyrproject/zephyr/kernel/include/ksched.h
(DEBUG) Check if /home/felipe/zephyrproject/zephyr/kernel/include/ksched.h is included (source file)...
(DEBUG) --> File is excluded.
(DEBUG) Check if /home/felipe/zephyrproject/zephyr-course/twister-out/kernel.h##02fe483cd34741e407932cea525697b1.gcov is included (trace)...
(DEBUG) --> File is excluded.
(DEBUG) Finding source file corresponding to a gcov data file
  gcov_fname   /home/felipe/zephyrproject/zephyr-course/twister-out/kernel.h##02fe483cd34741e407932cea525697b1.gcov
  current_dir  /home/felipe/zephyrproject/zephyr-course/twister-out
  root         /home/felipe/zephyrproject/zephyr-course/app/modules/ring_buf
  starting_dir /home/felipe/zephyrproject/zephyr-course
  obj_dir      /home/felipe/zephyrproject/zephyr-course/twister-out
  gcda_fname   native_sim_native/host_gnu/zephyr-course/tests/ring_buf/homework.unit.ring_buf/zephyr/kernel/CMakeFiles/kernel.dir/timer.c.gcda
  --> fname    /home/felipe/zephyrproject/zephyr-course/twister-out/native_sim_native/host_gnu/zephyr-course/tests/ring_buf/homework.unit.ring_buf/zephyr/include/generated/zephyr/syscalls/kernel.h
(DEBUG) Check if /home/felipe/zephyrproject/zephyr-course/twister-out/native_sim_native/host_gnu/zephyr-course/tests/ring_buf/homework.unit.ring_buf/zephyr/include/generated/zephyr/syscalls/kernel.h is included (source file)...
(DEBUG) --> File is excluded.
(DEBUG) Check if /home/felipe/zephyrproject/zephyr-course/twister-out/kobject_internal.h##a8c30b7c0aaee4fff0317a3d8ddf7a57.gcov is included (trace)...
(DEBUG) --> File is excluded.
(DEBUG) Finding source file corresponding to a gcov data file
  gcov_fname   /home/felipe/zephyrproject/zephyr-course/twister-out/kobject_internal.h##a8c30b7c0aaee4fff0317a3d8ddf7a57.gcov
  current_dir  /home/felipe/zephyrproject/zephyr-course/twister-out
  root         /home/felipe/zephyrproject/zephyr-course/app/modules/ring_buf
  starting_dir /home/felipe/zephyrproject/zephyr-course
  obj_dir      /home/felipe/zephyrproject/zephyr-course/twister-out
  gcda_fname   native_sim_native/host_gnu/zephyr-course/tests/ring_buf/homework.unit.ring_buf/zephyr/kernel/CMakeFiles/kernel.dir/timer.c.gcda
  --> fname    /home/felipe/zephyrproject/zephyr/include/zephyr/sys/internal/kobject_internal.h
(DEBUG) Check if /home/felipe/zephyrproject/zephyr/include/zephyr/sys/internal/kobject_internal.h is included (source file)...
(DEBUG) --> File is excluded.
(DEBUG) Check if /home/felipe/zephyrproject/zephyr-course/twister-out/arch.h##f17e3501b457fcbd947bf4189b99bd89.gcov is included (trace)...
(DEBUG) --> File is excluded.
(DEBUG) Finding source file corresponding to a gcov data file
  gcov_fname   /home/felipe/zephyrproject/zephyr-course/twister-out/arch.h##f17e3501b457fcbd947bf4189b99bd89.gcov
  current_dir  /home/felipe/zephyrproject/zephyr-course/twister-out
  root         /home/felipe/zephyrproject/zephyr-course/app/modules/ring_buf
  starting_dir /home/felipe/zephyrproject/zephyr-course
  obj_dir      /home/felipe/zephyrproject/zephyr-course/twister-out
  gcda_fname   native_sim_native/host_gnu/zephyr-course/tests/ring_buf/homework.unit.ring_buf/zephyr/kernel/CMakeFiles/kernel.dir/timer.c.gcda
  --> fname    /home/felipe/zephyrproject/zephyr/include/zephyr/arch/posix/arch.h
(DEBUG) Check if /home/felipe/zephyrproject/zephyr/include/zephyr/arch/posix/arch.h is included (source file)...
(DEBUG) --> File is excluded.
(DEBUG) Check if /home/felipe/zephyrproject/zephyr-course/twister-out/wait_q.h##c55cb3824a8e32844a6026ec1729c33e.gcov is included (trace)...
(DEBUG) --> File is excluded.
(DEBUG) Finding source file corresponding to a gcov data file
  gcov_fname   /home/felipe/zephyrproject/zephyr-course/twister-out/wait_q.h##c55cb3824a8e32844a6026ec1729c33e.gcov
  current_dir  /home/felipe/zephyrproject/zephyr-course/twister-out
  root         /home/felipe/zephyrproject/zephyr-course/app/modules/ring_buf
  starting_dir /home/felipe/zephyrproject/zephyr-course
  obj_dir      /home/felipe/zephyrproject/zephyr-course/twister-out
  gcda_fname   native_sim_native/host_gnu/zephyr-course/tests/ring_buf/homework.unit.ring_buf/zephyr/kernel/CMakeFiles/kernel.dir/timer.c.gcda
  --> fname    /home/felipe/zephyrproject/zephyr/kernel/include/wait_q.h
(DEBUG) Check if /home/felipe/zephyrproject/zephyr/kernel/include/wait_q.h is included (source file)...
(DEBUG) --> File is excluded.
(DEBUG) Check if /home/felipe/zephyrproject/zephyr-course/twister-out/dlist.h##0f388b119e698d4d0bf30b616f109283.gcov is included (trace)...
(DEBUG) --> File is excluded.
(DEBUG) Finding source file corresponding to a gcov data file
  gcov_fname   /home/felipe/zephyrproject/zephyr-course/twister-out/dlist.h##0f388b119e698d4d0bf30b616f109283.gcov
  current_dir  /home/felipe/zephyrproject/zephyr-course/twister-out
  root         /home/felipe/zephyrproject/zephyr-course/app/modules/ring_buf
  starting_dir /home/felipe/zephyrproject/zephyr-course
  obj_dir      /home/felipe/zephyrproject/zephyr-course/twister-out
  gcda_fname   native_sim_native/host_gnu/zephyr-course/tests/ring_buf/homework.unit.ring_buf/zephyr/kernel/CMakeFiles/kernel.dir/timer.c.gcda
  --> fname    /home/felipe/zephyrproject/zephyr/include/zephyr/sys/dlist.h
(DEBUG) Check if /home/felipe/zephyrproject/zephyr/include/zephyr/sys/dlist.h is included (source file)...
(DEBUG) --> File is excluded.
(DEBUG) Check if /home/felipe/zephyrproject/zephyr-course/twister-out/timeout_q.h##90d851c3f83778dd36dd8b7e2ad60ead.gcov is included (trace)...
(DEBUG) --> File is excluded.
(DEBUG) Finding source file corresponding to a gcov data file
  gcov_fname   /home/felipe/zephyrproject/zephyr-course/twister-out/timeout_q.h##90d851c3f83778dd36dd8b7e2ad60ead.gcov
  current_dir  /home/felipe/zephyrproject/zephyr-course/twister-out
  root         /home/felipe/zephyrproject/zephyr-course/app/modules/ring_buf
  starting_dir /home/felipe/zephyrproject/zephyr-course
  obj_dir      /home/felipe/zephyrproject/zephyr-course/twister-out
  gcda_fname   native_sim_native/host_gnu/zephyr-course/tests/ring_buf/homework.unit.ring_buf/zephyr/kernel/CMakeFiles/kernel.dir/timer.c.gcda
  --> fname    /home/felipe/zephyrproject/zephyr/kernel/include/timeout_q.h
(DEBUG) Check if /home/felipe/zephyrproject/zephyr/kernel/include/timeout_q.h is included (source file)...
(DEBUG) --> File is excluded.
(DEBUG) Check if /home/felipe/zephyrproject/zephyr-course/twister-out/kernel_arch_func.h##32b155e641adc9cd48584db3704df6c2.gcov is included (trace)...
(DEBUG) --> File is excluded.
(DEBUG) Finding source file corresponding to a gcov data file
  gcov_fname   /home/felipe/zephyrproject/zephyr-course/twister-out/kernel_arch_func.h##32b155e641adc9cd48584db3704df6c2.gcov
  current_dir  /home/felipe/zephyrproject/zephyr-course/twister-out
  root         /home/felipe/zephyrproject/zephyr-course/app/modules/ring_buf
  starting_dir /home/felipe/zephyrproject/zephyr-course
  obj_dir      /home/felipe/zephyrproject/zephyr-course/twister-out
  gcda_fname   native_sim_native/host_gnu/zephyr-course/tests/ring_buf/homework.unit.ring_buf/zephyr/kernel/CMakeFiles/kernel.dir/timer.c.gcda
  --> fname    /home/felipe/zephyrproject/zephyr/arch/posix/include/kernel_arch_func.h
(DEBUG) Check if /home/felipe/zephyrproject/zephyr/arch/posix/include/kernel_arch_func.h is included (source file)...
(DEBUG) --> File is excluded.
(DEBUG) Check if /home/felipe/zephyrproject/zephyr-course/twister-out/timer.c##ab09f865b3a746b61d6a693a9ef03410.gcov is included (trace)...
(DEBUG)   No filter matched.
(DEBUG) --> File is excluded.
(DEBUG) Finding source file corresponding to a gcov data file
  gcov_fname   /home/felipe/zephyrproject/zephyr-course/twister-out/timer.c##ab09f865b3a746b61d6a693a9ef03410.gcov
  current_dir  /home/felipe/zephyrproject/zephyr-course/twister-out
  root         /home/felipe/zephyrproject/zephyr-course/app/modules/ring_buf
  starting_dir /home/felipe/zephyrproject/zephyr-course
  obj_dir      /home/felipe/zephyrproject/zephyr-course/twister-out
  gcda_fname   native_sim_native/host_gnu/zephyr-course/tests/ring_buf/homework.unit.ring_buf/zephyr/kernel/CMakeFiles/kernel.dir/timer.c.gcda
  --> fname    /home/felipe/zephyrproject/zephyr/kernel/timer.c
(DEBUG) Check if /home/felipe/zephyrproject/zephyr/kernel/timer.c is included (source file)...
(DEBUG)   No filter matched.
(DEBUG) --> File is excluded.
(DEBUG) Check if /home/felipe/zephyrproject/zephyr-course/twister-out/native_sim_native/host_gnu/zephyr-course/tests/ring_buf/homework.unit.ring_buf/zephyr/kernel/CMakeFiles/kernel.dir/timeslicing.c.gcda is included (trace)...
(DEBUG)   No filter matched.
(DEBUG) --> File is excluded.
(DEBUG) Check if /home/felipe/zephyrproject/zephyr-course/twister-out/native_sim_native/host_gnu/zephyr-course/tests/ring_buf/homework.unit.ring_buf/zephyr/kernel/CMakeFiles/kernel.dir/timeslicing.c.gcda is included (trace)...
(DEBUG) --> File is excluded.
(DEBUG) Check if timeslicing.c##c26e07f421b1c8e07ff9a692fc822fc7.gcov is included (gcov file)...
(DEBUG)   Filter AlwaysMatchFilter() matched.
(DEBUG) --> File is included.
(DEBUG) Check if ksched.h##0cebf465783caf800468063ad71827b7.gcov is included (gcov file)...
(DEBUG) --> File is included.
(DEBUG) Check if kthread.h##9409f455419132bfc3b9c8e76c631198.gcov is included (gcov file)...
(DEBUG) --> File is included.
(DEBUG) Check if spinlock.h##d07917f143d2ca5ff94f2d220e528568.gcov is included (gcov file)...
(DEBUG) --> File is included.
(DEBUG) Check if arch.h##f17e3501b457fcbd947bf4189b99bd89.gcov is included (gcov file)...
(DEBUG) --> File is included.
(DEBUG) Check if /home/felipe/zephyrproject/zephyr-course/twister-out/ksched.h##0cebf465783caf800468063ad71827b7.gcov is included (trace)...
(DEBUG) --> File is excluded.
(DEBUG) Finding source file corresponding to a gcov data file
  gcov_fname   /home/felipe/zephyrproject/zephyr-course/twister-out/ksched.h##0cebf465783caf800468063ad71827b7.gcov
  current_dir  /home/felipe/zephyrproject/zephyr-course/twister-out
  root         /home/felipe/zephyrproject/zephyr-course/app/modules/ring_buf
  starting_dir /home/felipe/zephyrproject/zephyr-course
  obj_dir      /home/felipe/zephyrproject/zephyr-course/twister-out
  gcda_fname   native_sim_native/host_gnu/zephyr-course/tests/ring_buf/homework.unit.ring_buf/zephyr/kernel/CMakeFiles/kernel.dir/timeslicing.c.gcda
  --> fname    /home/felipe/zephyrproject/zephyr/kernel/include/ksched.h
(DEBUG) Check if /home/felipe/zephyrproject/zephyr/kernel/include/ksched.h is included (source file)...
(DEBUG) --> File is excluded.
(DEBUG) Check if /home/felipe/zephyrproject/zephyr-course/twister-out/timeslicing.c##c26e07f421b1c8e07ff9a692fc822fc7.gcov is included (trace)...
(DEBUG)   No filter matched.
(DEBUG) --> File is excluded.
(DEBUG) Finding source file corresponding to a gcov data file
  gcov_fname   /home/felipe/zephyrproject/zephyr-course/twister-out/timeslicing.c##c26e07f421b1c8e07ff9a692fc822fc7.gcov
  current_dir  /home/felipe/zephyrproject/zephyr-course/twister-out
  root         /home/felipe/zephyrproject/zephyr-course/app/modules/ring_buf
  starting_dir /home/felipe/zephyrproject/zephyr-course
  obj_dir      /home/felipe/zephyrproject/zephyr-course/twister-out
  gcda_fname   native_sim_native/host_gnu/zephyr-course/tests/ring_buf/homework.unit.ring_buf/zephyr/kernel/CMakeFiles/kernel.dir/timeslicing.c.gcda
  --> fname    /home/felipe/zephyrproject/zephyr/kernel/timeslicing.c
(DEBUG) Check if /home/felipe/zephyrproject/zephyr/kernel/timeslicing.c is included (source file)...
(DEBUG)   No filter matched.
(DEBUG) --> File is excluded.
(DEBUG) Check if /home/felipe/zephyrproject/zephyr-course/twister-out/kthread.h##9409f455419132bfc3b9c8e76c631198.gcov is included (trace)...
(DEBUG) --> File is excluded.
(DEBUG) Finding source file corresponding to a gcov data file
  gcov_fname   /home/felipe/zephyrproject/zephyr-course/twister-out/kthread.h##9409f455419132bfc3b9c8e76c631198.gcov
  current_dir  /home/felipe/zephyrproject/zephyr-course/twister-out
  root         /home/felipe/zephyrproject/zephyr-course/app/modules/ring_buf
  starting_dir /home/felipe/zephyrproject/zephyr-course
  obj_dir      /home/felipe/zephyrproject/zephyr-course/twister-out
  gcda_fname   native_sim_native/host_gnu/zephyr-course/tests/ring_buf/homework.unit.ring_buf/zephyr/kernel/CMakeFiles/kernel.dir/timeslicing.c.gcda
  --> fname    /home/felipe/zephyrproject/zephyr/kernel/include/kthread.h
(DEBUG) Check if /home/felipe/zephyrproject/zephyr/kernel/include/kthread.h is included (source file)...
(DEBUG) --> File is excluded.
(DEBUG) Check if /home/felipe/zephyrproject/zephyr-course/twister-out/arch.h##f17e3501b457fcbd947bf4189b99bd89.gcov is included (trace)...
(DEBUG) --> File is excluded.
(DEBUG) Finding source file corresponding to a gcov data file
  gcov_fname   /home/felipe/zephyrproject/zephyr-course/twister-out/arch.h##f17e3501b457fcbd947bf4189b99bd89.gcov
  current_dir  /home/felipe/zephyrproject/zephyr-course/twister-out
  root         /home/felipe/zephyrproject/zephyr-course/app/modules/ring_buf
  starting_dir /home/felipe/zephyrproject/zephyr-course
  obj_dir      /home/felipe/zephyrproject/zephyr-course/twister-out
  gcda_fname   native_sim_native/host_gnu/zephyr-course/tests/ring_buf/homework.unit.ring_buf/zephyr/kernel/CMakeFiles/kernel.dir/timeslicing.c.gcda
  --> fname    /home/felipe/zephyrproject/zephyr/include/zephyr/arch/posix/arch.h
(DEBUG) Check if /home/felipe/zephyrproject/zephyr/include/zephyr/arch/posix/arch.h is included (source file)...
(DEBUG) --> File is excluded.
(DEBUG) Check if /home/felipe/zephyrproject/zephyr-course/twister-out/spinlock.h##d07917f143d2ca5ff94f2d220e528568.gcov is included (trace)...
(DEBUG) --> File is excluded.
(DEBUG) Finding source file corresponding to a gcov data file
  gcov_fname   /home/felipe/zephyrproject/zephyr-course/twister-out/spinlock.h##d07917f143d2ca5ff94f2d220e528568.gcov
  current_dir  /home/felipe/zephyrproject/zephyr-course/twister-out
  root         /home/felipe/zephyrproject/zephyr-course/app/modules/ring_buf
  starting_dir /home/felipe/zephyrproject/zephyr-course
  obj_dir      /home/felipe/zephyrproject/zephyr-course/twister-out
  gcda_fname   native_sim_native/host_gnu/zephyr-course/tests/ring_buf/homework.unit.ring_buf/zephyr/kernel/CMakeFiles/kernel.dir/timeslicing.c.gcda
  --> fname    /home/felipe/zephyrproject/zephyr/include/zephyr/spinlock.h
(DEBUG) Check if /home/felipe/zephyrproject/zephyr/include/zephyr/spinlock.h is included (source file)...
(DEBUG) --> File is excluded.
(DEBUG) Check if /home/felipe/zephyrproject/zephyr-course/twister-out/native_sim_native/host_gnu/zephyr-course/tests/ring_buf/homework.unit.ring_buf/zephyr/kernel/CMakeFiles/kernel.dir/version.c.gcno is included (trace)...
(DEBUG)   No filter matched.
(DEBUG) --> File is excluded.
(DEBUG) Check if /home/felipe/zephyrproject/zephyr-course/twister-out/native_sim_native/host_gnu/zephyr-course/tests/ring_buf/homework.unit.ring_buf/zephyr/kernel/CMakeFiles/kernel.dir/version.c.gcno is included (trace)...
(DEBUG) --> File is excluded.
(DEBUG) Check if version.c##263e2d746a1623aba0fc3dd6ab6f2736.gcov is included (gcov file)...
(DEBUG)   Filter AlwaysMatchFilter() matched.
(DEBUG) --> File is included.
(DEBUG) Check if /home/felipe/zephyrproject/zephyr-course/twister-out/version.c##263e2d746a1623aba0fc3dd6ab6f2736.gcov is included (trace)...
(DEBUG)   No filter matched.
(DEBUG) --> File is excluded.
(DEBUG) Finding source file corresponding to a gcov data file
  gcov_fname   /home/felipe/zephyrproject/zephyr-course/twister-out/version.c##263e2d746a1623aba0fc3dd6ab6f2736.gcov
  current_dir  /home/felipe/zephyrproject/zephyr-course/twister-out
  root         /home/felipe/zephyrproject/zephyr-course/app/modules/ring_buf
  starting_dir /home/felipe/zephyrproject/zephyr-course
  obj_dir      /home/felipe/zephyrproject/zephyr-course/twister-out
  gcda_fname   native_sim_native/host_gnu/zephyr-course/tests/ring_buf/homework.unit.ring_buf/zephyr/kernel/CMakeFiles/kernel.dir/version.c.gcno
  --> fname    /home/felipe/zephyrproject/zephyr/kernel/version.c
(DEBUG) Check if /home/felipe/zephyrproject/zephyr/kernel/version.c is included (source file)...
(DEBUG)   No filter matched.
(DEBUG) --> File is excluded.
(DEBUG) Check if /home/felipe/zephyrproject/zephyr-course/twister-out/native_sim_native/host_gnu/zephyr-course/tests/ring_buf/homework.unit.ring_buf/zephyr/kernel/CMakeFiles/kernel.dir/work.c.gcno is included (trace)...
(DEBUG)   No filter matched.
(DEBUG) --> File is excluded.
(DEBUG) Check if /home/felipe/zephyrproject/zephyr-course/twister-out/native_sim_native/host_gnu/zephyr-course/tests/ring_buf/homework.unit.ring_buf/zephyr/kernel/CMakeFiles/kernel.dir/work.c.gcno is included (trace)...
(DEBUG) --> File is excluded.
(DEBUG) Check if work.c##76a988f7e46401f609e1ca0fcb26ab9f.gcov is included (gcov file)...
(DEBUG)   Filter AlwaysMatchFilter() matched.
(DEBUG) --> File is included.
(DEBUG) Check if ksched.h##0cebf465783caf800468063ad71827b7.gcov is included (gcov file)...
(DEBUG) --> File is included.
(DEBUG) Check if kthread.h##9409f455419132bfc3b9c8e76c631198.gcov is included (gcov file)...
(DEBUG) --> File is included.
(DEBUG) Check if wait_q.h##c55cb3824a8e32844a6026ec1729c33e.gcov is included (gcov file)...
(DEBUG) --> File is included.
(DEBUG) Check if timeout_q.h##90d851c3f83778dd36dd8b7e2ad60ead.gcov is included (gcov file)...
(DEBUG) --> File is included.
(DEBUG) Check if kernel.h##02fe483cd34741e407932cea525697b1.gcov is included (gcov file)...
(DEBUG) --> File is included.
(DEBUG) Check if kernel.h##8118239d1ec13e308e040c6439814b34.gcov is included (gcov file)...
(DEBUG) --> File is included.
(DEBUG) Check if spinlock.h##d07917f143d2ca5ff94f2d220e528568.gcov is included (gcov file)...
(DEBUG) --> File is included.
(DEBUG) Check if arch.h##f17e3501b457fcbd947bf4189b99bd89.gcov is included (gcov file)...
(DEBUG) --> File is included.
(DEBUG) Check if slist.h##4bdeeab80e1bf2535336b5f908d5f4f0.gcov is included (gcov file)...
(DEBUG) --> File is included.
(DEBUG) Check if dlist.h##0f388b119e698d4d0bf30b616f109283.gcov is included (gcov file)...
(DEBUG) --> File is included.
(DEBUG) Check if /home/felipe/zephyrproject/zephyr-course/twister-out/spinlock.h##d07917f143d2ca5ff94f2d220e528568.gcov is included (trace)...
(DEBUG) --> File is excluded.
(DEBUG) Finding source file corresponding to a gcov data file
  gcov_fname   /home/felipe/zephyrproject/zephyr-course/twister-out/spinlock.h##d07917f143d2ca5ff94f2d220e528568.gcov
  current_dir  /home/felipe/zephyrproject/zephyr-course/twister-out
  root         /home/felipe/zephyrproject/zephyr-course/app/modules/ring_buf
  starting_dir /home/felipe/zephyrproject/zephyr-course
  obj_dir      /home/felipe/zephyrproject/zephyr-course/twister-out
  gcda_fname   native_sim_native/host_gnu/zephyr-course/tests/ring_buf/homework.unit.ring_buf/zephyr/kernel/CMakeFiles/kernel.dir/work.c.gcno
  --> fname    /home/felipe/zephyrproject/zephyr/include/zephyr/spinlock.h
(DEBUG) Check if /home/felipe/zephyrproject/zephyr/include/zephyr/spinlock.h is included (source file)...
(DEBUG) --> File is excluded.
(DEBUG) Check if /home/felipe/zephyrproject/zephyr-course/twister-out/ksched.h##0cebf465783caf800468063ad71827b7.gcov is included (trace)...
(DEBUG) --> File is excluded.
(DEBUG) Finding source file corresponding to a gcov data file
  gcov_fname   /home/felipe/zephyrproject/zephyr-course/twister-out/ksched.h##0cebf465783caf800468063ad71827b7.gcov
  current_dir  /home/felipe/zephyrproject/zephyr-course/twister-out
  root         /home/felipe/zephyrproject/zephyr-course/app/modules/ring_buf
  starting_dir /home/felipe/zephyrproject/zephyr-course
  obj_dir      /home/felipe/zephyrproject/zephyr-course/twister-out
  gcda_fname   native_sim_native/host_gnu/zephyr-course/tests/ring_buf/homework.unit.ring_buf/zephyr/kernel/CMakeFiles/kernel.dir/work.c.gcno
  --> fname    /home/felipe/zephyrproject/zephyr/kernel/include/ksched.h
(DEBUG) Check if /home/felipe/zephyrproject/zephyr/kernel/include/ksched.h is included (source file)...
(DEBUG) --> File is excluded.
(DEBUG) Check if /home/felipe/zephyrproject/zephyr-course/twister-out/timeout_q.h##90d851c3f83778dd36dd8b7e2ad60ead.gcov is included (trace)...
(DEBUG) --> File is excluded.
(DEBUG) Finding source file corresponding to a gcov data file
  gcov_fname   /home/felipe/zephyrproject/zephyr-course/twister-out/timeout_q.h##90d851c3f83778dd36dd8b7e2ad60ead.gcov
  current_dir  /home/felipe/zephyrproject/zephyr-course/twister-out
  root         /home/felipe/zephyrproject/zephyr-course/app/modules/ring_buf
  starting_dir /home/felipe/zephyrproject/zephyr-course
  obj_dir      /home/felipe/zephyrproject/zephyr-course/twister-out
  gcda_fname   native_sim_native/host_gnu/zephyr-course/tests/ring_buf/homework.unit.ring_buf/zephyr/kernel/CMakeFiles/kernel.dir/work.c.gcno
  --> fname    /home/felipe/zephyrproject/zephyr/kernel/include/timeout_q.h
(DEBUG) Check if /home/felipe/zephyrproject/zephyr/kernel/include/timeout_q.h is included (source file)...
(DEBUG) --> File is excluded.
(DEBUG) Check if /home/felipe/zephyrproject/zephyr-course/twister-out/kernel.h##02fe483cd34741e407932cea525697b1.gcov is included (trace)...
(DEBUG) --> File is excluded.
(DEBUG) Finding source file corresponding to a gcov data file
  gcov_fname   /home/felipe/zephyrproject/zephyr-course/twister-out/kernel.h##02fe483cd34741e407932cea525697b1.gcov
  current_dir  /home/felipe/zephyrproject/zephyr-course/twister-out
  root         /home/felipe/zephyrproject/zephyr-course/app/modules/ring_buf
  starting_dir /home/felipe/zephyrproject/zephyr-course
  obj_dir      /home/felipe/zephyrproject/zephyr-course/twister-out
  gcda_fname   native_sim_native/host_gnu/zephyr-course/tests/ring_buf/homework.unit.ring_buf/zephyr/kernel/CMakeFiles/kernel.dir/work.c.gcno
  --> fname    /home/felipe/zephyrproject/zephyr-course/twister-out/native_sim_native/host_gnu/zephyr-course/tests/ring_buf/homework.unit.ring_buf/zephyr/include/generated/zephyr/syscalls/kernel.h
(DEBUG) Check if /home/felipe/zephyrproject/zephyr-course/twister-out/native_sim_native/host_gnu/zephyr-course/tests/ring_buf/homework.unit.ring_buf/zephyr/include/generated/zephyr/syscalls/kernel.h is included (source file)...
(DEBUG) --> File is excluded.
(DEBUG) Check if /home/felipe/zephyrproject/zephyr-course/twister-out/kernel.h##8118239d1ec13e308e040c6439814b34.gcov is included (trace)...
(DEBUG) --> File is excluded.
(DEBUG) Finding source file corresponding to a gcov data file
  gcov_fname   /home/felipe/zephyrproject/zephyr-course/twister-out/kernel.h##8118239d1ec13e308e040c6439814b34.gcov
  current_dir  /home/felipe/zephyrproject/zephyr-course/twister-out
  root         /home/felipe/zephyrproject/zephyr-course/app/modules/ring_buf
  starting_dir /home/felipe/zephyrproject/zephyr-course
  obj_dir      /home/felipe/zephyrproject/zephyr-course/twister-out
  gcda_fname   native_sim_native/host_gnu/zephyr-course/tests/ring_buf/homework.unit.ring_buf/zephyr/kernel/CMakeFiles/kernel.dir/work.c.gcno
  --> fname    /home/felipe/zephyrproject/zephyr/include/zephyr/kernel.h
(DEBUG) Check if /home/felipe/zephyrproject/zephyr/include/zephyr/kernel.h is included (source file)...
(DEBUG) --> File is excluded.
(DEBUG) Check if /home/felipe/zephyrproject/zephyr-course/twister-out/arch.h##f17e3501b457fcbd947bf4189b99bd89.gcov is included (trace)...
(DEBUG) --> File is excluded.
(DEBUG) Finding source file corresponding to a gcov data file
  gcov_fname   /home/felipe/zephyrproject/zephyr-course/twister-out/arch.h##f17e3501b457fcbd947bf4189b99bd89.gcov
  current_dir  /home/felipe/zephyrproject/zephyr-course/twister-out
  root         /home/felipe/zephyrproject/zephyr-course/app/modules/ring_buf
  starting_dir /home/felipe/zephyrproject/zephyr-course
  obj_dir      /home/felipe/zephyrproject/zephyr-course/twister-out
  gcda_fname   native_sim_native/host_gnu/zephyr-course/tests/ring_buf/homework.unit.ring_buf/zephyr/kernel/CMakeFiles/kernel.dir/work.c.gcno
  --> fname    /home/felipe/zephyrproject/zephyr/include/zephyr/arch/posix/arch.h
(DEBUG) Check if /home/felipe/zephyrproject/zephyr/include/zephyr/arch/posix/arch.h is included (source file)...
(DEBUG) --> File is excluded.
(DEBUG) Check if /home/felipe/zephyrproject/zephyr-course/twister-out/wait_q.h##c55cb3824a8e32844a6026ec1729c33e.gcov is included (trace)...
(DEBUG) --> File is excluded.
(DEBUG) Finding source file corresponding to a gcov data file
  gcov_fname   /home/felipe/zephyrproject/zephyr-course/twister-out/wait_q.h##c55cb3824a8e32844a6026ec1729c33e.gcov
  current_dir  /home/felipe/zephyrproject/zephyr-course/twister-out
  root         /home/felipe/zephyrproject/zephyr-course/app/modules/ring_buf
  starting_dir /home/felipe/zephyrproject/zephyr-course
  obj_dir      /home/felipe/zephyrproject/zephyr-course/twister-out
  gcda_fname   native_sim_native/host_gnu/zephyr-course/tests/ring_buf/homework.unit.ring_buf/zephyr/kernel/CMakeFiles/kernel.dir/work.c.gcno
  --> fname    /home/felipe/zephyrproject/zephyr/kernel/include/wait_q.h
(DEBUG) Check if /home/felipe/zephyrproject/zephyr/kernel/include/wait_q.h is included (source file)...
(DEBUG) --> File is excluded.
(DEBUG) Check if /home/felipe/zephyrproject/zephyr-course/twister-out/slist.h##4bdeeab80e1bf2535336b5f908d5f4f0.gcov is included (trace)...
(DEBUG) --> File is excluded.
(DEBUG) Finding source file corresponding to a gcov data file
  gcov_fname   /home/felipe/zephyrproject/zephyr-course/twister-out/slist.h##4bdeeab80e1bf2535336b5f908d5f4f0.gcov
  current_dir  /home/felipe/zephyrproject/zephyr-course/twister-out
  root         /home/felipe/zephyrproject/zephyr-course/app/modules/ring_buf
  starting_dir /home/felipe/zephyrproject/zephyr-course
  obj_dir      /home/felipe/zephyrproject/zephyr-course/twister-out
  gcda_fname   native_sim_native/host_gnu/zephyr-course/tests/ring_buf/homework.unit.ring_buf/zephyr/kernel/CMakeFiles/kernel.dir/work.c.gcno
  --> fname    /home/felipe/zephyrproject/zephyr/include/zephyr/sys/slist.h
(DEBUG) Check if /home/felipe/zephyrproject/zephyr/include/zephyr/sys/slist.h is included (source file)...
(DEBUG) --> File is excluded.
(DEBUG) Check if /home/felipe/zephyrproject/zephyr-course/twister-out/dlist.h##0f388b119e698d4d0bf30b616f109283.gcov is included (trace)...
(DEBUG) --> File is excluded.
(DEBUG) Finding source file corresponding to a gcov data file
  gcov_fname   /home/felipe/zephyrproject/zephyr-course/twister-out/dlist.h##0f388b119e698d4d0bf30b616f109283.gcov
  current_dir  /home/felipe/zephyrproject/zephyr-course/twister-out
  root         /home/felipe/zephyrproject/zephyr-course/app/modules/ring_buf
  starting_dir /home/felipe/zephyrproject/zephyr-course
  obj_dir      /home/felipe/zephyrproject/zephyr-course/twister-out
  gcda_fname   native_sim_native/host_gnu/zephyr-course/tests/ring_buf/homework.unit.ring_buf/zephyr/kernel/CMakeFiles/kernel.dir/work.c.gcno
  --> fname    /home/felipe/zephyrproject/zephyr/include/zephyr/sys/dlist.h
(DEBUG) Check if /home/felipe/zephyrproject/zephyr/include/zephyr/sys/dlist.h is included (source file)...
(DEBUG) --> File is excluded.
(DEBUG) Check if /home/felipe/zephyrproject/zephyr-course/twister-out/work.c##76a988f7e46401f609e1ca0fcb26ab9f.gcov is included (trace)...
(DEBUG)   No filter matched.
(DEBUG) --> File is excluded.
(DEBUG) Finding source file corresponding to a gcov data file
  gcov_fname   /home/felipe/zephyrproject/zephyr-course/twister-out/work.c##76a988f7e46401f609e1ca0fcb26ab9f.gcov
  current_dir  /home/felipe/zephyrproject/zephyr-course/twister-out
  root         /home/felipe/zephyrproject/zephyr-course/app/modules/ring_buf
  starting_dir /home/felipe/zephyrproject/zephyr-course
  obj_dir      /home/felipe/zephyrproject/zephyr-course/twister-out
  gcda_fname   native_sim_native/host_gnu/zephyr-course/tests/ring_buf/homework.unit.ring_buf/zephyr/kernel/CMakeFiles/kernel.dir/work.c.gcno
  --> fname    /home/felipe/zephyrproject/zephyr/kernel/work.c
(DEBUG) Check if /home/felipe/zephyrproject/zephyr/kernel/work.c is included (source file)...
(DEBUG)   No filter matched.
(DEBUG) --> File is excluded.
(DEBUG) Check if /home/felipe/zephyrproject/zephyr-course/twister-out/kthread.h##9409f455419132bfc3b9c8e76c631198.gcov is included (trace)...
(DEBUG) --> File is excluded.
(DEBUG) Finding source file corresponding to a gcov data file
  gcov_fname   /home/felipe/zephyrproject/zephyr-course/twister-out/kthread.h##9409f455419132bfc3b9c8e76c631198.gcov
  current_dir  /home/felipe/zephyrproject/zephyr-course/twister-out
  root         /home/felipe/zephyrproject/zephyr-course/app/modules/ring_buf
  starting_dir /home/felipe/zephyrproject/zephyr-course
  obj_dir      /home/felipe/zephyrproject/zephyr-course/twister-out
  gcda_fname   native_sim_native/host_gnu/zephyr-course/tests/ring_buf/homework.unit.ring_buf/zephyr/kernel/CMakeFiles/kernel.dir/work.c.gcno
  --> fname    /home/felipe/zephyrproject/zephyr/kernel/include/kthread.h
(DEBUG) Check if /home/felipe/zephyrproject/zephyr/kernel/include/kthread.h is included (source file)...
(DEBUG) --> File is excluded.
(DEBUG) Check if /home/felipe/zephyrproject/zephyr-course/twister-out/native_sim_native/host_gnu/zephyr-course/tests/ring_buf/homework.unit.ring_buf/zephyr/lib/heap/CMakeFiles/heap_constants.dir/heap_constants.c.gcno is included (trace)...
(DEBUG)   No filter matched.
(DEBUG) --> File is excluded.
(DEBUG) Check if /home/felipe/zephyrproject/zephyr-course/twister-out/native_sim_native/host_gnu/zephyr-course/tests/ring_buf/homework.unit.ring_buf/zephyr/lib/heap/CMakeFiles/heap_constants.dir/heap_constants.c.gcno is included (trace)...
(DEBUG) --> File is excluded.
(DEBUG) Check if heap_constants.c##0237c826b02db87fa66a7b32a34d6783.gcov is included (gcov file)...
(DEBUG)   Filter AlwaysMatchFilter() matched.
(DEBUG) --> File is included.
(DEBUG) Check if /home/felipe/zephyrproject/zephyr-course/twister-out/heap_constants.c##0237c826b02db87fa66a7b32a34d6783.gcov is included (trace)...
(DEBUG)   No filter matched.
(DEBUG) --> File is excluded.
(DEBUG) Finding source file corresponding to a gcov data file
  gcov_fname   /home/felipe/zephyrproject/zephyr-course/twister-out/heap_constants.c##0237c826b02db87fa66a7b32a34d6783.gcov
  current_dir  /home/felipe/zephyrproject/zephyr-course/twister-out
  root         /home/felipe/zephyrproject/zephyr-course/app/modules/ring_buf
  starting_dir /home/felipe/zephyrproject/zephyr-course
  obj_dir      /home/felipe/zephyrproject/zephyr-course/twister-out
  gcda_fname   native_sim_native/host_gnu/zephyr-course/tests/ring_buf/homework.unit.ring_buf/zephyr/lib/heap/CMakeFiles/heap_constants.dir/heap_constants.c.gcno
  --> fname    /home/felipe/zephyrproject/zephyr/lib/heap/heap_constants.c
(DEBUG) Check if /home/felipe/zephyrproject/zephyr/lib/heap/heap_constants.c is included (source file)...
(DEBUG)   No filter matched.
(DEBUG) --> File is excluded.
(DEBUG) Check if /home/felipe/zephyrproject/zephyr-course/twister-out/native_sim_native/host_gnu/zephyr-course/tests/ring_buf/homework.unit.ring_buf/zephyr/soc/soc/native/CMakeFiles/soc__native__inf_clock.dir/native_remap.c.gcda is included (trace)...
(DEBUG)   No filter matched.
(DEBUG) --> File is excluded.
(DEBUG) Check if /home/felipe/zephyrproject/zephyr-course/twister-out/native_sim_native/host_gnu/zephyr-course/tests/ring_buf/homework.unit.ring_buf/zephyr/soc/soc/native/CMakeFiles/soc__native__inf_clock.dir/native_remap.c.gcda is included (trace)...
(DEBUG) --> File is excluded.
(DEBUG) Check if native_remap.c##99f0178129a4300153fa571e80991bdf.gcov is included (gcov file)...
(DEBUG)   Filter AlwaysMatchFilter() matched.
(DEBUG) --> File is included.
(DEBUG) Check if /home/felipe/zephyrproject/zephyr-course/twister-out/native_remap.c##99f0178129a4300153fa571e80991bdf.gcov is included (trace)...
(DEBUG)   No filter matched.
(DEBUG) --> File is excluded.
(DEBUG) Finding source file corresponding to a gcov data file
  gcov_fname   /home/felipe/zephyrproject/zephyr-course/twister-out/native_remap.c##99f0178129a4300153fa571e80991bdf.gcov
  current_dir  /home/felipe/zephyrproject/zephyr-course/twister-out
  root         /home/felipe/zephyrproject/zephyr-course/app/modules/ring_buf
  starting_dir /home/felipe/zephyrproject/zephyr-course
  obj_dir      /home/felipe/zephyrproject/zephyr-course/twister-out
  gcda_fname   native_sim_native/host_gnu/zephyr-course/tests/ring_buf/homework.unit.ring_buf/zephyr/soc/soc/native/CMakeFiles/soc__native__inf_clock.dir/native_remap.c.gcda
  --> fname    /home/felipe/zephyrproject/zephyr/soc/native/inf_clock/native_remap.c
(DEBUG) Check if /home/felipe/zephyrproject/zephyr/soc/native/inf_clock/native_remap.c is included (source file)...
(DEBUG)   No filter matched.
(DEBUG) --> File is excluded.
(DEBUG) Check if /home/felipe/zephyrproject/zephyr-course/twister-out/native_sim_native/host_gnu/zephyr-course/tests/ring_buf/homework.unit.ring_buf/zephyr/soc/soc/native/CMakeFiles/soc__native__inf_clock.dir/native_tasks.c.gcda is included (trace)...
(DEBUG)   No filter matched.
(DEBUG) --> File is excluded.
(DEBUG) Check if /home/felipe/zephyrproject/zephyr-course/twister-out/native_sim_native/host_gnu/zephyr-course/tests/ring_buf/homework.unit.ring_buf/zephyr/soc/soc/native/CMakeFiles/soc__native__inf_clock.dir/native_tasks.c.gcda is included (trace)...
(DEBUG) --> File is excluded.
(DEBUG) Check if native_tasks.c##8000621f9b91ec2ff54514ad75ba2cca.gcov is included (gcov file)...
(DEBUG)   Filter AlwaysMatchFilter() matched.
(DEBUG) --> File is included.
(DEBUG) Check if /home/felipe/zephyrproject/zephyr-course/twister-out/native_tasks.c##8000621f9b91ec2ff54514ad75ba2cca.gcov is included (trace)...
(DEBUG)   No filter matched.
(DEBUG) --> File is excluded.
(DEBUG) Finding source file corresponding to a gcov data file
  gcov_fname   /home/felipe/zephyrproject/zephyr-course/twister-out/native_tasks.c##8000621f9b91ec2ff54514ad75ba2cca.gcov
  current_dir  /home/felipe/zephyrproject/zephyr-course/twister-out
  root         /home/felipe/zephyrproject/zephyr-course/app/modules/ring_buf
  starting_dir /home/felipe/zephyrproject/zephyr-course
  obj_dir      /home/felipe/zephyrproject/zephyr-course/twister-out
  gcda_fname   native_sim_native/host_gnu/zephyr-course/tests/ring_buf/homework.unit.ring_buf/zephyr/soc/soc/native/CMakeFiles/soc__native__inf_clock.dir/native_tasks.c.gcda
  --> fname    /home/felipe/zephyrproject/zephyr/soc/native/inf_clock/native_tasks.c
(DEBUG) Check if /home/felipe/zephyrproject/zephyr/soc/native/inf_clock/native_tasks.c is included (source file)...
(DEBUG)   No filter matched.
(DEBUG) --> File is excluded.
(DEBUG) Check if /home/felipe/zephyrproject/zephyr-course/twister-out/native_sim_native/host_gnu/zephyr-course/tests/ring_buf/homework.unit.ring_buf/zephyr/soc/soc/native/CMakeFiles/soc__native__inf_clock.dir/soc.c.gcda is included (trace)...
(DEBUG)   No filter matched.
(DEBUG) --> File is excluded.
(DEBUG) Check if /home/felipe/zephyrproject/zephyr-course/twister-out/native_sim_native/host_gnu/zephyr-course/tests/ring_buf/homework.unit.ring_buf/zephyr/soc/soc/native/CMakeFiles/soc__native__inf_clock.dir/soc.c.gcda is included (trace)...
(DEBUG) --> File is excluded.
(DEBUG) Check if soc.c##dc9b55e03a9d7ebb03c60ed1a7981f52.gcov is included (gcov file)...
(DEBUG)   Filter AlwaysMatchFilter() matched.
(DEBUG) --> File is included.
(DEBUG) Check if /home/felipe/zephyrproject/zephyr-course/twister-out/soc.c##dc9b55e03a9d7ebb03c60ed1a7981f52.gcov is included (trace)...
(DEBUG)   No filter matched.
(DEBUG) --> File is excluded.
(DEBUG) Finding source file corresponding to a gcov data file
  gcov_fname   /home/felipe/zephyrproject/zephyr-course/twister-out/soc.c##dc9b55e03a9d7ebb03c60ed1a7981f52.gcov
  current_dir  /home/felipe/zephyrproject/zephyr-course/twister-out
  root         /home/felipe/zephyrproject/zephyr-course/app/modules/ring_buf
  starting_dir /home/felipe/zephyrproject/zephyr-course
  obj_dir      /home/felipe/zephyrproject/zephyr-course/twister-out
  gcda_fname   native_sim_native/host_gnu/zephyr-course/tests/ring_buf/homework.unit.ring_buf/zephyr/soc/soc/native/CMakeFiles/soc__native__inf_clock.dir/soc.c.gcda
  --> fname    /home/felipe/zephyrproject/zephyr/soc/native/inf_clock/soc.c
(DEBUG) Check if /home/felipe/zephyrproject/zephyr/soc/native/inf_clock/soc.c is included (source file)...
(DEBUG)   No filter matched.
(DEBUG) --> File is excluded.
(DEBUG) Check if /home/felipe/zephyrproject/zephyr-course/twister-out/native_sim_native/host_gnu/zephyr-course/tests/ring_buf/homework.unit.ring_buf/zephyr/subsys/random/CMakeFiles/subsys__random.dir/random_test_csprng.c.gcda is included (trace)...
(DEBUG)   No filter matched.
(DEBUG) --> File is excluded.
(DEBUG) Check if /home/felipe/zephyrproject/zephyr-course/twister-out/native_sim_native/host_gnu/zephyr-course/tests/ring_buf/homework.unit.ring_buf/zephyr/subsys/random/CMakeFiles/subsys__random.dir/random_test_csprng.c.gcda is included (trace)...
(DEBUG) --> File is excluded.
(DEBUG) Check if random_test_csprng.c##3cadda43e3ad5710f5cfec99b4423f0a.gcov is included (gcov file)...
(DEBUG)   Filter AlwaysMatchFilter() matched.
(DEBUG) --> File is included.
(DEBUG) Check if random.h##0db4f4c3e498120ccd7095ac4b41a58c.gcov is included (gcov file)...
(DEBUG)   Filter AlwaysMatchFilter() matched.
(DEBUG) --> File is included.
(DEBUG) Check if /home/felipe/zephyrproject/zephyr-course/twister-out/random.h##0db4f4c3e498120ccd7095ac4b41a58c.gcov is included (trace)...
(DEBUG)   No filter matched.
(DEBUG) --> File is excluded.
(DEBUG) Finding source file corresponding to a gcov data file
  gcov_fname   /home/felipe/zephyrproject/zephyr-course/twister-out/random.h##0db4f4c3e498120ccd7095ac4b41a58c.gcov
  current_dir  /home/felipe/zephyrproject/zephyr-course/twister-out
  root         /home/felipe/zephyrproject/zephyr-course/app/modules/ring_buf
  starting_dir /home/felipe/zephyrproject/zephyr-course
  obj_dir      /home/felipe/zephyrproject/zephyr-course/twister-out
  gcda_fname   native_sim_native/host_gnu/zephyr-course/tests/ring_buf/homework.unit.ring_buf/zephyr/subsys/random/CMakeFiles/subsys__random.dir/random_test_csprng.c.gcda
  --> fname    /home/felipe/zephyrproject/zephyr-course/twister-out/native_sim_native/host_gnu/zephyr-course/tests/ring_buf/homework.unit.ring_buf/zephyr/include/generated/zephyr/syscalls/random.h
(DEBUG) Check if /home/felipe/zephyrproject/zephyr-course/twister-out/native_sim_native/host_gnu/zephyr-course/tests/ring_buf/homework.unit.ring_buf/zephyr/include/generated/zephyr/syscalls/random.h is included (source file)...
(DEBUG)   No filter matched.
(DEBUG) --> File is excluded.
(DEBUG) Check if /home/felipe/zephyrproject/zephyr-course/twister-out/random_test_csprng.c##3cadda43e3ad5710f5cfec99b4423f0a.gcov is included (trace)...
(DEBUG)   No filter matched.
(DEBUG) --> File is excluded.
(DEBUG) Finding source file corresponding to a gcov data file
  gcov_fname   /home/felipe/zephyrproject/zephyr-course/twister-out/random_test_csprng.c##3cadda43e3ad5710f5cfec99b4423f0a.gcov
  current_dir  /home/felipe/zephyrproject/zephyr-course/twister-out
  root         /home/felipe/zephyrproject/zephyr-course/app/modules/ring_buf
  starting_dir /home/felipe/zephyrproject/zephyr-course
  obj_dir      /home/felipe/zephyrproject/zephyr-course/twister-out
  gcda_fname   native_sim_native/host_gnu/zephyr-course/tests/ring_buf/homework.unit.ring_buf/zephyr/subsys/random/CMakeFiles/subsys__random.dir/random_test_csprng.c.gcda
  --> fname    /home/felipe/zephyrproject/zephyr/subsys/random/random_test_csprng.c
(DEBUG) Check if /home/felipe/zephyrproject/zephyr/subsys/random/random_test_csprng.c is included (source file)...
(DEBUG)   No filter matched.
(DEBUG) --> File is excluded.
(DEBUG) Check if /home/felipe/zephyrproject/zephyr-course/twister-out/native_sim_native/host_gnu/zephyr-course/tests/ring_buf/homework.unit.ring_buf/zephyr/subsys/random/CMakeFiles/subsys__random.dir/random_timer.c.gcda is included (trace)...
(DEBUG)   No filter matched.
(DEBUG) --> File is excluded.
(DEBUG) Check if /home/felipe/zephyrproject/zephyr-course/twister-out/native_sim_native/host_gnu/zephyr-course/tests/ring_buf/homework.unit.ring_buf/zephyr/subsys/random/CMakeFiles/subsys__random.dir/random_timer.c.gcda is included (trace)...
(DEBUG) --> File is excluded.
(DEBUG) Check if random_timer.c##4e966d3d753fc37971d2cb6b40d44979.gcov is included (gcov file)...
(DEBUG)   Filter AlwaysMatchFilter() matched.
(DEBUG) --> File is included.
(DEBUG) Check if kernel.h##8118239d1ec13e308e040c6439814b34.gcov is included (gcov file)...
(DEBUG) --> File is included.
(DEBUG) Check if spinlock.h##d07917f143d2ca5ff94f2d220e528568.gcov is included (gcov file)...
(DEBUG) --> File is included.
(DEBUG) Check if arch.h##f17e3501b457fcbd947bf4189b99bd89.gcov is included (gcov file)...
(DEBUG) --> File is included.
(DEBUG) Check if /home/felipe/zephyrproject/zephyr-course/twister-out/arch.h##f17e3501b457fcbd947bf4189b99bd89.gcov is included (trace)...
(DEBUG) --> File is excluded.
(DEBUG) Finding source file corresponding to a gcov data file
  gcov_fname   /home/felipe/zephyrproject/zephyr-course/twister-out/arch.h##f17e3501b457fcbd947bf4189b99bd89.gcov
  current_dir  /home/felipe/zephyrproject/zephyr-course/twister-out
  root         /home/felipe/zephyrproject/zephyr-course/app/modules/ring_buf
  starting_dir /home/felipe/zephyrproject/zephyr-course
  obj_dir      /home/felipe/zephyrproject/zephyr-course/twister-out
  gcda_fname   native_sim_native/host_gnu/zephyr-course/tests/ring_buf/homework.unit.ring_buf/zephyr/subsys/random/CMakeFiles/subsys__random.dir/random_timer.c.gcda
  --> fname    /home/felipe/zephyrproject/zephyr/include/zephyr/arch/posix/arch.h
(DEBUG) Check if /home/felipe/zephyrproject/zephyr/include/zephyr/arch/posix/arch.h is included (source file)...
(DEBUG) --> File is excluded.
(DEBUG) Check if /home/felipe/zephyrproject/zephyr-course/twister-out/spinlock.h##d07917f143d2ca5ff94f2d220e528568.gcov is included (trace)...
(DEBUG) --> File is excluded.
(DEBUG) Finding source file corresponding to a gcov data file
  gcov_fname   /home/felipe/zephyrproject/zephyr-course/twister-out/spinlock.h##d07917f143d2ca5ff94f2d220e528568.gcov
  current_dir  /home/felipe/zephyrproject/zephyr-course/twister-out
  root         /home/felipe/zephyrproject/zephyr-course/app/modules/ring_buf
  starting_dir /home/felipe/zephyrproject/zephyr-course
  obj_dir      /home/felipe/zephyrproject/zephyr-course/twister-out
  gcda_fname   native_sim_native/host_gnu/zephyr-course/tests/ring_buf/homework.unit.ring_buf/zephyr/subsys/random/CMakeFiles/subsys__random.dir/random_timer.c.gcda
  --> fname    /home/felipe/zephyrproject/zephyr/include/zephyr/spinlock.h
(DEBUG) Check if /home/felipe/zephyrproject/zephyr/include/zephyr/spinlock.h is included (source file)...
(DEBUG) --> File is excluded.
(DEBUG) Check if /home/felipe/zephyrproject/zephyr-course/twister-out/random_timer.c##4e966d3d753fc37971d2cb6b40d44979.gcov is included (trace)...
(DEBUG)   No filter matched.
(DEBUG) --> File is excluded.
(DEBUG) Finding source file corresponding to a gcov data file
  gcov_fname   /home/felipe/zephyrproject/zephyr-course/twister-out/random_timer.c##4e966d3d753fc37971d2cb6b40d44979.gcov
  current_dir  /home/felipe/zephyrproject/zephyr-course/twister-out
  root         /home/felipe/zephyrproject/zephyr-course/app/modules/ring_buf
  starting_dir /home/felipe/zephyrproject/zephyr-course
  obj_dir      /home/felipe/zephyrproject/zephyr-course/twister-out
  gcda_fname   native_sim_native/host_gnu/zephyr-course/tests/ring_buf/homework.unit.ring_buf/zephyr/subsys/random/CMakeFiles/subsys__random.dir/random_timer.c.gcda
  --> fname    /home/felipe/zephyrproject/zephyr/subsys/random/random_timer.c
(DEBUG) Check if /home/felipe/zephyrproject/zephyr/subsys/random/random_timer.c is included (source file)...
(DEBUG)   No filter matched.
(DEBUG) --> File is excluded.
(DEBUG) Check if /home/felipe/zephyrproject/zephyr-course/twister-out/kernel.h##8118239d1ec13e308e040c6439814b34.gcov is included (trace)...
(DEBUG) --> File is excluded.
(DEBUG) Finding source file corresponding to a gcov data file
  gcov_fname   /home/felipe/zephyrproject/zephyr-course/twister-out/kernel.h##8118239d1ec13e308e040c6439814b34.gcov
  current_dir  /home/felipe/zephyrproject/zephyr-course/twister-out
  root         /home/felipe/zephyrproject/zephyr-course/app/modules/ring_buf
  starting_dir /home/felipe/zephyrproject/zephyr-course
  obj_dir      /home/felipe/zephyrproject/zephyr-course/twister-out
  gcda_fname   native_sim_native/host_gnu/zephyr-course/tests/ring_buf/homework.unit.ring_buf/zephyr/subsys/random/CMakeFiles/subsys__random.dir/random_timer.c.gcda
  --> fname    /home/felipe/zephyrproject/zephyr/include/zephyr/kernel.h
(DEBUG) Check if /home/felipe/zephyrproject/zephyr/include/zephyr/kernel.h is included (source file)...
(DEBUG) --> File is excluded.
(DEBUG) Check if /home/felipe/zephyrproject/zephyr-course/twister-out/native_sim_native/host_gnu/zephyr-course/tests/ring_buf/homework.unit.ring_buf/zephyr/subsys/testsuite/ztest/CMakeFiles/subsys__testsuite__ztest.dir/src/ztest.c.gcda is included (trace)...
(DEBUG)   No filter matched.
(DEBUG) --> File is excluded.
(DEBUG) Check if /home/felipe/zephyrproject/zephyr-course/twister-out/native_sim_native/host_gnu/zephyr-course/tests/ring_buf/homework.unit.ring_buf/zephyr/subsys/testsuite/ztest/CMakeFiles/subsys__testsuite__ztest.dir/src/ztest.c.gcda is included (trace)...
(DEBUG) --> File is excluded.
(DEBUG) Check if ztest.c##69f2cd7143f899e09e95a7da74eafff7.gcov is included (gcov file)...
(DEBUG)   Filter AlwaysMatchFilter() matched.
(DEBUG) --> File is included.
(DEBUG) Check if random.h##0db4f4c3e498120ccd7095ac4b41a58c.gcov is included (gcov file)...
(DEBUG) --> File is included.
(DEBUG) Check if random.h##2c89de8a4b886446bab6a0ed6bd25e42.gcov is included (gcov file)...
(DEBUG)   Filter AlwaysMatchFilter() matched.
(DEBUG) --> File is included.
(DEBUG) Check if ztest_test.h##8418501fa194020624bd605b79e78238.gcov is included (gcov file)...
(DEBUG)   Filter AlwaysMatchFilter() matched.
(DEBUG) --> File is included.
(DEBUG) Check if log_ctrl.h##bc7291ddb353fe8c15fcc40af1692eaa.gcov is included (gcov file)...
(DEBUG) --> File is included.
(DEBUG) Check if log_ctrl.h##5e51680a7cfcbf740e39a2e8ba57d29f.gcov is included (gcov file)...
(DEBUG)   Filter AlwaysMatchFilter() matched.
(DEBUG) --> File is included.
(DEBUG) Check if tc_util.h##d10dab08b2f8b1825732fed91604eb8a.gcov is included (gcov file)...
(DEBUG)   Filter AlwaysMatchFilter() matched.
(DEBUG) --> File is included.
(DEBUG) Check if kernel.h##02fe483cd34741e407932cea525697b1.gcov is included (gcov file)...
(DEBUG) --> File is included.
(DEBUG) Check if kernel.h##8118239d1ec13e308e040c6439814b34.gcov is included (gcov file)...
(DEBUG) --> File is included.
(DEBUG) Check if kobject.h##a843a6c068a2f48429a276fe57e7db67.gcov is included (gcov file)...
(DEBUG)   Filter AlwaysMatchFilter() matched.
(DEBUG) --> File is included.
(DEBUG) Check if kobject.h##d3740c0d5558c78c1db4aba294fbcb9b.gcov is included (gcov file)...
(DEBUG)   Filter AlwaysMatchFilter() matched.
(DEBUG) --> File is included.
(DEBUG) Check if arch.h##f17e3501b457fcbd947bf4189b99bd89.gcov is included (gcov file)...
(DEBUG) --> File is included.
(DEBUG) Check if syscall.h##8128d8185b27548b9f11ce6707adf377.gcov is included (gcov file)...
(DEBUG) --> File is included.
(DEBUG) Check if /home/felipe/zephyrproject/zephyr-course/twister-out/kobject.h##a843a6c068a2f48429a276fe57e7db67.gcov is included (trace)...
(DEBUG)   No filter matched.
(DEBUG) --> File is excluded.
(DEBUG) Finding source file corresponding to a gcov data file
  gcov_fname   /home/felipe/zephyrproject/zephyr-course/twister-out/kobject.h##a843a6c068a2f48429a276fe57e7db67.gcov
  current_dir  /home/felipe/zephyrproject/zephyr-course/twister-out
  root         /home/felipe/zephyrproject/zephyr-course/app/modules/ring_buf
  starting_dir /home/felipe/zephyrproject/zephyr-course
  obj_dir      /home/felipe/zephyrproject/zephyr-course/twister-out
  gcda_fname   native_sim_native/host_gnu/zephyr-course/tests/ring_buf/homework.unit.ring_buf/zephyr/subsys/testsuite/ztest/CMakeFiles/subsys__testsuite__ztest.dir/src/ztest.c.gcda
  --> fname    /home/felipe/zephyrproject/zephyr-course/twister-out/native_sim_native/host_gnu/zephyr-course/tests/ring_buf/homework.unit.ring_buf/zephyr/include/generated/zephyr/syscalls/kobject.h
(DEBUG) Check if /home/felipe/zephyrproject/zephyr-course/twister-out/native_sim_native/host_gnu/zephyr-course/tests/ring_buf/homework.unit.ring_buf/zephyr/include/generated/zephyr/syscalls/kobject.h is included (source file)...
(DEBUG)   No filter matched.
(DEBUG) --> File is excluded.
(DEBUG) Check if /home/felipe/zephyrproject/zephyr-course/twister-out/ztest_test.h##8418501fa194020624bd605b79e78238.gcov is included (trace)...
(DEBUG)   No filter matched.
(DEBUG) --> File is excluded.
(DEBUG) Finding source file corresponding to a gcov data file
  gcov_fname   /home/felipe/zephyrproject/zephyr-course/twister-out/ztest_test.h##8418501fa194020624bd605b79e78238.gcov
  current_dir  /home/felipe/zephyrproject/zephyr-course/twister-out
  root         /home/felipe/zephyrproject/zephyr-course/app/modules/ring_buf
  starting_dir /home/felipe/zephyrproject/zephyr-course
  obj_dir      /home/felipe/zephyrproject/zephyr-course/twister-out
  gcda_fname   native_sim_native/host_gnu/zephyr-course/tests/ring_buf/homework.unit.ring_buf/zephyr/subsys/testsuite/ztest/CMakeFiles/subsys__testsuite__ztest.dir/src/ztest.c.gcda
  --> fname    /home/felipe/zephyrproject/zephyr-course/twister-out/native_sim_native/host_gnu/zephyr-course/tests/ring_buf/homework.unit.ring_buf/zephyr/include/generated/zephyr/syscalls/ztest_test.h
(DEBUG) Check if /home/felipe/zephyrproject/zephyr-course/twister-out/native_sim_native/host_gnu/zephyr-course/tests/ring_buf/homework.unit.ring_buf/zephyr/include/generated/zephyr/syscalls/ztest_test.h is included (source file)...
(DEBUG)   No filter matched.
(DEBUG) --> File is excluded.
(DEBUG) Check if /home/felipe/zephyrproject/zephyr-course/twister-out/kernel.h##02fe483cd34741e407932cea525697b1.gcov is included (trace)...
(DEBUG) --> File is excluded.
(DEBUG) Finding source file corresponding to a gcov data file
  gcov_fname   /home/felipe/zephyrproject/zephyr-course/twister-out/kernel.h##02fe483cd34741e407932cea525697b1.gcov
  current_dir  /home/felipe/zephyrproject/zephyr-course/twister-out
  root         /home/felipe/zephyrproject/zephyr-course/app/modules/ring_buf
  starting_dir /home/felipe/zephyrproject/zephyr-course
  obj_dir      /home/felipe/zephyrproject/zephyr-course/twister-out
  gcda_fname   native_sim_native/host_gnu/zephyr-course/tests/ring_buf/homework.unit.ring_buf/zephyr/subsys/testsuite/ztest/CMakeFiles/subsys__testsuite__ztest.dir/src/ztest.c.gcda
  --> fname    /home/felipe/zephyrproject/zephyr-course/twister-out/native_sim_native/host_gnu/zephyr-course/tests/ring_buf/homework.unit.ring_buf/zephyr/include/generated/zephyr/syscalls/kernel.h
(DEBUG) Check if /home/felipe/zephyrproject/zephyr-course/twister-out/native_sim_native/host_gnu/zephyr-course/tests/ring_buf/homework.unit.ring_buf/zephyr/include/generated/zephyr/syscalls/kernel.h is included (source file)...
(DEBUG) --> File is excluded.
(DEBUG) Check if /home/felipe/zephyrproject/zephyr-course/twister-out/tc_util.h##d10dab08b2f8b1825732fed91604eb8a.gcov is included (trace)...
(DEBUG)   No filter matched.
(DEBUG) --> File is excluded.
(DEBUG) Finding source file corresponding to a gcov data file
  gcov_fname   /home/felipe/zephyrproject/zephyr-course/twister-out/tc_util.h##d10dab08b2f8b1825732fed91604eb8a.gcov
  current_dir  /home/felipe/zephyrproject/zephyr-course/twister-out
  root         /home/felipe/zephyrproject/zephyr-course/app/modules/ring_buf
  starting_dir /home/felipe/zephyrproject/zephyr-course
  obj_dir      /home/felipe/zephyrproject/zephyr-course/twister-out
  gcda_fname   native_sim_native/host_gnu/zephyr-course/tests/ring_buf/homework.unit.ring_buf/zephyr/subsys/testsuite/ztest/CMakeFiles/subsys__testsuite__ztest.dir/src/ztest.c.gcda
  --> fname    /home/felipe/zephyrproject/zephyr/subsys/testsuite/include/zephyr/tc_util.h
(DEBUG) Check if /home/felipe/zephyrproject/zephyr/subsys/testsuite/include/zephyr/tc_util.h is included (source file)...
(DEBUG)   No filter matched.
(DEBUG) --> File is excluded.
(DEBUG) Check if /home/felipe/zephyrproject/zephyr-course/twister-out/kernel.h##8118239d1ec13e308e040c6439814b34.gcov is included (trace)...
(DEBUG) --> File is excluded.
(DEBUG) Finding source file corresponding to a gcov data file
  gcov_fname   /home/felipe/zephyrproject/zephyr-course/twister-out/kernel.h##8118239d1ec13e308e040c6439814b34.gcov
  current_dir  /home/felipe/zephyrproject/zephyr-course/twister-out
  root         /home/felipe/zephyrproject/zephyr-course/app/modules/ring_buf
  starting_dir /home/felipe/zephyrproject/zephyr-course
  obj_dir      /home/felipe/zephyrproject/zephyr-course/twister-out
  gcda_fname   native_sim_native/host_gnu/zephyr-course/tests/ring_buf/homework.unit.ring_buf/zephyr/subsys/testsuite/ztest/CMakeFiles/subsys__testsuite__ztest.dir/src/ztest.c.gcda
  --> fname    /home/felipe/zephyrproject/zephyr/include/zephyr/kernel.h
(DEBUG) Check if /home/felipe/zephyrproject/zephyr/include/zephyr/kernel.h is included (source file)...
(DEBUG) --> File is excluded.
(DEBUG) Check if /home/felipe/zephyrproject/zephyr-course/twister-out/log_ctrl.h##bc7291ddb353fe8c15fcc40af1692eaa.gcov is included (trace)...
(DEBUG) --> File is excluded.
(DEBUG) Finding source file corresponding to a gcov data file
  gcov_fname   /home/felipe/zephyrproject/zephyr-course/twister-out/log_ctrl.h##bc7291ddb353fe8c15fcc40af1692eaa.gcov
  current_dir  /home/felipe/zephyrproject/zephyr-course/twister-out
  root         /home/felipe/zephyrproject/zephyr-course/app/modules/ring_buf
  starting_dir /home/felipe/zephyrproject/zephyr-course
  obj_dir      /home/felipe/zephyrproject/zephyr-course/twister-out
  gcda_fname   native_sim_native/host_gnu/zephyr-course/tests/ring_buf/homework.unit.ring_buf/zephyr/subsys/testsuite/ztest/CMakeFiles/subsys__testsuite__ztest.dir/src/ztest.c.gcda
  --> fname    /home/felipe/zephyrproject/zephyr-course/twister-out/native_sim_native/host_gnu/zephyr-course/tests/ring_buf/homework.unit.ring_buf/zephyr/include/generated/zephyr/syscalls/log_ctrl.h
(DEBUG) Check if /home/felipe/zephyrproject/zephyr-course/twister-out/native_sim_native/host_gnu/zephyr-course/tests/ring_buf/homework.unit.ring_buf/zephyr/include/generated/zephyr/syscalls/log_ctrl.h is included (source file)...
(DEBUG) --> File is excluded.
(DEBUG) Check if /home/felipe/zephyrproject/zephyr-course/twister-out/log_ctrl.h##5e51680a7cfcbf740e39a2e8ba57d29f.gcov is included (trace)...
(DEBUG)   No filter matched.
(DEBUG) --> File is excluded.
(DEBUG) Finding source file corresponding to a gcov data file
  gcov_fname   /home/felipe/zephyrproject/zephyr-course/twister-out/log_ctrl.h##5e51680a7cfcbf740e39a2e8ba57d29f.gcov
  current_dir  /home/felipe/zephyrproject/zephyr-course/twister-out
  root         /home/felipe/zephyrproject/zephyr-course/app/modules/ring_buf
  starting_dir /home/felipe/zephyrproject/zephyr-course
  obj_dir      /home/felipe/zephyrproject/zephyr-course/twister-out
  gcda_fname   native_sim_native/host_gnu/zephyr-course/tests/ring_buf/homework.unit.ring_buf/zephyr/subsys/testsuite/ztest/CMakeFiles/subsys__testsuite__ztest.dir/src/ztest.c.gcda
  --> fname    /home/felipe/zephyrproject/zephyr/include/zephyr/logging/log_ctrl.h
(DEBUG) Check if /home/felipe/zephyrproject/zephyr/include/zephyr/logging/log_ctrl.h is included (source file)...
(DEBUG)   No filter matched.
(DEBUG) --> File is excluded.
(DEBUG) Check if /home/felipe/zephyrproject/zephyr-course/twister-out/kobject.h##d3740c0d5558c78c1db4aba294fbcb9b.gcov is included (trace)...
(DEBUG)   No filter matched.
(DEBUG) --> File is excluded.
(DEBUG) Finding source file corresponding to a gcov data file
  gcov_fname   /home/felipe/zephyrproject/zephyr-course/twister-out/kobject.h##d3740c0d5558c78c1db4aba294fbcb9b.gcov
  current_dir  /home/felipe/zephyrproject/zephyr-course/twister-out
  root         /home/felipe/zephyrproject/zephyr-course/app/modules/ring_buf
  starting_dir /home/felipe/zephyrproject/zephyr-course
  obj_dir      /home/felipe/zephyrproject/zephyr-course/twister-out
  gcda_fname   native_sim_native/host_gnu/zephyr-course/tests/ring_buf/homework.unit.ring_buf/zephyr/subsys/testsuite/ztest/CMakeFiles/subsys__testsuite__ztest.dir/src/ztest.c.gcda
  --> fname    /home/felipe/zephyrproject/zephyr/include/zephyr/sys/kobject.h
(DEBUG) Check if /home/felipe/zephyrproject/zephyr/include/zephyr/sys/kobject.h is included (source file)...
(DEBUG)   No filter matched.
(DEBUG) --> File is excluded.
(DEBUG) Check if /home/felipe/zephyrproject/zephyr-course/twister-out/syscall.h##8128d8185b27548b9f11ce6707adf377.gcov is included (trace)...
(DEBUG) --> File is excluded.
(DEBUG) Finding source file corresponding to a gcov data file
  gcov_fname   /home/felipe/zephyrproject/zephyr-course/twister-out/syscall.h##8128d8185b27548b9f11ce6707adf377.gcov
  current_dir  /home/felipe/zephyrproject/zephyr-course/twister-out
  root         /home/felipe/zephyrproject/zephyr-course/app/modules/ring_buf
  starting_dir /home/felipe/zephyrproject/zephyr-course
  obj_dir      /home/felipe/zephyrproject/zephyr-course/twister-out
  gcda_fname   native_sim_native/host_gnu/zephyr-course/tests/ring_buf/homework.unit.ring_buf/zephyr/subsys/testsuite/ztest/CMakeFiles/subsys__testsuite__ztest.dir/src/ztest.c.gcda
  --> fname    /home/felipe/zephyrproject/zephyr/include/zephyr/syscall.h
(DEBUG) Check if /home/felipe/zephyrproject/zephyr/include/zephyr/syscall.h is included (source file)...
(DEBUG) --> File is excluded.
(DEBUG) Check if /home/felipe/zephyrproject/zephyr-course/twister-out/arch.h##f17e3501b457fcbd947bf4189b99bd89.gcov is included (trace)...
(DEBUG) --> File is excluded.
(DEBUG) Finding source file corresponding to a gcov data file
  gcov_fname   /home/felipe/zephyrproject/zephyr-course/twister-out/arch.h##f17e3501b457fcbd947bf4189b99bd89.gcov
  current_dir  /home/felipe/zephyrproject/zephyr-course/twister-out
  root         /home/felipe/zephyrproject/zephyr-course/app/modules/ring_buf
  starting_dir /home/felipe/zephyrproject/zephyr-course
  obj_dir      /home/felipe/zephyrproject/zephyr-course/twister-out
  gcda_fname   native_sim_native/host_gnu/zephyr-course/tests/ring_buf/homework.unit.ring_buf/zephyr/subsys/testsuite/ztest/CMakeFiles/subsys__testsuite__ztest.dir/src/ztest.c.gcda
  --> fname    /home/felipe/zephyrproject/zephyr/include/zephyr/arch/posix/arch.h
(DEBUG) Check if /home/felipe/zephyrproject/zephyr/include/zephyr/arch/posix/arch.h is included (source file)...
(DEBUG) --> File is excluded.
(DEBUG) Check if /home/felipe/zephyrproject/zephyr-course/twister-out/random.h##2c89de8a4b886446bab6a0ed6bd25e42.gcov is included (trace)...
(DEBUG)   No filter matched.
(DEBUG) --> File is excluded.
(DEBUG) Finding source file corresponding to a gcov data file
  gcov_fname   /home/felipe/zephyrproject/zephyr-course/twister-out/random.h##2c89de8a4b886446bab6a0ed6bd25e42.gcov
  current_dir  /home/felipe/zephyrproject/zephyr-course/twister-out
  root         /home/felipe/zephyrproject/zephyr-course/app/modules/ring_buf
  starting_dir /home/felipe/zephyrproject/zephyr-course
  obj_dir      /home/felipe/zephyrproject/zephyr-course/twister-out
  gcda_fname   native_sim_native/host_gnu/zephyr-course/tests/ring_buf/homework.unit.ring_buf/zephyr/subsys/testsuite/ztest/CMakeFiles/subsys__testsuite__ztest.dir/src/ztest.c.gcda
  --> fname    /home/felipe/zephyrproject/zephyr/include/zephyr/random/random.h
(DEBUG) Check if /home/felipe/zephyrproject/zephyr/include/zephyr/random/random.h is included (source file)...
(DEBUG)   No filter matched.
(DEBUG) --> File is excluded.
(DEBUG) Check if /home/felipe/zephyrproject/zephyr-course/twister-out/ztest.c##69f2cd7143f899e09e95a7da74eafff7.gcov is included (trace)...
(DEBUG)   No filter matched.
(DEBUG) --> File is excluded.
(DEBUG) Finding source file corresponding to a gcov data file
  gcov_fname   /home/felipe/zephyrproject/zephyr-course/twister-out/ztest.c##69f2cd7143f899e09e95a7da74eafff7.gcov
  current_dir  /home/felipe/zephyrproject/zephyr-course/twister-out
  root         /home/felipe/zephyrproject/zephyr-course/app/modules/ring_buf
  starting_dir /home/felipe/zephyrproject/zephyr-course
  obj_dir      /home/felipe/zephyrproject/zephyr-course/twister-out
  gcda_fname   native_sim_native/host_gnu/zephyr-course/tests/ring_buf/homework.unit.ring_buf/zephyr/subsys/testsuite/ztest/CMakeFiles/subsys__testsuite__ztest.dir/src/ztest.c.gcda
  --> fname    /home/felipe/zephyrproject/zephyr/subsys/testsuite/ztest/src/ztest.c
(DEBUG) Check if /home/felipe/zephyrproject/zephyr/subsys/testsuite/ztest/src/ztest.c is included (source file)...
(DEBUG)   No filter matched.
(DEBUG) --> File is excluded.
(DEBUG) Check if /home/felipe/zephyrproject/zephyr-course/twister-out/random.h##0db4f4c3e498120ccd7095ac4b41a58c.gcov is included (trace)...
(DEBUG) --> File is excluded.
(DEBUG) Finding source file corresponding to a gcov data file
  gcov_fname   /home/felipe/zephyrproject/zephyr-course/twister-out/random.h##0db4f4c3e498120ccd7095ac4b41a58c.gcov
  current_dir  /home/felipe/zephyrproject/zephyr-course/twister-out
  root         /home/felipe/zephyrproject/zephyr-course/app/modules/ring_buf
  starting_dir /home/felipe/zephyrproject/zephyr-course
  obj_dir      /home/felipe/zephyrproject/zephyr-course/twister-out
  gcda_fname   native_sim_native/host_gnu/zephyr-course/tests/ring_buf/homework.unit.ring_buf/zephyr/subsys/testsuite/ztest/CMakeFiles/subsys__testsuite__ztest.dir/src/ztest.c.gcda
  --> fname    /home/felipe/zephyrproject/zephyr-course/twister-out/native_sim_native/host_gnu/zephyr-course/tests/ring_buf/homework.unit.ring_buf/zephyr/include/generated/zephyr/syscalls/random.h
(DEBUG) Check if /home/felipe/zephyrproject/zephyr-course/twister-out/native_sim_native/host_gnu/zephyr-course/tests/ring_buf/homework.unit.ring_buf/zephyr/include/generated/zephyr/syscalls/random.h is included (source file)...
(DEBUG) --> File is excluded.
(DEBUG) Check if /home/felipe/zephyrproject/zephyr-course/twister-out/native_sim_native/host_gnu/zephyr-course/tests/ring_buf/homework.unit.ring_buf/zephyr/subsys/testsuite/ztest/CMakeFiles/subsys__testsuite__ztest.dir/src/ztest_error_hook.c.gcno is included (trace)...
(DEBUG)   No filter matched.
(DEBUG) --> File is excluded.
(DEBUG) Check if /home/felipe/zephyrproject/zephyr-course/twister-out/native_sim_native/host_gnu/zephyr-course/tests/ring_buf/homework.unit.ring_buf/zephyr/subsys/testsuite/ztest/CMakeFiles/subsys__testsuite__ztest.dir/src/ztest_error_hook.c.gcno is included (trace)...
(DEBUG) --> File is excluded.
(DEBUG) Check if /home/felipe/zephyrproject/zephyr-course/twister-out/native_sim_native/host_gnu/zephyr-course/tests/ring_buf/homework.unit.ring_buf/zephyr/subsys/testsuite/ztest/CMakeFiles/subsys__testsuite__ztest.dir/src/ztest_posix.c.gcda is included (trace)...
(DEBUG)   No filter matched.
(DEBUG) --> File is excluded.
(DEBUG) Check if /home/felipe/zephyrproject/zephyr-course/twister-out/native_sim_native/host_gnu/zephyr-course/tests/ring_buf/homework.unit.ring_buf/zephyr/subsys/testsuite/ztest/CMakeFiles/subsys__testsuite__ztest.dir/src/ztest_posix.c.gcda is included (trace)...
(DEBUG) --> File is excluded.
(DEBUG) Check if ztest_posix.c##f362be0611230c32d1006aff1b6a212b.gcov is included (gcov file)...
(DEBUG)   Filter AlwaysMatchFilter() matched.
(DEBUG) --> File is included.
(DEBUG) Check if ztest_test.h##8418501fa194020624bd605b79e78238.gcov is included (gcov file)...
(DEBUG) --> File is included.
(DEBUG) Check if /home/felipe/zephyrproject/zephyr-course/twister-out/ztest_test.h##8418501fa194020624bd605b79e78238.gcov is included (trace)...
(DEBUG) --> File is excluded.
(DEBUG) Finding source file corresponding to a gcov data file
  gcov_fname   /home/felipe/zephyrproject/zephyr-course/twister-out/ztest_test.h##8418501fa194020624bd605b79e78238.gcov
  current_dir  /home/felipe/zephyrproject/zephyr-course/twister-out
  root         /home/felipe/zephyrproject/zephyr-course/app/modules/ring_buf
  starting_dir /home/felipe/zephyrproject/zephyr-course
  obj_dir      /home/felipe/zephyrproject/zephyr-course/twister-out
  gcda_fname   native_sim_native/host_gnu/zephyr-course/tests/ring_buf/homework.unit.ring_buf/zephyr/subsys/testsuite/ztest/CMakeFiles/subsys__testsuite__ztest.dir/src/ztest_posix.c.gcda
  --> fname    /home/felipe/zephyrproject/zephyr-course/twister-out/native_sim_native/host_gnu/zephyr-course/tests/ring_buf/homework.unit.ring_buf/zephyr/include/generated/zephyr/syscalls/ztest_test.h
(DEBUG) Check if /home/felipe/zephyrproject/zephyr-course/twister-out/native_sim_native/host_gnu/zephyr-course/tests/ring_buf/homework.unit.ring_buf/zephyr/include/generated/zephyr/syscalls/ztest_test.h is included (source file)...
(DEBUG) --> File is excluded.
(DEBUG) Check if /home/felipe/zephyrproject/zephyr-course/twister-out/ztest_posix.c##f362be0611230c32d1006aff1b6a212b.gcov is included (trace)...
(DEBUG)   No filter matched.
(DEBUG) --> File is excluded.
(DEBUG) Finding source file corresponding to a gcov data file
  gcov_fname   /home/felipe/zephyrproject/zephyr-course/twister-out/ztest_posix.c##f362be0611230c32d1006aff1b6a212b.gcov
  current_dir  /home/felipe/zephyrproject/zephyr-course/twister-out
  root         /home/felipe/zephyrproject/zephyr-course/app/modules/ring_buf
  starting_dir /home/felipe/zephyrproject/zephyr-course
  obj_dir      /home/felipe/zephyrproject/zephyr-course/twister-out
  gcda_fname   native_sim_native/host_gnu/zephyr-course/tests/ring_buf/homework.unit.ring_buf/zephyr/subsys/testsuite/ztest/CMakeFiles/subsys__testsuite__ztest.dir/src/ztest_posix.c.gcda
  --> fname    /home/felipe/zephyrproject/zephyr/subsys/testsuite/ztest/src/ztest_posix.c
(DEBUG) Check if /home/felipe/zephyrproject/zephyr/subsys/testsuite/ztest/src/ztest_posix.c is included (source file)...
(DEBUG)   No filter matched.
(DEBUG) --> File is excluded.
(DEBUG) Check if /home/felipe/zephyrproject/zephyr-course/twister-out/native_sim_native/host_gnu/zephyr-course/tests/ring_buf/homework.unit.ring_buf/zephyr/subsys/testsuite/ztest/CMakeFiles/subsys__testsuite__ztest.dir/src/ztest_rules.c.gcno is included (trace)...
(DEBUG)   No filter matched.
(DEBUG) --> File is excluded.
(DEBUG) Check if /home/felipe/zephyrproject/zephyr-course/twister-out/native_sim_native/host_gnu/zephyr-course/tests/ring_buf/homework.unit.ring_buf/zephyr/subsys/testsuite/ztest/CMakeFiles/subsys__testsuite__ztest.dir/src/ztest_rules.c.gcno is included (trace)...
(DEBUG) --> File is excluded.
(WARNING) All coverage data is filtered out. Please check your paths and filters.
(INFO) Writing coverage report...
Running: gcovr -r /home/felipe/zephyrproject/zephyr-course/app/modules/ring_buf -v --merge-mode-functions=separate --html /home/felipe/zephyrproject/zephyr-course/twister-out/coverage/index.html --html-details --add-tracefile /home/felipe/zephyrproject/zephyr-course/twister-out/coverage.json --add-tracefile /home/felipe/zephyrproject/zephyr-course/twister-out/ztest.json --json-summary-pretty --json-summary /home/felipe/zephyrproject/zephyr-course/twister-out/coverage_summary.json
(DEBUG) gcovr version 8.6
(DEBUG) File system is case sensitive.
(DEBUG) Filters for --filter: (1)
(DEBUG)  - DirectoryPrefixFilter(/home/felipe/zephyrproject/zephyr\-course/app/modules/ring_buf/)
(DEBUG) Filters for --exclude: (0)
(DEBUG) Filters for --include: (0)
(DEBUG) Filters for --gcov-filter: (1)
(DEBUG)  - AlwaysMatchFilter()
(DEBUG) Filters for --gcov-exclude: (0)
(DEBUG) Filters for --exclude-directory: (0)
(DEBUG) Filters for --trace-include: (0)
(DEBUG) Filters for --trace-exclude: (0)
(DEBUG) Patterns for --exclude-function: (0)
(DEBUG) Patterns for --exclude-lines-by-pattern: (0)
(DEBUG) Patterns for --exclude-branches-by-pattern: (0)
(INFO) Reading coverage data...
(DEBUG) Check if /home/felipe/zephyrproject/zephyr-course/twister-out/ztest.json is included (trace)...
(DEBUG)   No filter matched.
(DEBUG) --> File is excluded.
(DEBUG) Check if /home/felipe/zephyrproject/zephyr-course/twister-out/coverage.json is included (trace)...
(DEBUG)   No filter matched.
(DEBUG) --> File is excluded.
(DEBUG) Check if /home/felipe/zephyrproject/zephyr-course/app/modules/ring_buf/src/ring_buf.c is included (source file)...
(DEBUG)   Filter DirectoryPrefixFilter(/home/felipe/zephyrproject/zephyr\-course/app/modules/ring_buf/) matched for path /home/felipe/zephyrproject/zephyr-course/app/modules/ring_buf/src/ring_buf.c.
(DEBUG) --> File is included.
(INFO) Writing coverage report...
(DEBUG) Common prefix path is '/home/felipe/zephyrproject/zephyr-course/app/modules/ring_buf/src'.
(DEBUG) Common relative prefix path is 'app/modules/ring_buf/src/'.
(DEBUG) Common prefix path is '/home/felipe/zephyrproject/zephyr-course/app/modules/ring_buf/src'.
(DEBUG) Common relative prefix path is 'app/modules/ring_buf/src/'.
